Time,CORE_ZN ZN PSZ-AC-1:DesPer 1:Des Heat Mass Flow [kg/s],CORE_ZN ZN PSZ-AC-1:DesPer 1:Des Heat Cap [W],CORE_ZN ZN PSZ-AC-1:DesPer 1:Des Cool Mass Flow [kg/s],CORE_ZN ZN PSZ-AC-1:DesPer 1:Des Sens Cool Cap [W],CORE_ZN ZN PSZ-AC-1:DesPer 1:Des Tot Cool Cap [W],CORE_ZN ZN PSZ-AC-1:DesPer 2:Des Heat Mass Flow [kg/s],CORE_ZN ZN PSZ-AC-1:DesPer 2:Des Heat Cap [W],CORE_ZN ZN PSZ-AC-1:DesPer 2:Des Cool Mass Flow [kg/s],CORE_ZN ZN PSZ-AC-1:DesPer 2:Des Sens Cool Cap [W],CORE_ZN ZN PSZ-AC-1:DesPer 2:Des Tot Cool Cap [W],PERIMETER_ZN_1 ZN PSZ-AC-2:DesPer 1:Des Heat Mass Flow [kg/s],PERIMETER_ZN_1 ZN PSZ-AC-2:DesPer 1:Des Heat Cap [W],PERIMETER_ZN_1 ZN PSZ-AC-2:DesPer 1:Des Cool Mass Flow [kg/s],PERIMETER_ZN_1 ZN PSZ-AC-2:DesPer 1:Des Sens Cool Cap [W],PERIMETER_ZN_1 ZN PSZ-AC-2:DesPer 1:Des Tot Cool Cap [W],PERIMETER_ZN_1 ZN PSZ-AC-2:DesPer 2:Des Heat Mass Flow [kg/s],PERIMETER_ZN_1 ZN PSZ-AC-2:DesPer 2:Des Heat Cap [W],PERIMETER_ZN_1 ZN PSZ-AC-2:DesPer 2:Des Cool Mass Flow [kg/s],PERIMETER_ZN_1 ZN PSZ-AC-2:DesPer 2:Des Sens Cool Cap [W],PERIMETER_ZN_1 ZN PSZ-AC-2:DesPer 2:Des Tot Cool Cap [W],PERIMETER_ZN_2 ZN PSZ-AC-3:DesPer 1:Des Heat Mass Flow [kg/s],PERIMETER_ZN_2 ZN PSZ-AC-3:DesPer 1:Des Heat Cap [W],PERIMETER_ZN_2 ZN PSZ-AC-3:DesPer 1:Des Cool Mass Flow [kg/s],PERIMETER_ZN_2 ZN PSZ-AC-3:DesPer 1:Des Sens Cool Cap [W],PERIMETER_ZN_2 ZN PSZ-AC-3:DesPer 1:Des Tot Cool Cap [W],PERIMETER_ZN_2 ZN PSZ-AC-3:DesPer 2:Des Heat Mass Flow [kg/s],PERIMETER_ZN_2 ZN PSZ-AC-3:DesPer 2:Des Heat Cap [W],PERIMETER_ZN_2 ZN PSZ-AC-3:DesPer 2:Des Cool Mass Flow [kg/s],PERIMETER_ZN_2 ZN PSZ-AC-3:DesPer 2:Des Sens Cool Cap [W],PERIMETER_ZN_2 ZN PSZ-AC-3:DesPer 2:Des Tot Cool Cap [W],PERIMETER_ZN_3 ZN PSZ-AC-4:DesPer 1:Des Heat Mass Flow [kg/s],PERIMETER_ZN_3 ZN PSZ-AC-4:DesPer 1:Des Heat Cap [W],PERIMETER_ZN_3 ZN PSZ-AC-4:DesPer 1:Des Cool Mass Flow [kg/s],PERIMETER_ZN_3 ZN PSZ-AC-4:DesPer 1:Des Sens Cool Cap [W],PERIMETER_ZN_3 ZN PSZ-AC-4:DesPer 1:Des Tot Cool Cap [W],PERIMETER_ZN_3 ZN PSZ-AC-4:DesPer 2:Des Heat Mass Flow [kg/s],PERIMETER_ZN_3 ZN PSZ-AC-4:DesPer 2:Des Heat Cap [W],PERIMETER_ZN_3 ZN PSZ-AC-4:DesPer 2:Des Cool Mass Flow [kg/s],PERIMETER_ZN_3 ZN PSZ-AC-4:DesPer 2:Des Sens Cool Cap [W],PERIMETER_ZN_3 ZN PSZ-AC-4:DesPer 2:Des Tot Cool Cap [W],PERIMETER_ZN_4 ZN PSZ-AC-5:DesPer 1:Des Heat Mass Flow [kg/s],PERIMETER_ZN_4 ZN PSZ-AC-5:DesPer 1:Des Heat Cap [W],PERIMETER_ZN_4 ZN PSZ-AC-5:DesPer 1:Des Cool Mass Flow [kg/s],PERIMETER_ZN_4 ZN PSZ-AC-5:DesPer 1:Des Sens Cool Cap [W],PERIMETER_ZN_4 ZN PSZ-AC-5:DesPer 1:Des Tot Cool Cap [W],PERIMETER_ZN_4 ZN PSZ-AC-5:DesPer 2:Des Heat Mass Flow [kg/s],PERIMETER_ZN_4 ZN PSZ-AC-5:DesPer 2:Des Heat Cap [W],PERIMETER_ZN_4 ZN PSZ-AC-5:DesPer 2:Des Cool Mass Flow [kg/s],PERIMETER_ZN_4 ZN PSZ-AC-5:DesPer 2:Des Sens Cool Cap [W],PERIMETER_ZN_4 ZN PSZ-AC-5:DesPer 2:Des Tot Cool Cap [W]
00:10:00,6.805607E-02,2.043396E+03,3.257946E-01,3.379700E+03,3.476170E+03,6.805607E-02,5.306810E+03,6.805607E-02,0.000000E+00,0.000000E+00,5.159091E-02,1.549026E+03,2.287263E-01,2.358386E+03,2.334647E+03,1.540663E-01,6.997962E+03,5.159091E-02,0.000000E+00,0.000000E+00,3.060439E-02,9.189022E+02,1.393472E-01,1.439939E+03,1.421996E+03,9.409643E-02,4.229743E+03,3.060439E-02,0.000000E+00,0.000000E+00,5.159091E-02,1.549026E+03,2.127773E-01,2.180313E+03,2.143735E+03,1.542062E-01,7.002030E+03,5.159091E-02,0.000000E+00,0.000000E+00,3.060439E-02,9.189022E+02,1.572191E-01,1.639487E+03,1.629934E+03,9.478523E-02,4.249741E+03,3.060439E-02,0.000000E+00,0.000000E+00
00:20:00,6.805607E-02,2.054337E+03,3.252464E-01,3.362637E+03,3.458603E+03,6.805607E-02,5.306810E+03,6.805607E-02,0.000000E+00,0.000000E+00,5.159091E-02,1.557321E+03,2.269868E-01,2.330669E+03,2.305772E+03,1.540541E-01,6.997608E+03,5.159091E-02,0.000000E+00,0.000000E+00,3.060439E-02,9.238227E+02,1.382061E-01,1.422277E+03,1.403611E+03,9.408987E-02,4.229553E+03,3.060439E-02,0.000000E+00,0.000000E+00,5.159091E-02,1.557321E+03,2.111232E-01,2.153550E+03,2.115791E+03,1.541940E-01,7.001676E+03,5.159091E-02,0.000000E+00,0.000000E+00,3.060439E-02,9.238227E+02,1.555523E-01,1.615955E+03,1.605531E+03,9.477869E-02,4.249551E+03,3.060439E-02,0.000000E+00,0.000000E+00
00:30:00,6.805607E-02,2.065279E+03,3.247074E-01,3.345677E+03,3.441140E+03,6.805607E-02,5.306810E+03,6.805607E-02,0.000000E+00,0.000000E+00,5.159091E-02,1.565615E+03,2.252810E-01,2.303328E+03,2.277279E+03,1.540421E-01,6.997258E+03,5.159091E-02,0.000000E+00,0.000000E+00,3.060439E-02,9.287432E+02,1.370862E-01,1.404853E+03,1.385466E+03,9.408337E-02,4.229364E+03,3.060439E-02,0.000000E+00,0.000000E+00,5.159091E-02,1.565615E+03,2.095083E-01,2.127224E+03,2.088295E+03,1.541819E-01,7.001325E+03,5.159091E-02,0.000000E+00,0.000000E+00,3.060439E-02,9.287432E+02,1.539427E-01,1.593064E+03,1.581781E+03,9.477220E-02,4.249362E+03,3.060439E-02,0.000000E+00,0.000000E+00
00:40:00,6.805607E-02,2.076221E+03,3.241766E-01,3.328809E+03,3.423773E+03,6.805607E-02,5.306810E+03,6.805607E-02,0.000000E+00,0.000000E+00,5.159091E-02,1.573910E+03,2.236075E-01,2.276349E+03,2.249157E+03,1.540301E-01,6.996910E+03,5.159091E-02,0.000000E+00,0.000000E+00,3.060439E-02,9.336637E+02,1.359869E-01,1.387658E+03,1.367557E+03,9.407691E-02,4.229176E+03,3.060439E-02,0.000000E+00,0.000000E+00,5.159091E-02,1.573910E+03,2.079305E-01,2.101313E+03,2.061226E+03,1.541699E-01,7.000977E+03,5.159091E-02,0.000000E+00,0.000000E+00,3.060439E-02,9.336637E+02,1.523860E-01,1.570762E+03,1.558638E+03,9.476576E-02,4.249175E+03,3.060439E-02,0.000000E+00,0.000000E+00
00:50:00,6.805607E-02,2.087163E+03,3.236533E-01,3.312024E+03,3.406489E+03,6.805607E-02,5.306810E+03,6.805607E-02,0.000000E+00,0.000000E+00,5.159091E-02,1.582205E+03,2.219653E-01,2.249718E+03,2.221394E+03,1.540182E-01,6.996564E+03,5.159091E-02,0.000000E+00,0.000000E+00,3.060439E-02,9.385842E+02,1.349075E-01,1.370686E+03,1.349876E+03,9.407050E-02,4.228990E+03,3.060439E-02,0.000000E+00,0.000000E+00,5.159091E-02,1.582205E+03,2.063883E-01,2.075799E+03,2.034568E+03,1.541580E-01,7.000631E+03,5.159091E-02,0.000000E+00,0.000000E+00,3.060439E-02,9.385842E+02,1.508783E-01,1.549007E+03,1.536056E+03,9.475936E-02,4.248989E+03,3.060439E-02,0.000000E+00,0.000000E+00
01:00:00,6.805607E-02,2.098105E+03,3.231367E-01,3.295315E+03,3.389282E+03,6.805607E-02,5.306810E+03,6.805607E-02,0.000000E+00,0.000000E+00,5.159091E-02,1.590499E+03,2.203534E-01,2.223427E+03,2.193984E+03,1.540064E-01,6.996222E+03,5.159091E-02,0.000000E+00,0.000000E+00,3.060439E-02,9.435047E+02,1.338475E-01,1.353930E+03,1.332420E+03,9.406413E-02,4.228806E+03,3.060439E-02,0.000000E+00,0.000000E+00,5.159091E-02,1.590499E+03,2.048802E-01,2.050666E+03,2.008307E+03,1.541462E-01,7.000288E+03,5.159091E-02,0.000000E+00,0.000000E+00,3.060439E-02,9.435047E+02,1.494162E-01,1.527761E+03,1.513999E+03,9.475301E-02,4.248805E+03,3.060439E-02,0.000000E+00,0.000000E+00
01:10:00,6.805607E-02,2.105399E+03,3.226440E-01,3.282519E+03,3.376094E+03,6.805607E-02,5.306810E+03,6.805607E-02,0.000000E+00,0.000000E+00,5.159091E-02,1.596029E+03,2.187926E-01,2.200470E+03,2.170011E+03,1.540074E-01,6.996253E+03,5.159091E-02,0.000000E+00,0.000000E+00,3.060439E-02,9.467850E+02,1.328183E-01,1.339158E+03,1.317006E+03,9.406474E-02,4.228823E+03,3.060439E-02,0.000000E+00,0.000000E+00,5.159091E-02,1.596029E+03,2.034272E-01,2.028914E+03,1.985533E+03,1.541473E-01,7.000319E+03,5.159091E-02,0.000000E+00,0.000000E+00,3.060439E-02,9.467850E+02,1.480092E-01,1.508771E+03,1.494263E+03,9.475361E-02,4.248823E+03,3.060439E-02,0.000000E+00,0.000000E+00
01:20:00,6.805607E-02,2.112694E+03,3.221569E-01,3.269786E+03,3.362970E+03,6.805607E-02,5.306810E+03,6.805607E-02,0.000000E+00,0.000000E+00,5.159091E-02,1.601559E+03,2.172729E-01,2.177972E+03,2.146513E+03,1.540085E-01,6.996283E+03,5.159091E-02,0.000000E+00,0.000000E+00,3.060439E-02,9.500654E+02,1.318150E-01,1.324677E+03,1.301891E+03,9.406533E-02,4.228840E+03,3.060439E-02,0.000000E+00,0.000000E+00,5.159091E-02,1.601559E+03,2.020183E-01,2.007653E+03,1.963273E+03,1.541483E-01,7.000350E+03,5.159091E-02,0.000000E+00,0.000000E+00,3.060439E-02,9.500654E+02,1.466497E-01,1.490312E+03,1.475072E+03,9.475421E-02,4.248840E+03,3.060439E-02,0.000000E+00,0.000000E+00
01:30:00,6.805607E-02,2.119989E+03,3.216752E-01,3.257113E+03,3.349909E+03,6.805607E-02,5.306810E+03,6.805607E-02,0.000000E+00,0.000000E+00,5.159091E-02,1.607089E+03,2.157941E-01,2.155932E+03,2.123486E+03,1.540095E-01,6.996313E+03,5.159091E-02,0.000000E+00,0.000000E+00,3.060439E-02,9.533457E+02,1.308377E-01,1.310484E+03,1.287073E+03,9.406592E-02,4.228858E+03,3.060439E-02,0.000000E+00,0.000000E+00,5.159091E-02,1.607089E+03,2.006529E-01,1.986878E+03,1.941515E+03,1.541494E-01,7.000380E+03,5.159091E-02,0.000000E+00,0.000000E+00,3.060439E-02,9.533457E+02,1.453356E-01,1.472359E+03,1.456401E+03,9.475480E-02,4.248857E+03,3.060439E-02,0.000000E+00,0.000000E+00
01:40:00,6.805607E-02,2.127283E+03,3.211987E-01,3.244498E+03,3.336905E+03,6.805607E-02,5.306810E+03,6.805607E-02,0.000000E+00,0.000000E+00,5.159091E-02,1.612618E+03,2.143562E-01,2.134347E+03,2.100929E+03,1.540106E-01,6.996343E+03,5.159091E-02,0.000000E+00,0.000000E+00,3.060439E-02,9.566260E+02,1.298861E-01,1.296579E+03,1.272553E+03,9.406650E-02,4.228874E+03,3.060439E-02,0.000000E+00,0.000000E+00,5.159091E-02,1.612618E+03,1.993305E-01,1.966583E+03,1.920256E+03,1.541504E-01,7.000410E+03,5.159091E-02,0.000000E+00,0.000000E+00,3.060439E-02,9.566260E+02,1.440650E-01,1.454892E+03,1.438229E+03,9.475538E-02,4.248874E+03,3.060439E-02,0.000000E+00,0.000000E+00
01:50:00,6.805607E-02,2.134578E+03,3.207271E-01,3.231938E+03,3.323958E+03,6.805607E-02,5.306810E+03,6.805607E-02,0.000000E+00,0.000000E+00,5.159091E-02,1.618148E+03,2.129590E-01,2.113217E+03,2.078851E+03,1.540116E-01,6.996372E+03,5.159091E-02,0.000000E+00,0.000000E+00,3.060439E-02,9.599063E+02,1.289602E-01,1.282961E+03,1.258333E+03,9.406708E-02,4.228891E+03,3.060439E-02,0.000000E+00,0.000000E+00,5.159091E-02,1.618148E+03,1.980506E-01,1.946763E+03,1.899498E+03,1.541514E-01,7.000440E+03,5.159091E-02,0.000000E+00,0.000000E+00,3.060439E-02,9.599063E+02,1.428365E-01,1.437895E+03,1.420544E+03,9.475595E-02,4.248890E+03,3.060439E-02,0.000000E+00,0.000000E+00
02:00:00,6.805607E-02,2.141872E+03,3.202604E-01,3.219432E+03,3.311069E+03,6.805607E-02,5.306810E+03,6.805607E-02,0.000000E+00,0.000000E+00,5.159091E-02,1.623678E+03,2.116027E-01,2.092544E+03,2.057260E+03,1.540126E-01,6.996402E+03,5.159091E-02,0.000000E+00,0.000000E+00,3.060439E-02,9.631867E+02,1.280602E-01,1.269631E+03,1.244419E+03,9.406765E-02,4.228908E+03,3.060439E-02,0.000000E+00,0.000000E+00,5.159091E-02,1.623678E+03,1.968131E-01,1.927416E+03,1.879246E+03,1.541525E-01,7.000469E+03,5.159091E-02,0.000000E+00,0.000000E+00,3.060439E-02,9.631867E+02,1.416485E-01,1.421350E+03,1.403334E+03,9.475652E-02,4.248907E+03,3.060439E-02,0.000000E+00,0.000000E+00
02:10:00,6.805607E-02,2.147343E+03,3.197984E-01,3.208804E+03,3.300093E+03,6.805607E-02,5.306810E+03,6.805607E-02,0.000000E+00,0.000000E+00,5.159091E-02,1.627825E+03,2.102750E-01,2.073572E+03,2.037412E+03,1.540136E-01,6.996430E+03,5.159091E-02,0.000000E+00,0.000000E+00,3.060439E-02,9.656469E+02,1.271786E-01,1.257328E+03,1.231556E+03,9.406821E-02,4.228924E+03,3.060439E-02,0.000000E+00,0.000000E+00,5.159091E-02,1.627825E+03,1.956055E-01,1.909786E+03,1.860755E+03,1.541535E-01,7.000498E+03,5.159091E-02,0.000000E+00,0.000000E+00,3.060439E-02,9.656469E+02,1.404926E-01,1.405983E+03,1.387330E+03,9.475708E-02,4.248923E+03,3.060439E-02,0.000000E+00,0.000000E+00
02:20:00,6.805607E-02,2.152814E+03,3.193411E-01,3.198227E+03,3.289171E+03,6.805607E-02,5.306810E+03,6.805607E-02,0.000000E+00,0.000000E+00,5.159091E-02,1.631973E+03,2.089761E-01,2.054922E+03,2.017895E+03,1.540145E-01,6.996459E+03,5.159091E-02,0.000000E+00,0.000000E+00,3.060439E-02,9.681072E+02,1.263155E-01,1.245231E+03,1.218905E+03,9.406876E-02,4.228940E+03,3.060439E-02,0.000000E+00,0.000000E+00,5.159091E-02,1.631973E+03,1.944275E-01,1.892486E+03,1.842604E+03,1.541544E-01,7.000527E+03,5.159091E-02,0.000000E+00,0.000000E+00,3.060439E-02,9.681072E+02,1.393675E-01,1.390962E+03,1.371680E+03,9.475763E-02,4.248939E+03,3.060439E-02,0.000000E+00,0.000000E+00
02:30:00,6.805607E-02,2.158285E+03,3.188883E-01,3.187701E+03,3.278301E+03,6.805607E-02,5.306810E+03,6.805607E-02,0.000000E+00,0.000000E+00,5.159091E-02,1.636120E+03,2.077058E-01,2.036592E+03,1.998703E+03,1.540155E-01,6.996487E+03,5.159091E-02,0.000000E+00,0.000000E+00,3.060439E-02,9.705674E+02,1.254709E-01,1.233340E+03,1.206464E+03,9.406931E-02,4.228956E+03,3.060439E-02,0.000000E+00,0.000000E+00,5.159091E-02,1.636120E+03,1.932785E-01,1.875510E+03,1.824785E+03,1.541554E-01,7.000556E+03,5.159091E-02,0.000000E+00,0.000000E+00,3.060439E-02,9.705674E+02,1.382723E-01,1.376272E+03,1.356369E+03,9.475818E-02,4.248955E+03,3.060439E-02,0.000000E+00,0.000000E+00
02:40:00,6.805607E-02,2.163756E+03,3.184400E-01,3.177224E+03,3.267481E+03,6.805607E-02,5.306810E+03,6.805607E-02,0.000000E+00,0.000000E+00,5.159091E-02,1.640267E+03,2.064638E-01,2.018578E+03,1.979838E+03,1.540165E-01,6.996515E+03,5.159091E-02,0.000000E+00,0.000000E+00,3.060439E-02,9.730277E+02,1.246445E-01,1.221653E+03,1.194232E+03,9.406985E-02,4.228972E+03,3.060439E-02,0.000000E+00,0.000000E+00,5.159091E-02,1.640267E+03,1.921580E-01,1.858851E+03,1.807295E+03,1.541564E-01,7.000584E+03,5.159091E-02,0.000000E+00,0.000000E+00,3.060439E-02,9.730277E+02,1.372057E-01,1.361903E+03,1.341387E+03,9.475872E-02,4.248971E+03,3.060439E-02,0.000000E+00,0.000000E+00
02:50:00,6.805607E-02,2.169227E+03,3.179959E-01,3.166795E+03,3.256713E+03,6.805607E-02,5.306810E+03,6.805607E-02,0.000000E+00,0.000000E+00,5.159091E-02,1.644415E+03,2.052500E-01,2.000877E+03,1.961301E+03,1.540174E-01,6.996543E+03,5.159091E-02,0.000000E+00,0.000000E+00,3.060439E-02,9.754879E+02,1.238362E-01,1.210168E+03,1.182212E+03,9.407039E-02,4.228987E+03,3.060439E-02,0.000000E+00,0.000000E+00,5.159091E-02,1.644415E+03,1.910655E-01,1.842506E+03,1.790134E+03,1.541574E-01,7.000612E+03,5.159091E-02,0.000000E+00,0.000000E+00,3.060439E-02,9.754879E+02,1.361668E-01,1.347844E+03,1.326726E+03,9.475926E-02,4.248986E+03,3.060439E-02,0.000000E+00,0.000000E+00
03:00:00,6.805607E-02,2.174698E+03,3.175560E-01,3.156412E+03,3.245991E+03,6.805607E-02,5.306810E+03,6.805607E-02,0.000000E+00,0.000000E+00,5.159091E-02,1.648562E+03,2.040640E-01,1.983488E+03,1.943091E+03,1.540184E-01,6.996570E+03,5.159091E-02,0.000000E+00,0.000000E+00,3.060439E-02,9.779482E+02,1.230460E-01,1.198884E+03,1.170403E+03,9.407092E-02,4.229003E+03,3.060439E-02,0.000000E+00,0.000000E+00,5.159091E-02,1.648562E+03,1.900007E-01,1.826470E+03,1.773299E+03,1.541583E-01,7.000639E+03,5.159091E-02,0.000000E+00,0.000000E+00,3.060439E-02,9.779482E+02,1.351548E-01,1.334084E+03,1.312377E+03,9.475979E-02,4.249002E+03,3.060439E-02,0.000000E+00,0.000000E+00
03:10:00,6.805607E-02,2.180169E+03,3.171202E-01,3.146076E+03,3.235318E+03,6.805607E-02,5.306810E+03,6.805607E-02,0.000000E+00,0.000000E+00,5.159091E-02,1.652709E+03,2.028931E-01,1.966267E+03,1.925050E+03,1.540193E-01,6.996597E+03,5.159091E-02,0.000000E+00,0.000000E+00,3.060439E-02,9.804084E+02,1.222661E-01,1.187716E+03,1.158709E+03,9.407145E-02,4.229018E+03,3.060439E-02,0.000000E+00,0.000000E+00,5.159091E-02,1.652709E+03,1.889511E-01,1.810603E+03,1.756634E+03,1.541592E-01,7.000666E+03,5.159091E-02,0.000000E+00,0.000000E+00,3.060439E-02,9.804084E+02,1.341613E-01,1.320531E+03,1.298236E+03,9.476031E-02,4.249017E+03,3.060439E-02,0.000000E+00,0.000000E+00
03:20:00,6.805607E-02,2.185640E+03,3.166883E-01,3.135783E+03,3.224689E+03,6.805607E-02,5.306810E+03,6.805607E-02,0.000000E+00,0.000000E+00,5.159091E-02,1.656857E+03,2.017373E-01,1.949215E+03,1.907176E+03,1.540202E-01,6.996624E+03,5.159091E-02,0.000000E+00,0.000000E+00,3.060439E-02,9.828686E+02,1.214965E-01,1.176663E+03,1.147131E+03,9.407197E-02,4.229033E+03,3.060439E-02,0.000000E+00,0.000000E+00,5.159091E-02,1.656857E+03,1.879161E-01,1.794900E+03,1.740132E+03,1.541602E-01,7.000694E+03,5.159091E-02,0.000000E+00,0.000000E+00,3.060439E-02,9.828686E+02,1.331856E-01,1.307176E+03,1.284298E+03,9.476083E-02,4.249032E+03,3.060439E-02,0.000000E+00,0.000000E+00
03:30:00,6.805607E-02,2.191111E+03,3.162602E-01,3.125532E+03,3.214104E+03,6.805607E-02,5.306810E+03,6.805607E-02,0.000000E+00,0.000000E+00,5.159091E-02,1.661004E+03,2.005959E-01,1.932324E+03,1.889466E+03,1.540212E-01,6.996651E+03,5.159091E-02,0.000000E+00,0.000000E+00,3.060439E-02,9.853289E+02,1.207369E-01,1.165721E+03,1.135665E+03,9.407249E-02,4.229048E+03,3.060439E-02,0.000000E+00,0.000000E+00,5.159091E-02,1.661004E+03,1.868950E-01,1.779352E+03,1.723788E+03,1.541611E-01,7.000720E+03,5.159091E-02,0.000000E+00,0.000000E+00,3.060439E-02,9.853289E+02,1.322268E-01,1.294011E+03,1.270553E+03,9.476135E-02,4.249047E+03,3.060439E-02,0.000000E+00,0.000000E+00
03:40:00,6.805607E-02,2.196582E+03,3.158357E-01,3.115321E+03,3.203560E+03,6.805607E-02,5.306810E+03,6.805607E-02,0.000000E+00,0.000000E+00,5.159091E-02,1.665151E+03,1.994684E-01,1.915588E+03,1.871913E+03,1.540221E-01,6.996677E+03,5.159091E-02,0.000000E+00,0.000000E+00,3.060439E-02,9.877891E+02,1.199868E-01,1.154887E+03,1.124308E+03,9.407300E-02,4.229063E+03,3.060439E-02,0.000000E+00,0.000000E+00,5.159091E-02,1.665151E+03,1.858872E-01,1.763952E+03,1.707593E+03,1.541620E-01,7.000747E+03,5.159091E-02,0.000000E+00,0.000000E+00,3.060439E-02,9.877891E+02,1.312842E-01,1.281026E+03,1.256991E+03,9.476186E-02,4.249062E+03,3.060439E-02,0.000000E+00,0.000000E+00
03:50:00,6.805607E-02,2.202053E+03,3.154146E-01,3.105149E+03,3.193056E+03,6.805607E-02,5.306810E+03,6.805607E-02,0.000000E+00,0.000000E+00,5.159091E-02,1.669299E+03,1.983543E-01,1.899001E+03,1.854511E+03,1.540230E-01,6.996703E+03,5.159091E-02,0.000000E+00,0.000000E+00,3.060439E-02,9.902494E+02,1.192461E-01,1.144156E+03,1.113056E+03,9.407350E-02,4.229078E+03,3.060439E-02,0.000000E+00,0.000000E+00,5.159091E-02,1.669299E+03,1.848921E-01,1.748693E+03,1.691541E+03,1.541629E-01,7.000773E+03,5.159091E-02,0.000000E+00,0.000000E+00,3.060439E-02,9.902494E+02,1.303570E-01,1.268213E+03,1.243604E+03,9.476236E-02,4.249077E+03,3.060439E-02,0.000000E+00,0.000000E+00
04:00:00,6.805607E-02,2.207524E+03,3.149967E-01,3.095012E+03,3.182589E+03,6.805607E-02,5.306810E+03,6.805607E-02,0.000000E+00,0.000000E+00,5.159091E-02,1.673446E+03,1.972529E-01,1.882556E+03,1.837252E+03,1.540239E-01,6.996729E+03,5.159091E-02,0.000000E+00,0.000000E+00,3.060439E-02,9.927096E+02,1.185143E-01,1.133525E+03,1.101905E+03,9.407400E-02,4.229092E+03,3.060439E-02,0.000000E+00,0.000000E+00,5.159091E-02,1.673446E+03,1.839089E-01,1.733569E+03,1.675626E+03,1.541638E-01,7.000799E+03,5.159091E-02,0.000000E+00,0.000000E+00,3.060439E-02,9.927096E+02,1.294444E-01,1.255564E+03,1.230383E+03,9.476286E-02,4.249091E+03,3.060439E-02,0.000000E+00,0.000000E+00
04:10:00,6.805607E-02,2.211171E+03,3.145820E-01,3.086734E+03,3.174017E+03,6.805607E-02,5.306810E+03,6.805607E-02,0.000000E+00,0.000000E+00,5.159091E-02,1.676211E+03,1.961764E-01,1.867772E+03,1.821703E+03,1.540247E-01,6.996755E+03,5.159091E-02,0.000000E+00,0.000000E+00,3.060439E-02,9.943498E+02,1.177986E-01,1.123894E+03,1.091784E+03,9.407450E-02,4.229106E+03,3.060439E-02,0.000000E+00,0.000000E+00,5.159091E-02,1.676211E+03,1.829497E-01,1.720094E+03,1.661409E+03,1.541647E-01,7.000825E+03,5.159091E-02,0.000000E+00,0.000000E+00,3.060439E-02,9.943498E+02,1.285535E-01,1.243977E+03,1.218255E+03,9.476336E-02,4.249105E+03,3.060439E-02,0.000000E+00,0.000000E+00
04:20:00,6.805607E-02,2.214818E+03,3.141702E-01,3.078490E+03,3.165480E+03,6.805607E-02,5.306810E+03,6.805607E-02,0.000000E+00,0.000000E+00,5.159091E-02,1.678976E+03,1.951241E-01,1.853258E+03,1.806438E+03,1.540256E-01,6.996780E+03,5.159091E-02,0.000000E+00,0.000000E+00,3.060439E-02,9.959900E+02,1.170988E-01,1.114440E+03,1.081847E+03,9.407499E-02,4.229121E+03,3.060439E-02,0.000000E+00,0.000000E+00,5.159091E-02,1.678976E+03,1.820139E-01,1.706881E+03,1.647470E+03,1.541656E-01,7.000851E+03,5.159091E-02,0.000000E+00,0.000000E+00,3.060439E-02,9.959900E+02,1.276836E-01,1.232623E+03,1.206369E+03,9.476385E-02,4.249120E+03,3.060439E-02,0.000000E+00,0.000000E+00
04:30:00,6.805607E-02,2.218466E+03,3.137615E-01,3.070279E+03,3.156978E+03,6.805607E-02,5.306810E+03,6.805607E-02,0.000000E+00,0.000000E+00,5.159091E-02,1.681741E+03,1.940958E-01,1.839012E+03,1.791451E+03,1.540265E-01,6.996805E+03,5.159091E-02,0.000000E+00,0.000000E+00,3.060439E-02,9.976301E+02,1.164146E-01,1.105160E+03,1.072091E+03,9.407547E-02,4.229135E+03,3.060439E-02,0.000000E+00,0.000000E+00,5.159091E-02,1.681741E+03,1.811015E-01,1.693929E+03,1.633803E+03,1.541665E-01,7.000876E+03,5.159091E-02,0.000000E+00,0.000000E+00,3.060439E-02,9.976301E+02,1.268342E-01,1.221499E+03,1.194720E+03,9.476433E-02,4.249134E+03,3.060439E-02,0.000000E+00,0.000000E+00
04:40:00,6.805607E-02,2.222113E+03,3.133558E-01,3.062103E+03,3.148510E+03,6.805607E-02,5.306810E+03,6.805607E-02,0.000000E+00,0.000000E+00,5.159091E-02,1.684505E+03,1.930915E-01,1.825034E+03,1.776743E+03,1.540273E-01,6.996830E+03,5.159091E-02,0.000000E+00,0.000000E+00,3.060439E-02,9.992703E+02,1.157459E-01,1.096054E+03,1.062515E+03,9.407596E-02,4.229149E+03,3.060439E-02,0.000000E+00,0.000000E+00,5.159091E-02,1.684505E+03,1.802124E-01,1.681237E+03,1.620410E+03,1.541673E-01,7.000901E+03,5.159091E-02,0.000000E+00,0.000000E+00,3.060439E-02,9.992703E+02,1.260050E-01,1.210601E+03,1.183304E+03,9.476481E-02,4.249148E+03,3.060439E-02,0.000000E+00,0.000000E+00
04:50:00,6.805607E-02,2.225760E+03,3.129532E-01,3.053959E+03,3.140078E+03,6.805607E-02,5.306810E+03,6.805607E-02,0.000000E+00,0.000000E+00,5.159091E-02,1.687270E+03,1.921111E-01,1.811322E+03,1.762317E+03,1.540282E-01,6.996855E+03,5.159091E-02,0.000000E+00,0.000000E+00,3.060439E-02,1.000910E+03,1.150928E-01,1.087122E+03,1.053123E+03,9.407643E-02,4.229163E+03,3.060439E-02,0.000000E+00,0.000000E+00,5.159091E-02,1.687270E+03,1.793466E-01,1.668805E+03,1.607293E+03,1.541682E-01,7.000926E+03,5.159091E-02,0.000000E+00,0.000000E+00,3.060439E-02,1.000910E+03,1.251958E-01,1.199925E+03,1.172120E+03,9.476529E-02,4.249161E+03,3.060439E-02,0.000000E+00,0.000000E+00
05:00:00,6.805607E-02,2.229407E+03,3.125599E-01,3.045921E+03,3.131764E+03,6.805607E-02,5.306810E+03,6.805607E-02,0.000000E+00,0.000000E+00,5.159091E-02,1.690035E+03,1.913104E-01,1.799617E+03,1.750181E+03,1.540290E-01,6.996879E+03,5.159091E-02,0.000000E+00,0.000000E+00,3.060439E-02,1.002551E+03,1.149501E-01,1.083889E+03,1.050242E+03,9.407691E-02,4.229176E+03,3.060439E-02,0.000000E+00,0.000000E+00,5.159091E-02,1.690035E+03,1.790574E-01,1.662811E+03,1.601613E+03,1.541690E-01,7.000950E+03,5.159091E-02,0.000000E+00,0.000000E+00,3.060439E-02,1.002551E+03,1.244913E-01,1.190419E+03,1.162246E+03,9.476576E-02,4.249175E+03,3.060439E-02,0.000000E+00,0.000000E+00
05:10:00,6.805607E-02,2.225760E+03,3.122026E-01,3.045579E+03,3.131344E+03,6.805607E-02,5.306810E+03,6.805607E-02,0.000000E+00,0.000000E+00,5.159091E-02,1.687270E+03,1.907294E-01,1.795894E+03,1.746357E+03,1.540299E-01,6.996904E+03,5.159091E-02,0.000000E+00,0.000000E+00,3.060439E-02,1.000910E+03,1.155322E-01,1.092028E+03,1.059561E+03,9.407737E-02,4.229190E+03,3.060439E-02,0.000000E+00,0.000000E+00,5.159091E-02,1.687270E+03,1.796689E-01,1.672403E+03,1.612758E+03,1.541699E-01,7.000975E+03,5.159091E-02,0.000000E+00,0.000000E+00,3.060439E-02,1.000910E+03,1.239179E-01,1.185657E+03,1.157292E+03,9.476623E-02,4.249189E+03,3.060439E-02,0.000000E+00,0.000000E+00
05:20:00,6.805607E-02,2.222113E+03,3.119234E-01,3.046109E+03,3.131896E+03,6.805607E-02,5.306810E+03,6.805607E-02,0.000000E+00,0.000000E+00,5.159091E-02,1.684505E+03,1.903960E-01,1.794938E+03,1.745482E+03,1.540307E-01,6.996928E+03,5.159091E-02,0.000000E+00,0.000000E+00,3.060439E-02,9.992703E+02,1.171373E-01,1.111588E+03,1.081195E+03,9.407784E-02,4.229203E+03,3.060439E-02,0.000000E+00,0.000000E+00,5.159091E-02,1.684505E+03,1.810126E-01,1.690170E+03,1.632446E+03,1.541707E-01,7.000999E+03,5.159091E-02,0.000000E+00,0.000000E+00,3.060439E-02,9.992703E+02,1.234927E-01,1.182550E+03,1.154083E+03,9.476669E-02,4.249202E+03,3.060439E-02,0.000000E+00,0.000000E+00
05:30:00,6.805607E-02,2.218466E+03,3.117692E-01,3.048035E+03,3.133970E+03,6.805607E-02,5.306810E+03,6.805607E-02,0.000000E+00,0.000000E+00,5.159091E-02,1.681741E+03,1.903796E-01,1.797518E+03,1.748427E+03,1.540315E-01,6.996951E+03,5.159091E-02,0.000000E+00,0.000000E+00,3.060439E-02,9.976301E+02,1.203527E-01,1.149128E+03,1.122322E+03,9.407830E-02,4.229217E+03,3.060439E-02,0.000000E+00,0.000000E+00,5.159091E-02,1.681741E+03,1.835075E-01,1.720789E+03,1.666140E+03,1.541715E-01,7.001023E+03,5.159091E-02,0.000000E+00,0.000000E+00,3.060439E-02,9.976301E+02,1.232541E-01,1.181526E+03,1.153095E+03,9.476715E-02,4.249215E+03,3.060439E-02,0.000000E+00,0.000000E+00
05:40:00,6.805607E-02,2.214818E+03,3.117785E-01,3.051786E+03,3.137999E+03,6.805607E-02,5.306810E+03,6.805607E-02,0.000000E+00,0.000000E+00,5.159091E-02,1.678976E+03,1.904930E-01,1.801548E+03,1.752761E+03,1.540323E-01,6.996975E+03,5.159091E-02,0.000000E+00,0.000000E+00,3.060439E-02,9.959900E+02,1.251493E-01,1.204320E+03,1.181962E+03,9.407875E-02,4.229230E+03,3.060439E-02,0.000000E+00,0.000000E+00,5.159091E-02,1.678976E+03,1.869515E-01,1.762005E+03,1.711042E+03,1.541723E-01,7.001047E+03,5.159091E-02,0.000000E+00,0.000000E+00,3.060439E-02,9.959900E+02,1.230805E-01,1.181228E+03,1.152774E+03,9.476760E-02,4.249229E+03,3.060439E-02,0.000000E+00,0.000000E+00
05:50:00,6.805607E-02,2.211171E+03,3.119690E-01,3.057560E+03,3.144163E+03,6.805607E-02,5.306810E+03,6.805607E-02,0.000000E+00,0.000000E+00,5.159091E-02,1.676211E+03,1.909221E-01,1.809104E+03,1.761064E+03,1.540331E-01,6.996998E+03,5.159091E-02,0.000000E+00,0.000000E+00,3.060439E-02,9.943498E+02,1.315312E-01,1.277213E+03,1.259953E+03,9.407920E-02,4.229243E+03,3.060439E-02,0.000000E+00,0.000000E+00,5.159091E-02,1.676211E+03,1.911701E-01,1.811868E+03,1.765045E+03,1.541732E-01,7.001070E+03,5.159091E-02,0.000000E+00,0.000000E+00,3.060439E-02,9.943498E+02,1.230823E-01,1.182887E+03,1.154643E+03,9.476805E-02,4.249242E+03,3.060439E-02,0.000000E+00,0.000000E+00
06:00:00,6.805607E-02,2.207524E+03,3.123402E-01,3.065351E+03,3.152456E+03,6.805607E-02,5.306810E+03,6.805607E-02,0.000000E+00,0.000000E+00,5.159091E-02,1.673446E+03,1.915603E-01,1.818993E+03,1.771923E+03,1.540339E-01,6.997021E+03,5.159091E-02,0.000000E+00,0.000000E+00,3.060439E-02,9.927096E+02,1.390446E-01,1.362738E+03,1.350598E+03,9.407965E-02,4.229256E+03,3.060439E-02,0.000000E+00,0.000000E+00,5.159091E-02,1.673446E+03,1.952703E-01,1.860410E+03,1.816997E+03,1.541740E-01,7.001094E+03,5.159091E-02,0.000000E+00,0.000000E+00,3.060439E-02,9.927096E+02,1.231931E-01,1.185764E+03,1.157837E+03,9.476850E-02,4.249255E+03,3.060439E-02,0.000000E+00,0.000000E+00
06:10:00,6.805607E-02,2.194758E+03,3.128685E-01,3.084014E+03,3.171896E+03,6.805607E-02,5.306810E+03,6.805607E-02,0.000000E+00,0.000000E+00,5.159091E-02,1.663769E+03,1.924960E-01,1.839118E+03,1.793442E+03,1.540347E-01,6.997044E+03,5.159091E-02,0.000000E+00,0.000000E+00,3.060439E-02,9.869691E+02,1.476924E-01,1.465030E+03,1.458266E+03,9.408009E-02,4.229269E+03,3.060439E-02,0.000000E+00,0.000000E+00,5.159091E-02,1.663769E+03,1.991274E-01,1.913151E+03,1.872893E+03,1.541748E-01,7.001117E+03,5.159091E-02,0.000000E+00,0.000000E+00,3.060439E-02,9.869691E+02,1.234456E-01,1.194323E+03,1.166911E+03,9.476894E-02,4.249267E+03,3.060439E-02,0.000000E+00,0.000000E+00
06:20:00,6.805607E-02,2.181993E+03,3.135166E-01,3.104015E+03,3.192744E+03,6.805607E-02,5.306810E+03,6.805607E-02,0.000000E+00,0.000000E+00,5.159091E-02,1.654092E+03,1.936799E-01,1.862012E+03,1.817810E+03,1.540355E-01,6.997067E+03,5.159091E-02,0.000000E+00,0.000000E+00,3.060439E-02,9.812285E+02,1.570018E-01,1.574707E+03,1.572816E+03,9.408053E-02,4.229281E+03,3.060439E-02,0.000000E+00,0.000000E+00,5.159091E-02,1.654092E+03,2.027825E-01,1.963637E+03,1.926287E+03,1.541755E-01,7.001140E+03,5.159091E-02,0.000000E+00,0.000000E+00,3.060439E-02,9.812285E+02,1.237991E-01,1.204011E+03,1.177113E+03,9.476938E-02,4.249280E+03,3.060439E-02,0.000000E+00,0.000000E+00
06:30:00,6.805607E-02,2.169227E+03,3.142379E-01,3.124833E+03,3.214430E+03,6.805607E-02,5.306810E+03,6.805607E-02,0.000000E+00,0.000000E+00,5.159091E-02,1.644415E+03,1.950341E-01,1.886809E+03,1.844028E+03,1.540363E-01,6.997090E+03,5.159091E-02,0.000000E+00,0.000000E+00,3.060439E-02,9.754879E+02,1.663665E-01,1.685003E+03,1.686996E+03,9.408096E-02,4.229294E+03,3.060439E-02,0.000000E+00,0.000000E+00,5.159091E-02,1.644415E+03,2.056953E-01,2.005836E+03,1.970313E+03,1.541763E-01,7.001162E+03,5.159091E-02,0.000000E+00,0.000000E+00,3.060439E-02,9.754879E+02,1.242041E-01,1.214273E+03,1.187828E+03,9.476981E-02,4.249293E+03,3.060439E-02,0.000000E+00,0.000000E+00
06:40:00,6.805607E-02,2.156462E+03,3.149681E-01,3.145761E+03,3.236113E+03,6.805607E-02,5.306810E+03,6.805607E-02,0.000000E+00,0.000000E+00,5.159091E-02,1.634738E+03,1.965157E-01,1.913032E+03,1.871575E+03,1.540370E-01,6.997112E+03,5.159091E-02,0.000000E+00,0.000000E+00,3.060439E-02,9.697473E+02,1.757315E-01,1.795309E+03,1.800218E+03,9.408139E-02,4.229307E+03,3.060439E-02,0.000000E+00,0.000000E+00,5.159091E-02,1.634738E+03,2.077713E-01,2.038697E+03,2.003953E+03,1.541771E-01,7.001185E+03,5.159091E-02,0.000000E+00,0.000000E+00,3.060439E-02,9.697473E+02,1.247705E-01,1.226340E+03,1.200473E+03,9.477024E-02,4.249305E+03,3.060439E-02,0.000000E+00,0.000000E+00
06:50:00,6.805607E-02,2.143696E+03,3.156911E-01,3.166621E+03,3.257900E+03,6.805607E-02,5.306810E+03,6.805607E-02,0.000000E+00,0.000000E+00,5.159091E-02,1.625060E+03,1.981109E-01,1.940528E+03,1.900966E+03,1.540378E-01,6.997134E+03,5.159091E-02,0.000000E+00,0.000000E+00,3.060439E-02,9.640068E+02,1.850196E-01,1.904762E+03,1.914345E+03,9.408182E-02,4.229319E+03,3.060439E-02,0.000000E+00,0.000000E+00,5.159091E-02,1.625060E+03,2.090815E-01,2.063014E+03,2.029233E+03,1.541779E-01,7.001207E+03,5.159091E-02,0.000000E+00,0.000000E+00,3.060439E-02,9.640068E+02,1.253944E-01,1.239052E+03,1.213899E+03,9.477066E-02,4.249318E+03,3.060439E-02,0.000000E+00,0.000000E+00
07:00:00,6.805607E-02,2.130931E+03,3.163800E-01,3.187101E+03,3.278923E+03,6.805607E-02,5.306810E+03,6.805607E-02,0.000000E+00,0.000000E+00,5.159091E-02,1.615383E+03,1.997919E-01,1.968983E+03,1.930898E+03,1.540386E-01,6.997156E+03,5.159091E-02,0.000000E+00,0.000000E+00,3.060439E-02,9.582662E+02,1.940924E-01,2.011814E+03,2.022514E+03,9.408224E-02,4.229331E+03,3.060439E-02,0.000000E+00,0.000000E+00,5.159091E-02,1.615383E+03,2.098989E-01,2.081829E+03,2.047887E+03,1.541786E-01,7.001229E+03,5.159091E-02,0.000000E+00,0.000000E+00,3.060439E-02,9.582662E+02,1.260529E-01,1.252150E+03,1.227587E+03,9.477108E-02,4.249330E+03,3.060439E-02,0.000000E+00,0.000000E+00
07:10:00,6.805607E-02,2.099929E+03,3.170016E-01,3.225065E+03,3.317748E+03,6.805607E-02,5.306810E+03,6.805607E-02,0.000000E+00,0.000000E+00,5.159091E-02,1.591882E+03,2.023346E-01,2.020884E+03,1.987962E+03,1.518415E-01,6.933373E+03,5.159091E-02,0.000000E+00,0.000000E+00,3.060439E-02,9.443248E+02,2.032439E-01,2.127948E+03,2.143133E+03,9.261749E-02,4.186806E+03,3.060439E-02,0.000000E+00,0.000000E+00,5.159091E-02,1.591882E+03,2.109692E-01,2.117292E+03,2.086873E+03,1.518801E-01,6.934498E+03,5.159091E-02,0.000000E+00,0.000000E+00,3.060439E-02,9.443248E+02,1.271489E-01,1.278334E+03,1.256667E+03,9.330633E-02,4.206805E+03,3.060439E-02,0.000000E+00,0.000000E+00
07:20:00,6.805607E-02,2.068927E+03,3.175218E-01,3.261898E+03,3.355374E+03,6.805607E-02,5.306810E+03,6.805607E-02,0.000000E+00,0.000000E+00,5.159091E-02,1.568380E+03,2.048858E-01,2.072878E+03,2.053064E+03,1.496433E-01,6.869550E+03,5.159091E-02,0.000000E+00,0.000000E+00,3.060439E-02,9.303834E+02,2.119277E-01,2.238860E+03,2.267529E+03,9.115186E-02,4.144255E+03,3.060439E-02,0.000000E+00,0.000000E+00,5.159091E-02,1.568380E+03,2.115950E-01,2.147791E+03,2.129384E+03,1.495802E-01,6.867725E+03,5.159091E-02,0.000000E+00,0.000000E+00,3.060439E-02,9.303834E+02,1.282201E-01,1.304240E+03,1.291160E+03,9.184071E-02,4.164253E+03,3.060439E-02,0.000000E+00,0.000000E+00
07:30:00,6.805607E-02,2.037925E+03,3.179145E-01,3.297307E+03,3.391488E+03,6.805607E-02,5.306810E+03,6.805607E-02,0.000000E+00,0.000000E+00,5.159091E-02,1.544879E+03,2.074742E-01,2.125289E+03,2.120095E+03,1.474446E-01,6.805714E+03,5.159091E-02,0.000000E+00,0.000000E+00,3.060439E-02,9.164420E+02,2.200420E-01,2.343412E+03,2.385938E+03,8.968599E-02,4.101695E+03,3.060439E-02,0.000000E+00,0.000000E+00,5.159091E-02,1.544879E+03,2.120929E-01,2.176861E+03,2.171901E+03,1.472799E-01,6.800939E+03,5.159091E-02,0.000000E+00,0.000000E+00,3.060439E-02,9.164420E+02,1.293088E-01,1.330341E+03,1.326859E+03,9.037484E-02,4.121694E+03,3.060439E-02,0.000000E+00,0.000000E+00
07:40:00,6.805607E-02,2.006923E+03,3.181866E-01,3.331360E+03,3.426185E+03,6.805607E-02,5.306810E+03,6.805607E-02,0.000000E+00,0.000000E+00,5.159091E-02,1.521377E+03,2.103410E-01,2.180802E+03,2.187782E+03,1.452447E-01,6.741842E+03,5.159091E-02,0.000000E+00,0.000000E+00,3.060439E-02,9.025006E+02,2.275823E-01,2.441549E+03,2.493456E+03,8.821936E-02,4.059112E+03,3.060439E-02,0.000000E+00,0.000000E+00,5.159091E-02,1.521377E+03,2.128488E-01,2.208805E+03,2.214404E+03,1.449783E-01,6.734115E+03,5.159091E-02,0.000000E+00,0.000000E+00,3.060439E-02,9.025006E+02,1.304434E-01,1.356952E+03,1.360996E+03,8.890820E-02,4.079110E+03,3.060439E-02,0.000000E+00,0.000000E+00
07:50:00,6.805607E-02,1.975921E+03,3.183337E-01,3.364006E+03,3.459401E+03,6.805607E-02,5.306810E+03,6.805607E-02,0.000000E+00,0.000000E+00,5.159091E-02,1.497876E+03,2.133190E-01,2.237550E+03,2.254489E+03,1.430439E-01,6.677941E+03,5.159091E-02,0.000000E+00,0.000000E+00,3.060439E-02,8.885592E+02,2.345866E-01,2.533695E+03,2.592035E+03,8.675212E-02,4.016510E+03,3.060439E-02,0.000000E+00,0.000000E+00,5.159091E-02,1.497876E+03,2.140095E-01,2.245263E+03,2.259333E+03,1.426758E-01,6.667261E+03,5.159091E-02,0.000000E+00,0.000000E+00,3.060439E-02,8.885592E+02,1.316315E-01,1.384157E+03,1.394085E+03,8.744096E-02,4.036508E+03,3.060439E-02,0.000000E+00,0.000000E+00
08:00:00,6.805607E-02,1.944919E+03,3.183921E-01,3.395659E+03,3.491581E+03,6.805607E-02,5.306810E+03,6.805607E-02,0.000000E+00,0.000000E+00,5.159091E-02,1.474374E+03,2.161725E-01,2.292909E+03,2.317915E+03,1.408423E-01,6.614015E+03,5.159091E-02,0.000000E+00,0.000000E+00,3.060439E-02,8.746178E+02,2.410965E-01,2.620318E+03,2.683394E+03,8.528436E-02,3.973892E+03,3.060439E-02,0.000000E+00,0.000000E+00,5.159091E-02,1.474374E+03,2.156670E-01,2.287267E+03,2.308693E+03,1.403725E-01,6.600382E+03,5.159091E-02,0.000000E+00,0.000000E+00,3.060439E-02,8.746178E+02,1.328894E-01,1.412140E+03,1.426861E+03,8.597319E-02,3.993890E+03,3.060439E-02,0.000000E+00,0.000000E+00
08:10:00,6.805607E-02,1.910269E+03,3.184029E-01,3.430437E+03,3.526961E+03,6.805607E-02,5.306810E+03,6.805607E-02,0.000000E+00,0.000000E+00,5.159091E-02,1.448108E+03,2.181496E-01,2.341250E+03,2.371313E+03,1.408377E-01,6.613871E+03,5.159091E-02,0.000000E+00,0.000000E+00,3.060439E-02,8.590362E+02,2.465171E-01,2.696424E+03,2.763031E+03,8.528129E-02,3.973795E+03,3.060439E-02,0.000000E+00,0.000000E+00,5.159091E-02,1.448108E+03,2.168841E-01,2.327123E+03,2.352969E+03,1.403677E-01,6.600232E+03,5.159091E-02,0.000000E+00,0.000000E+00,3.060439E-02,8.590362E+02,1.337614E-01,1.437458E+03,1.455025E+03,8.597011E-02,3.993793E+03,3.060439E-02,0.000000E+00,0.000000E+00
08:20:00,6.805607E-02,1.875620E+03,3.184251E-01,3.465344E+03,3.562470E+03,6.805607E-02,5.306810E+03,6.805607E-02,0.000000E+00,0.000000E+00,5.159091E-02,1.421841E+03,2.201575E-01,2.389939E+03,2.424304E+03,1.408337E-01,6.613745E+03,5.159091E-02,0.000000E+00,0.000000E+00,3.060439E-02,8.434547E+02,2.514821E-01,2.767447E+03,2.836378E+03,8.527868E-02,3.973713E+03,3.060439E-02,0.000000E+00,0.000000E+00,5.159091E-02,1.421841E+03,2.185040E-01,2.371479E+03,2.401509E+03,1.403637E-01,6.600103E+03,5.159091E-02,0.000000E+00,0.000000E+00,3.060439E-02,8.434547E+02,1.347471E-01,1.464047E+03,1.484081E+03,8.596747E-02,3.993709E+03,3.060439E-02,0.000000E+00,0.000000E+00
08:30:00,6.805607E-02,1.840971E+03,3.184973E-01,3.500810E+03,3.598558E+03,6.805607E-02,5.306810E+03,6.805607E-02,0.000000E+00,0.000000E+00,5.159091E-02,1.395575E+03,2.221732E-01,2.438715E+03,2.476864E+03,1.408295E-01,6.613615E+03,5.159091E-02,0.000000E+00,0.000000E+00,3.060439E-02,8.278731E+02,2.560166E-01,2.833664E+03,2.904033E+03,8.527590E-02,3.973626E+03,3.060439E-02,0.000000E+00,0.000000E+00,5.159091E-02,1.395575E+03,2.203376E-01,2.418222E+03,2.452382E+03,1.403593E-01,6.599968E+03,5.159091E-02,0.000000E+00,0.000000E+00,3.060439E-02,8.278731E+02,1.358233E-01,1.491647E+03,1.514036E+03,8.596469E-02,3.993622E+03,3.060439E-02,0.000000E+00,0.000000E+00
08:40:00,6.805607E-02,1.806322E+03,3.186509E-01,3.537185E+03,3.635637E+03,6.805607E-02,5.306810E+03,6.805607E-02,0.000000E+00,0.000000E+00,5.159091E-02,1.369309E+03,2.243065E-01,2.488806E+03,2.530254E+03,1.408260E-01,6.613506E+03,5.159091E-02,0.000000E+00,0.000000E+00,3.060439E-02,8.122915E+02,2.600324E-01,2.894092E+03,2.965890E+03,8.527355E-02,3.973552E+03,3.060439E-02,0.000000E+00,0.000000E+00,5.159091E-02,1.369309E+03,2.223898E-01,2.467407E+03,2.505287E+03,1.403557E-01,6.599855E+03,5.159091E-02,0.000000E+00,0.000000E+00,3.060439E-02,8.122915E+02,1.370313E-01,1.520719E+03,1.545205E+03,8.596233E-02,3.993548E+03,3.060439E-02,0.000000E+00,0.000000E+00
08:50:00,6.805607E-02,1.771672E+03,3.189000E-01,3.574626E+03,3.673879E+03,6.805607E-02,5.306810E+03,6.805607E-02,0.000000E+00,0.000000E+00,5.159091E-02,1.343042E+03,2.265325E-01,2.539932E+03,2.584173E+03,1.408230E-01,6.613411E+03,5.159091E-02,0.000000E+00,0.000000E+00,3.060439E-02,7.967100E+02,2.635533E-01,2.948994E+03,3.022252E+03,8.527149E-02,3.973488E+03,3.060439E-02,0.000000E+00,0.000000E+00,5.159091E-02,1.343042E+03,2.245655E-01,2.517971E+03,2.559086E+03,1.403526E-01,6.599756E+03,5.159091E-02,0.000000E+00,0.000000E+00,3.060439E-02,7.967100E+02,1.383298E-01,1.550802E+03,1.577114E+03,8.596027E-02,3.993484E+03,3.060439E-02,0.000000E+00,0.000000E+00
09:00:00,6.805607E-02,1.737023E+03,3.192376E-01,3.613055E+03,3.713193E+03,6.805607E-02,5.306810E+03,6.805607E-02,0.000000E+00,0.000000E+00,5.159091E-02,1.316776E+03,2.290750E-01,2.594592E+03,2.641679E+03,1.408204E-01,6.613329E+03,5.159091E-02,0.000000E+00,0.000000E+00,3.060439E-02,7.811284E+02,2.665750E-01,2.998323E+03,3.072921E+03,8.526969E-02,3.973432E+03,3.060439E-02,0.000000E+00,0.000000E+00,5.159091E-02,1.316776E+03,2.268267E-01,2.569491E+03,2.613497E+03,1.403498E-01,6.599671E+03,5.159091E-02,0.000000E+00,0.000000E+00,3.060439E-02,7.811284E+02,1.397044E-01,1.581736E+03,1.609699E+03,8.595846E-02,3.993428E+03,3.060439E-02,0.000000E+00,0.000000E+00
09:10:00,6.805607E-02,1.706021E+03,3.196593E-01,3.648769E+03,3.749797E+03,6.805607E-02,5.306810E+03,6.805607E-02,0.000000E+00,0.000000E+00,5.159091E-02,1.293274E+03,2.319013E-01,2.649654E+03,2.699570E+03,1.408181E-01,6.613258E+03,5.159091E-02,0.000000E+00,0.000000E+00,3.060439E-02,7.671870E+02,2.690956E-01,3.040412E+03,3.116135E+03,8.526810E-02,3.973383E+03,3.060439E-02,0.000000E+00,0.000000E+00,5.159091E-02,1.293274E+03,2.291395E-01,2.618818E+03,2.665418E+03,1.403474E-01,6.599597E+03,5.159091E-02,0.000000E+00,0.000000E+00,3.060439E-02,7.671870E+02,1.411358E-01,1.611660E+03,1.641125E+03,8.595687E-02,3.993379E+03,3.060439E-02,0.000000E+00,0.000000E+00
09:20:00,6.805607E-02,1.675019E+03,3.201410E-01,3.685149E+03,3.787104E+03,6.805607E-02,5.306810E+03,6.805607E-02,0.000000E+00,0.000000E+00,5.159091E-02,1.269773E+03,2.352093E-01,2.710090E+03,2.763044E+03,1.408161E-01,6.613197E+03,5.159091E-02,0.000000E+00,0.000000E+00,3.060439E-02,7.532456E+02,2.711384E-01,3.077164E+03,3.153851E+03,8.526672E-02,3.973341E+03,3.060439E-02,0.000000E+00,0.000000E+00,5.159091E-02,1.269773E+03,2.314844E-01,2.668501E+03,2.717515E+03,1.403453E-01,6.599533E+03,5.159091E-02,0.000000E+00,0.000000E+00,3.060439E-02,7.532456E+02,1.426124E-01,1.642088E+03,1.672973E+03,8.595549E-02,3.993337E+03,3.060439E-02,0.000000E+00,0.000000E+00
09:30:00,6.805607E-02,1.644017E+03,3.206752E-01,3.722116E+03,3.825031E+03,6.805607E-02,5.306810E+03,6.805607E-02,0.000000E+00,0.000000E+00,5.159091E-02,1.246271E+03,2.391043E-01,2.777081E+03,2.833208E+03,1.408144E-01,6.613145E+03,5.159091E-02,0.000000E+00,0.000000E+00,3.060439E-02,7.393042E+02,2.727033E-01,3.108579E+03,3.186074E+03,8.526552E-02,3.973304E+03,3.060439E-02,0.000000E+00,0.000000E+00,5.159091E-02,1.246271E+03,2.338538E-01,2.718457E+03,2.769754E+03,1.403436E-01,6.599479E+03,5.159091E-02,0.000000E+00,0.000000E+00,3.060439E-02,7.393042E+02,1.441291E-01,1.672965E+03,1.705212E+03,8.595429E-02,3.993300E+03,3.060439E-02,0.000000E+00,0.000000E+00
09:40:00,6.805607E-02,1.613015E+03,3.212550E-01,3.759592E+03,3.863489E+03,6.805607E-02,5.306810E+03,6.805607E-02,0.000000E+00,0.000000E+00,5.159091E-02,1.222770E+03,2.435421E-01,2.850132E+03,2.909435E+03,1.408129E-01,6.613101E+03,5.159091E-02,0.000000E+00,0.000000E+00,3.060439E-02,7.253628E+02,2.737034E-01,3.133687E+03,3.211874E+03,8.526448E-02,3.973273E+03,3.060439E-02,0.000000E+00,0.000000E+00,5.159091E-02,1.222770E+03,2.361509E-01,2.767607E+03,2.820920E+03,1.403421E-01,6.599432E+03,5.159091E-02,0.000000E+00,0.000000E+00,3.060439E-02,7.253628E+02,1.456299E-01,1.703662E+03,1.737141E+03,8.595326E-02,3.993268E+03,3.060439E-02,0.000000E+00,0.000000E+00
09:50:00,6.805607E-02,1.582013E+03,3.218732E-01,3.797497E+03,3.902388E+03,6.805607E-02,5.306810E+03,6.805607E-02,0.000000E+00,0.000000E+00,5.159091E-02,1.199268E+03,2.486103E-01,2.930222E+03,2.992893E+03,1.408117E-01,6.613063E+03,5.159091E-02,0.000000E+00,0.000000E+00,3.060439E-02,7.114214E+02,2.740243E-01,3.151213E+03,3.230073E+03,8.526360E-02,3.973246E+03,3.060439E-02,0.000000E+00,0.000000E+00,5.159091E-02,1.199268E+03,2.384228E-01,2.816475E+03,2.871661E+03,1.403408E-01,6.599393E+03,5.159091E-02,0.000000E+00,0.000000E+00,3.060439E-02,7.114214E+02,1.471435E-01,1.734504E+03,1.769148E+03,8.595237E-02,3.993242E+03,3.060439E-02,0.000000E+00,0.000000E+00
10:00:00,6.805607E-02,1.551011E+03,3.225239E-01,3.835764E+03,3.941661E+03,6.805607E-02,5.306810E+03,6.805607E-02,0.000000E+00,0.000000E+00,5.159091E-02,1.175767E+03,2.543304E-01,3.017591E+03,3.083914E+03,1.408107E-01,6.613032E+03,5.159091E-02,0.000000E+00,0.000000E+00,3.060439E-02,6.974800E+02,2.736225E-01,3.160668E+03,3.240117E+03,8.526284E-02,3.973223E+03,3.060439E-02,0.000000E+00,0.000000E+00,5.159091E-02,1.175767E+03,2.406772E-01,2.865148E+03,2.922106E+03,1.403397E-01,6.599360E+03,5.159091E-02,0.000000E+00,0.000000E+00,3.060439E-02,6.974800E+02,1.486737E-01,1.765531E+03,1.801297E+03,8.595162E-02,3.993219E+03,3.060439E-02,0.000000E+00,0.000000E+00
10:10:00,6.805607E-02,1.523656E+03,3.232109E-01,3.870783E+03,3.978069E+03,6.805607E-02,5.306810E+03,6.805607E-02,0.000000E+00,0.000000E+00,5.159091E-02,1.155030E+03,2.605971E-01,3.108295E+03,3.182086E+03,1.408099E-01,6.613006E+03,5.159091E-02,0.000000E+00,0.000000E+00,3.060439E-02,6.851788E+02,2.724739E-01,3.160142E+03,3.239352E+03,8.526221E-02,3.973204E+03,3.060439E-02,0.000000E+00,0.000000E+00,5.159091E-02,1.155030E+03,2.429147E-01,2.910865E+03,2.970866E+03,1.403388E-01,6.599333E+03,5.159091E-02,0.000000E+00,0.000000E+00,3.060439E-02,6.851788E+02,1.502208E-01,1.795104E+03,1.832854E+03,8.595098E-02,3.993199E+03,3.060439E-02,0.000000E+00,0.000000E+00
10:20:00,6.805607E-02,1.496302E+03,3.239117E-01,3.905960E+03,4.014524E+03,6.805607E-02,5.306810E+03,6.805607E-02,0.000000E+00,0.000000E+00,5.159091E-02,1.134294E+03,2.671897E-01,3.202637E+03,3.282990E+03,1.408092E-01,6.612985E+03,5.159091E-02,0.000000E+00,0.000000E+00,3.060439E-02,6.728775E+02,2.706232E-01,3.151776E+03,3.230671E+03,8.526167E-02,3.973187E+03,3.060439E-02,0.000000E+00,0.000000E+00,5.159091E-02,1.134294E+03,2.451195E-01,2.956217E+03,3.018854E+03,1.403381E-01,6.599311E+03,5.159091E-02,0.000000E+00,0.000000E+00,3.060439E-02,6.728775E+02,1.517739E-01,1.824745E+03,1.864222E+03,8.595045E-02,3.993183E+03,3.060439E-02,0.000000E+00,0.000000E+00
10:30:00,6.805607E-02,1.468947E+03,3.246324E-01,3.941361E+03,4.050811E+03,6.805607E-02,5.306810E+03,6.805607E-02,0.000000E+00,0.000000E+00,5.159091E-02,1.113557E+03,2.740267E-01,3.299711E+03,3.383007E+03,1.408086E-01,6.612968E+03,5.159091E-02,0.000000E+00,0.000000E+00,3.060439E-02,6.605763E+02,2.680184E-01,3.134994E+03,3.213795E+03,8.526122E-02,3.973174E+03,3.060439E-02,0.000000E+00,0.000000E+00,5.159091E-02,1.113557E+03,2.472981E-01,3.001278E+03,3.065227E+03,1.403375E-01,6.599292E+03,5.159091E-02,0.000000E+00,0.000000E+00,3.060439E-02,6.605763E+02,1.533337E-01,1.854463E+03,1.894794E+03,8.595001E-02,3.993170E+03,3.060439E-02,0.000000E+00,0.000000E+00
10:40:00,6.805607E-02,1.441592E+03,3.253669E-01,3.976917E+03,4.087109E+03,6.805607E-02,5.306810E+03,6.805607E-02,0.000000E+00,0.000000E+00,5.159091E-02,1.092820E+03,2.810344E-01,3.398692E+03,3.483521E+03,1.408082E-01,6.612955E+03,5.159091E-02,0.000000E+00,0.000000E+00,3.060439E-02,6.482751E+02,2.648273E-01,3.111665E+03,3.190366E+03,8.526085E-02,3.973163E+03,3.060439E-02,0.000000E+00,0.000000E+00,5.159091E-02,1.092820E+03,2.494507E-01,3.046050E+03,3.110827E+03,1.403370E-01,6.599278E+03,5.159091E-02,0.000000E+00,0.000000E+00,3.060439E-02,6.482751E+02,1.548957E-01,1.884204E+03,1.925080E+03,8.594964E-02,3.993159E+03,3.060439E-02,0.000000E+00,0.000000E+00
10:50:00,6.805607E-02,1.414238E+03,3.261187E-01,4.012661E+03,4.124237E+03,6.805607E-02,5.306810E+03,6.805607E-02,0.000000E+00,0.000000E+00,5.159091E-02,1.072084E+03,2.880056E-01,3.497261E+03,3.588804E+03,1.408078E-01,6.612944E+03,5.159091E-02,0.000000E+00,0.000000E+00,3.060439E-02,6.359738E+02,2.611822E-01,3.083264E+03,3.160045E+03,8.526055E-02,3.973154E+03,3.060439E-02,0.000000E+00,0.000000E+00,5.159091E-02,1.072084E+03,2.515865E-01,3.090630E+03,3.158001E+03,1.403366E-01,6.599267E+03,5.159091E-02,0.000000E+00,0.000000E+00,3.060439E-02,6.359738E+02,1.564586E-01,1.913954E+03,1.956603E+03,8.594934E-02,3.993150E+03,3.060439E-02,0.000000E+00,0.000000E+00
11:00:00,6.805607E-02,1.386883E+03,3.268742E-01,4.048440E+03,4.161095E+03,6.805607E-02,5.306810E+03,6.805607E-02,0.000000E+00,0.000000E+00,5.159091E-02,1.051347E+03,2.948621E-01,3.594544E+03,3.690048E+03,1.408076E-01,6.612937E+03,5.159091E-02,0.000000E+00,0.000000E+00,3.060439E-02,6.236726E+02,2.570063E-01,3.048933E+03,3.124540E+03,8.526031E-02,3.973146E+03,3.060439E-02,0.000000E+00,0.000000E+00,5.159091E-02,1.051347E+03,2.537507E-01,3.135523E+03,3.204707E+03,1.403363E-01,6.599258E+03,5.159091E-02,0.000000E+00,0.000000E+00,3.060439E-02,6.236726E+02,1.578988E-01,1.942331E+03,1.986008E+03,8.594910E-02,3.993142E+03,3.060439E-02,0.000000E+00,0.000000E+00
11:10:00,6.805607E-02,1.368646E+03,3.276188E-01,4.074985E+03,4.188119E+03,6.805607E-02,5.306810E+03,6.805607E-02,0.000000E+00,0.000000E+00,5.159091E-02,1.037523E+03,3.016048E-01,3.683649E+03,3.779460E+03,1.408074E-01,6.612931E+03,5.159091E-02,0.000000E+00,0.000000E+00,3.060439E-02,6.154718E+02,2.523640E-01,3.005296E+03,3.080485E+03,8.526012E-02,3.973141E+03,3.060439E-02,0.000000E+00,0.000000E+00,5.159091E-02,1.037523E+03,2.558887E-01,3.173216E+03,3.242867E+03,1.403361E-01,6.599252E+03,5.159091E-02,0.000000E+00,0.000000E+00,3.060439E-02,6.154718E+02,1.592741E-01,1.965885E+03,2.009792E+03,8.594891E-02,3.993137E+03,3.060439E-02,0.000000E+00,0.000000E+00
11:20:00,6.805607E-02,1.350410E+03,3.283676E-01,4.101574E+03,4.215276E+03,6.805607E-02,5.306810E+03,6.805607E-02,0.000000E+00,0.000000E+00,5.159091E-02,1.023698E+03,3.082160E-01,3.771286E+03,3.868082E+03,1.408073E-01,6.612928E+03,5.159091E-02,0.000000E+00,0.000000E+00,3.060439E-02,6.072709E+02,2.472473E-01,2.956362E+03,3.030613E+03,8.525998E-02,3.973136E+03,3.060439E-02,0.000000E+00,0.000000E+00,5.159091E-02,1.023698E+03,2.579940E-01,3.210542E+03,3.280855E+03,1.403360E-01,6.599248E+03,5.159091E-02,0.000000E+00,0.000000E+00,3.060439E-02,6.072709E+02,1.606023E-01,1.988914E+03,2.033240E+03,8.594877E-02,3.993132E+03,3.060439E-02,0.000000E+00,0.000000E+00
11:30:00,6.805607E-02,1.332174E+03,3.291066E-01,4.128051E+03,4.242368E+03,6.805607E-02,5.306810E+03,6.805607E-02,0.000000E+00,0.000000E+00,5.159091E-02,1.009874E+03,3.146452E-01,3.856887E+03,3.955014E+03,1.408073E-01,6.612926E+03,5.159091E-02,0.000000E+00,0.000000E+00,3.060439E-02,5.990701E+02,2.418143E-01,2.903894E+03,2.976889E+03,8.525987E-02,3.973133E+03,3.060439E-02,0.000000E+00,0.000000E+00,5.159091E-02,1.009874E+03,2.600665E-01,3.247499E+03,3.318665E+03,1.403359E-01,6.599245E+03,5.159091E-02,0.000000E+00,0.000000E+00,3.060439E-02,5.990701E+02,1.618781E-01,2.011355E+03,2.056156E+03,8.594867E-02,3.993129E+03,3.060439E-02,0.000000E+00,0.000000E+00
11:40:00,6.805607E-02,1.313937E+03,3.298349E-01,4.154409E+03,4.269370E+03,6.805607E-02,5.306810E+03,6.805607E-02,0.000000E+00,0.000000E+00,5.159091E-02,9.960494E+02,3.208543E-01,3.940029E+03,4.039619E+03,1.408073E-01,6.612926E+03,5.159091E-02,0.000000E+00,0.000000E+00,3.060439E-02,5.908693E+02,2.366750E-01,2.854706E+03,2.926608E+03,8.525980E-02,3.973131E+03,3.060439E-02,0.000000E+00,0.000000E+00,5.159091E-02,9.960494E+02,2.620930E-01,3.283942E+03,3.356062E+03,1.403359E-01,6.599245E+03,5.159091E-02,0.000000E+00,0.000000E+00,3.060439E-02,5.908693E+02,1.631005E-01,2.033199E+03,2.078474E+03,8.594859E-02,3.993127E+03,3.060439E-02,0.000000E+00,0.000000E+00
11:50:00,6.805607E-02,1.295701E+03,3.305455E-01,4.180574E+03,4.296183E+03,6.805607E-02,5.306810E+03,6.805607E-02,0.000000E+00,0.000000E+00,5.159091E-02,9.822249E+02,3.269437E-01,4.021840E+03,4.123096E+03,1.408073E-01,6.612927E+03,5.159091E-02,0.000000E+00,0.000000E+00,3.060439E-02,5.826685E+02,2.319971E-01,2.810671E+03,2.881182E+03,8.525975E-02,3.973129E+03,3.060439E-02,0.000000E+00,0.000000E+00,5.159091E-02,9.822249E+02,2.640767E-01,3.319912E+03,3.393046E+03,1.403360E-01,6.599245E+03,5.159091E-02,0.000000E+00,0.000000E+00,3.060439E-02,5.826685E+02,1.642650E-01,2.054401E+03,2.100120E+03,8.594855E-02,3.993126E+03,3.060439E-02,0.000000E+00,0.000000E+00
12:00:00,6.805607E-02,1.277464E+03,3.312502E-01,4.206678E+03,4.322949E+03,6.805607E-02,5.306810E+03,6.805607E-02,0.000000E+00,0.000000E+00,5.159091E-02,9.684005E+02,3.329171E-01,4.102362E+03,4.205449E+03,1.408074E-01,6.612929E+03,5.159091E-02,0.000000E+00,0.000000E+00,3.060439E-02,5.744677E+02,2.281010E-01,2.775369E+03,2.844366E+03,8.525974E-02,3.973129E+03,3.060439E-02,0.000000E+00,0.000000E+00,5.159091E-02,9.684005E+02,2.659642E-01,3.354811E+03,3.428890E+03,1.403360E-01,6.599247E+03,5.159091E-02,0.000000E+00,0.000000E+00,3.060439E-02,5.744677E+02,1.654901E-01,2.076280E+03,2.122584E+03,8.594853E-02,3.993125E+03,3.060439E-02,0.000000E+00,0.000000E+00
12:10:00,6.805607E-02,1.262875E+03,3.319546E-01,4.229132E+03,4.346005E+03,6.805607E-02,5.306810E+03,6.805607E-02,0.000000E+00,0.000000E+00,5.159091E-02,9.573410E+02,3.386875E-01,4.177851E+03,4.282745E+03,1.408075E-01,6.612932E+03,5.159091E-02,0.000000E+00,0.000000E+00,3.060439E-02,5.679070E+02,2.249876E-01,2.747168E+03,2.814695E+03,8.525974E-02,3.973129E+03,3.060439E-02,0.000000E+00,0.000000E+00,5.159091E-02,9.573410E+02,2.678143E-01,3.386528E+03,3.461511E+03,1.403361E-01,6.599249E+03,5.159091E-02,0.000000E+00,0.000000E+00,3.060439E-02,5.679070E+02,1.667121E-01,2.096485E+03,2.143372E+03,8.594854E-02,3.993125E+03,3.060439E-02,0.000000E+00,0.000000E+00
12:20:00,6.805607E-02,1.248286E+03,3.326603E-01,4.251601E+03,4.369086E+03,6.805607E-02,5.306810E+03,6.805607E-02,0.000000E+00,0.000000E+00,5.159091E-02,9.462815E+02,3.442038E-01,4.250504E+03,4.357182E+03,1.408076E-01,6.612936E+03,5.159091E-02,0.000000E+00,0.000000E+00,3.060439E-02,5.613463E+02,2.226998E-01,2.728182E+03,2.794710E+03,8.525976E-02,3.973129E+03,3.060439E-02,0.000000E+00,0.000000E+00,5.159091E-02,9.462815E+02,2.696425E-01,3.418001E+03,3.493918E+03,1.403362E-01,6.599253E+03,5.159091E-02,0.000000E+00,0.000000E+00,3.060439E-02,5.613463E+02,1.679138E-01,2.116463E+03,2.163940E+03,8.594856E-02,3.993126E+03,3.060439E-02,0.000000E+00,0.000000E+00
12:30:00,6.805607E-02,1.233697E+03,3.333683E-01,4.274096E+03,4.392199E+03,6.805607E-02,5.306810E+03,6.805607E-02,0.000000E+00,0.000000E+00,5.159091E-02,9.352219E+02,3.494356E-01,4.319979E+03,4.428395E+03,1.408078E-01,6.612941E+03,5.159091E-02,0.000000E+00,0.000000E+00,3.060439E-02,5.547857E+02,2.212470E-01,2.718521E+03,2.784753E+03,8.525980E-02,3.973130E+03,3.060439E-02,0.000000E+00,0.000000E+00,5.159091E-02,9.352219E+02,2.714380E-01,3.449108E+03,3.525964E+03,1.403364E-01,6.599257E+03,5.159091E-02,0.000000E+00,0.000000E+00,3.060439E-02,5.547857E+02,1.690913E-01,2.136172E+03,2.184239E+03,8.594860E-02,3.993127E+03,3.060439E-02,0.000000E+00,0.000000E+00
12:40:00,6.805607E-02,1.219107E+03,3.340784E-01,4.296613E+03,4.415341E+03,6.805607E-02,5.306810E+03,6.805607E-02,0.000000E+00,0.000000E+00,5.159091E-02,9.241624E+02,3.543544E-01,4.385960E+03,4.496044E+03,1.408080E-01,6.612946E+03,5.159091E-02,0.000000E+00,0.000000E+00,3.060439E-02,5.482250E+02,2.201328E-01,2.712641E+03,2.778776E+03,8.525985E-02,3.973132E+03,3.060439E-02,0.000000E+00,0.000000E+00,5.159091E-02,9.241624E+02,2.732105E-01,3.479958E+03,3.557764E+03,1.403365E-01,6.599262E+03,5.159091E-02,0.000000E+00,0.000000E+00,3.060439E-02,5.482250E+02,1.702420E-01,2.155580E+03,2.204232E+03,8.594865E-02,3.993128E+03,3.060439E-02,0.000000E+00,0.000000E+00
12:50:00,6.805607E-02,1.204518E+03,3.347879E-01,4.319124E+03,4.438483E+03,6.805607E-02,5.306810E+03,6.805607E-02,0.000000E+00,0.000000E+00,5.159091E-02,9.131029E+02,3.589321E-01,4.448133E+03,4.559796E+03,1.408082E-01,6.612951E+03,5.159091E-02,0.000000E+00,0.000000E+00,3.060439E-02,5.416644E+02,2.191995E-01,2.708780E+03,2.774875E+03,8.525991E-02,3.973134E+03,3.060439E-02,0.000000E+00,0.000000E+00,5.159091E-02,9.131029E+02,2.749464E-01,3.510400E+03,3.589139E+03,1.403367E-01,6.599267E+03,5.159091E-02,0.000000E+00,0.000000E+00,3.060439E-02,5.416644E+02,1.713632E-01,2.174660E+03,2.223886E+03,8.594871E-02,3.993130E+03,3.060439E-02,0.000000E+00,0.000000E+00
13:00:00,6.805607E-02,1.189929E+03,3.354928E-01,4.341584E+03,4.461570E+03,6.805607E-02,5.306810E+03,6.805607E-02,0.000000E+00,0.000000E+00,5.159091E-02,9.020433E+02,3.631415E-01,4.506193E+03,4.619327E+03,1.408084E-01,6.612957E+03,5.159091E-02,0.000000E+00,0.000000E+00,3.060439E-02,5.351037E+02,2.183217E-01,2.705539E+03,2.771526E+03,8.525998E-02,3.973136E+03,3.060439E-02,0.000000E+00,0.000000E+00,5.159091E-02,9.020433E+02,2.766526E-01,3.540510E+03,3.620171E+03,1.403369E-01,6.599272E+03,5.159091E-02,0.000000E+00,0.000000E+00,3.060439E-02,5.351037E+02,1.724529E-01,2.193388E+03,2.243169E+03,8.594878E-02,3.993132E+03,3.060439E-02,0.000000E+00,0.000000E+00
13:10:00,6.805607E-02,1.180811E+03,3.361884E-01,4.358468E+03,4.478969E+03,6.805607E-02,5.306810E+03,6.805607E-02,0.000000E+00,0.000000E+00,5.159091E-02,8.951311E+02,3.669384E-01,4.555500E+03,4.669889E+03,1.408086E-01,6.612964E+03,5.159091E-02,0.000000E+00,0.000000E+00,3.060439E-02,5.310033E+02,2.175338E-01,2.700842E+03,2.766674E+03,8.526006E-02,3.973138E+03,3.060439E-02,0.000000E+00,0.000000E+00,5.159091E-02,8.951311E+02,2.783053E-01,3.565876E+03,3.646334E+03,1.403371E-01,6.599279E+03,5.159091E-02,0.000000E+00,0.000000E+00,3.060439E-02,5.310033E+02,1.734201E-01,2.208288E+03,2.258454E+03,8.594887E-02,3.993134E+03,3.060439E-02,0.000000E+00,0.000000E+00
13:20:00,6.805607E-02,1.171693E+03,3.368939E-01,4.375465E+03,4.496630E+03,6.805607E-02,5.306810E+03,6.805607E-02,0.000000E+00,0.000000E+00,5.159091E-02,8.882189E+02,3.703225E-01,4.600199E+03,4.716104E+03,1.408088E-01,6.612970E+03,5.159091E-02,0.000000E+00,0.000000E+00,3.060439E-02,5.269029E+02,2.168419E-01,2.697217E+03,2.762855E+03,8.526015E-02,3.973141E+03,3.060439E-02,0.000000E+00,0.000000E+00,5.159091E-02,8.882189E+02,2.799211E-01,3.590829E+03,3.672330E+03,1.403373E-01,6.599285E+03,5.159091E-02,0.000000E+00,0.000000E+00,3.060439E-02,5.269029E+02,1.743314E-01,2.222562E+03,2.273299E+03,8.594895E-02,3.993137E+03,3.060439E-02,0.000000E+00,0.000000E+00
13:30:00,6.805607E-02,1.162574E+03,3.375665E-01,4.392070E+03,4.513923E+03,6.805607E-02,5.306810E+03,6.805607E-02,0.000000E+00,0.000000E+00,5.159091E-02,8.813067E+02,3.732488E-01,4.639765E+03,4.757261E+03,1.408091E-01,6.612977E+03,5.159091E-02,0.000000E+00,0.000000E+00,3.060439E-02,5.228025E+02,2.162215E-01,2.694379E+03,2.759780E+03,8.526025E-02,3.973143E+03,3.060439E-02,0.000000E+00,0.000000E+00,5.159091E-02,8.813067E+02,2.814696E-01,3.615015E+03,3.697688E+03,1.403376E-01,6.599292E+03,5.159091E-02,0.000000E+00,0.000000E+00,3.060439E-02,5.228025E+02,1.751807E-01,2.236136E+03,2.287511E+03,8.594905E-02,3.993140E+03,3.060439E-02,0.000000E+00,0.000000E+00
13:40:00,6.805607E-02,1.153456E+03,3.382267E-01,4.408537E+03,4.530863E+03,6.805607E-02,5.306810E+03,6.805607E-02,0.000000E+00,0.000000E+00,5.159091E-02,8.743945E+02,3.757116E-01,4.674152E+03,4.792371E+03,1.408093E-01,6.612984E+03,5.159091E-02,0.000000E+00,0.000000E+00,3.060439E-02,5.187021E+02,2.156691E-01,2.692300E+03,2.757639E+03,8.526035E-02,3.973146E+03,3.060439E-02,0.000000E+00,0.000000E+00,5.159091E-02,8.743945E+02,2.829623E-01,3.638576E+03,3.721963E+03,1.403378E-01,6.599298E+03,5.159091E-02,0.000000E+00,0.000000E+00,3.060439E-02,5.187021E+02,1.764350E-01,2.254231E+03,2.306667E+03,8.594915E-02,3.993143E+03,3.060439E-02,0.000000E+00,0.000000E+00
13:50:00,6.805607E-02,1.144338E+03,3.388649E-01,4.424756E+03,4.547542E+03,6.805607E-02,5.306810E+03,6.805607E-02,0.000000E+00,0.000000E+00,5.159091E-02,8.674823E+02,3.776910E-01,4.703142E+03,4.821941E+03,1.408095E-01,6.612992E+03,5.159091E-02,0.000000E+00,0.000000E+00,3.060439E-02,5.146016E+02,2.151713E-01,2.690829E+03,2.756117E+03,8.526045E-02,3.973149E+03,3.060439E-02,0.000000E+00,0.000000E+00,5.159091E-02,8.674823E+02,2.843907E-01,3.661419E+03,3.745488E+03,1.403381E-01,6.599305E+03,5.159091E-02,0.000000E+00,0.000000E+00,3.060439E-02,5.146016E+02,1.783351E-01,2.279536E+03,2.333449E+03,8.594925E-02,3.993146E+03,3.060439E-02,0.000000E+00,0.000000E+00
14:00:00,6.805607E-02,1.135220E+03,3.394836E-01,4.440758E+03,4.564001E+03,6.805607E-02,5.306810E+03,6.805607E-02,0.000000E+00,0.000000E+00,5.159091E-02,8.605701E+02,3.791768E-01,4.726621E+03,4.845849E+03,1.408098E-01,6.612999E+03,5.159091E-02,0.000000E+00,0.000000E+00,3.060439E-02,5.105012E+02,2.147182E-01,2.689858E+03,2.755100E+03,8.526056E-02,3.973152E+03,3.060439E-02,0.000000E+00,0.000000E+00,5.159091E-02,8.605701E+02,2.857548E-01,3.683543E+03,3.768258E+03,1.403383E-01,6.599313E+03,5.159091E-02,0.000000E+00,0.000000E+00,3.060439E-02,5.105012E+02,1.809976E-01,2.313351E+03,2.368821E+03,8.594936E-02,3.993149E+03,3.060439E-02,0.000000E+00,0.000000E+00
14:10:00,6.805607E-02,1.135220E+03,3.400860E-01,4.447460E+03,4.570977E+03,6.805607E-02,5.306810E+03,6.805607E-02,0.000000E+00,0.000000E+00,5.159091E-02,8.605701E+02,3.802665E-01,4.738765E+03,4.858249E+03,1.408101E-01,6.613007E+03,5.159091E-02,0.000000E+00,0.000000E+00,3.060439E-02,5.105012E+02,2.144087E-01,2.686390E+03,2.751638E+03,8.526067E-02,3.973156E+03,3.060439E-02,0.000000E+00,0.000000E+00,5.159091E-02,8.605701E+02,2.869869E-01,3.697282E+03,3.782361E+03,1.403386E-01,6.599320E+03,5.159091E-02,0.000000E+00,0.000000E+00,3.060439E-02,5.105012E+02,1.846492E-01,2.354108E+03,2.411303E+03,8.594947E-02,3.993152E+03,3.060439E-02,0.000000E+00,0.000000E+00
14:20:00,6.805607E-02,1.135220E+03,3.406523E-01,4.453758E+03,4.577508E+03,6.805607E-02,5.306810E+03,6.805607E-02,0.000000E+00,0.000000E+00,5.159091E-02,8.605701E+02,3.808393E-01,4.745137E+03,4.864598E+03,1.408103E-01,6.613014E+03,5.159091E-02,0.000000E+00,0.000000E+00,3.060439E-02,5.105012E+02,2.141422E-01,2.683402E+03,2.748561E+03,8.526079E-02,3.973159E+03,3.060439E-02,0.000000E+00,0.000000E+00,5.159091E-02,8.605701E+02,2.881043E-01,3.709739E+03,3.795167E+03,1.403388E-01,6.599327E+03,5.159091E-02,0.000000E+00,0.000000E+00,3.060439E-02,5.105012E+02,1.891778E-01,2.404657E+03,2.463684E+03,8.594959E-02,3.993155E+03,3.060439E-02,0.000000E+00,0.000000E+00
14:30:00,6.805607E-02,1.135220E+03,3.412247E-01,4.460147E+03,4.584154E+03,6.805607E-02,5.306810E+03,6.805607E-02,0.000000E+00,0.000000E+00,5.159091E-02,8.605701E+02,3.810400E-01,4.747377E+03,4.866799E+03,1.408106E-01,6.613022E+03,5.159091E-02,0.000000E+00,0.000000E+00,3.060439E-02,5.105012E+02,2.139058E-01,2.680761E+03,2.745793E+03,8.526091E-02,3.973162E+03,3.060439E-02,0.000000E+00,0.000000E+00,5.159091E-02,8.605701E+02,2.891405E-01,3.721307E+03,3.807112E+03,1.403391E-01,6.599335E+03,5.159091E-02,0.000000E+00,0.000000E+00,3.060439E-02,5.105012E+02,1.947086E-01,2.466405E+03,2.527803E+03,8.594971E-02,3.993159E+03,3.060439E-02,0.000000E+00,0.000000E+00
14:40:00,6.805607E-02,1.135220E+03,3.417820E-01,4.466369E+03,4.590619E+03,6.805607E-02,5.306810E+03,6.805607E-02,0.000000E+00,0.000000E+00,5.159091E-02,8.605701E+02,3.807472E-01,4.744109E+03,4.863241E+03,1.408109E-01,6.613030E+03,5.159091E-02,0.000000E+00,0.000000E+00,3.060439E-02,5.105012E+02,2.136799E-01,2.678238E+03,2.743164E+03,8.526103E-02,3.973166E+03,3.060439E-02,0.000000E+00,0.000000E+00,5.159091E-02,8.605701E+02,2.900822E-01,3.731821E+03,3.817967E+03,1.403393E-01,6.599343E+03,5.159091E-02,0.000000E+00,0.000000E+00,3.060439E-02,5.105012E+02,2.008352E-01,2.534806E+03,2.598674E+03,8.594982E-02,3.993162E+03,3.060439E-02,0.000000E+00,0.000000E+00
14:50:00,6.805607E-02,1.135220E+03,3.423329E-01,4.472520E+03,4.597012E+03,6.805607E-02,5.306810E+03,6.805607E-02,0.000000E+00,0.000000E+00,5.159091E-02,8.605701E+02,3.799401E-01,4.735100E+03,4.853758E+03,1.408111E-01,6.613038E+03,5.159091E-02,0.000000E+00,0.000000E+00,3.060439E-02,5.105012E+02,2.134545E-01,2.675722E+03,2.740588E+03,8.526115E-02,3.973169E+03,3.060439E-02,0.000000E+00,0.000000E+00,5.159091E-02,8.605701E+02,2.909360E-01,3.741354E+03,3.827781E+03,1.403396E-01,6.599350E+03,5.159091E-02,0.000000E+00,0.000000E+00,3.060439E-02,5.105012E+02,2.072862E-01,2.606828E+03,2.672975E+03,8.594994E-02,3.993166E+03,3.060439E-02,0.000000E+00,0.000000E+00
15:00:00,6.805607E-02,1.135220E+03,3.428725E-01,4.478545E+03,4.603273E+03,6.805607E-02,5.306810E+03,6.805607E-02,0.000000E+00,0.000000E+00,5.159091E-02,8.605701E+02,3.786117E-01,4.720270E+03,4.838343E+03,1.408114E-01,6.613045E+03,5.159091E-02,0.000000E+00,0.000000E+00,3.060439E-02,5.105012E+02,2.132194E-01,2.673096E+03,2.737936E+03,8.526127E-02,3.973173E+03,3.060439E-02,0.000000E+00,0.000000E+00,5.159091E-02,8.605701E+02,2.917004E-01,3.749889E+03,3.836515E+03,1.403399E-01,6.599358E+03,5.159091E-02,0.000000E+00,0.000000E+00,3.060439E-02,5.105012E+02,2.140466E-01,2.682306E+03,2.750686E+03,8.595007E-02,3.993169E+03,3.060439E-02,0.000000E+00,0.000000E+00
15:10:00,6.805607E-02,1.146162E+03,3.433962E-01,4.473450E+03,4.598189E+03,6.805607E-02,5.306810E+03,6.805607E-02,0.000000E+00,0.000000E+00,5.159091E-02,8.688647E+02,3.766432E-01,4.689998E+03,4.807078E+03,1.408117E-01,6.613053E+03,5.159091E-02,0.000000E+00,0.000000E+00,3.060439E-02,5.154217E+02,2.128401E-01,2.663940E+03,2.728516E+03,8.526139E-02,3.973176E+03,3.060439E-02,0.000000E+00,0.000000E+00,5.159091E-02,8.688647E+02,2.924153E-01,3.749577E+03,3.836213E+03,1.403401E-01,6.599366E+03,5.159091E-02,0.000000E+00,0.000000E+00,3.060439E-02,5.154217E+02,2.210013E-01,2.755034E+03,2.825394E+03,8.595019E-02,3.993173E+03,3.060439E-02,0.000000E+00,0.000000E+00
15:20:00,6.805607E-02,1.157103E+03,3.438987E-01,4.468118E+03,4.592854E+03,6.805607E-02,5.306810E+03,6.805607E-02,0.000000E+00,0.000000E+00,5.159091E-02,8.771594E+02,3.741358E-01,4.653709E+03,4.769685E+03,1.408120E-01,6.613061E+03,5.159091E-02,0.000000E+00,0.000000E+00,3.060439E-02,5.203422E+02,2.123900E-01,2.653995E+03,2.718284E+03,8.526152E-02,3.973180E+03,3.060439E-02,0.000000E+00,0.000000E+00,5.159091E-02,8.771594E+02,2.930484E-01,3.748351E+03,3.834981E+03,1.403404E-01,6.599373E+03,5.159091E-02,0.000000E+00,0.000000E+00,3.060439E-02,5.203422E+02,2.282326E-01,2.830852E+03,2.903184E+03,8.595031E-02,3.993176E+03,3.060439E-02,0.000000E+00,0.000000E+00
15:30:00,6.805607E-02,1.168045E+03,3.443757E-01,4.462502E+03,4.587219E+03,6.805607E-02,5.306810E+03,6.805607E-02,0.000000E+00,0.000000E+00,5.159091E-02,8.854540E+02,3.710027E-01,4.610435E+03,4.725056E+03,1.408122E-01,6.613069E+03,5.159091E-02,0.000000E+00,0.000000E+00,3.060439E-02,5.252627E+02,2.118776E-01,2.643354E+03,2.707349E+03,8.526164E-02,3.973184E+03,3.060439E-02,0.000000E+00,0.000000E+00,5.159091E-02,8.854540E+02,2.935916E-01,3.746122E+03,3.832734E+03,1.403407E-01,6.599381E+03,5.159091E-02,0.000000E+00,0.000000E+00,3.060439E-02,5.252627E+02,2.356442E-01,2.908682E+03,2.982906E+03,8.595044E-02,3.993180E+03,3.060439E-02,0.000000E+00,0.000000E+00
15:40:00,6.805607E-02,1.178987E+03,3.448230E-01,4.456554E+03,4.581232E+03,6.805607E-02,5.306810E+03,6.805607E-02,0.000000E+00,0.000000E+00,5.159091E-02,8.937487E+02,3.673779E-01,4.561672E+03,4.674761E+03,1.408125E-01,6.613077E+03,5.159091E-02,0.000000E+00,0.000000E+00,3.060439E-02,5.301832E+02,2.112988E-01,2.631971E+03,2.695653E+03,8.526177E-02,3.973187E+03,3.060439E-02,0.000000E+00,0.000000E+00,5.159091E-02,8.937487E+02,2.940411E-01,3.742846E+03,3.829412E+03,1.403409E-01,6.599389E+03,5.159091E-02,0.000000E+00,0.000000E+00,3.060439E-02,5.301832E+02,2.430807E-01,2.986790E+03,3.062702E+03,8.595056E-02,3.993184E+03,3.060439E-02,0.000000E+00,0.000000E+00
15:50:00,6.805607E-02,1.189929E+03,3.452367E-01,4.450232E+03,4.574849E+03,6.805607E-02,5.306810E+03,6.805607E-02,0.000000E+00,0.000000E+00,5.159091E-02,9.020433E+02,3.633419E-01,4.508316E+03,4.619716E+03,1.408128E-01,6.613085E+03,5.159091E-02,0.000000E+00,0.000000E+00,3.060439E-02,5.351037E+02,2.106506E-01,2.619813E+03,2.683150E+03,8.526189E-02,3.973191E+03,3.060439E-02,0.000000E+00,0.000000E+00,5.159091E-02,9.020433E+02,2.943908E-01,3.738457E+03,3.824922E+03,1.403412E-01,6.599397E+03,5.159091E-02,0.000000E+00,0.000000E+00,3.060439E-02,5.351037E+02,2.504424E-01,3.064065E+03,3.141547E+03,8.595069E-02,3.993187E+03,3.060439E-02,0.000000E+00,0.000000E+00
16:00:00,6.805607E-02,1.200871E+03,3.456142E-01,4.443505E+03,4.568040E+03,6.805607E-02,5.306810E+03,6.805607E-02,0.000000E+00,0.000000E+00,5.159091E-02,9.103380E+02,3.591249E-01,4.452939E+03,4.562693E+03,1.408130E-01,6.613093E+03,5.159091E-02,0.000000E+00,0.000000E+00,3.060439E-02,5.400242E+02,2.099288E-01,2.606835E+03,2.669782E+03,8.526202E-02,3.973195E+03,3.060439E-02,0.000000E+00,0.000000E+00,5.159091E-02,9.103380E+02,2.946318E-01,3.732853E+03,3.819139E+03,1.403415E-01,6.599404E+03,5.159091E-02,0.000000E+00,0.000000E+00,3.060439E-02,5.400242E+02,2.575847E-01,3.138890E+03,3.217926E+03,8.595082E-02,3.993191E+03,3.060439E-02,0.000000E+00,0.000000E+00
16:10:00,6.805607E-02,1.215460E+03,3.459542E-01,4.432712E+03,4.557073E+03,6.805607E-02,5.306810E+03,6.805607E-02,0.000000E+00,0.000000E+00,5.159091E-02,9.213975E+02,3.549455E-01,4.395218E+03,4.503325E+03,1.408133E-01,6.613101E+03,5.159091E-02,0.000000E+00,0.000000E+00,3.060439E-02,5.465849E+02,2.091520E-01,2.591601E+03,2.654105E+03,8.526215E-02,3.973198E+03,3.060439E-02,0.000000E+00,0.000000E+00,5.159091E-02,9.213975E+02,2.947884E-01,3.723542E+03,3.809554E+03,1.403417E-01,6.599412E+03,5.159091E-02,0.000000E+00,0.000000E+00,3.060439E-02,5.465849E+02,2.644444E-01,3.208919E+03,3.289506E+03,8.595094E-02,3.993195E+03,3.060439E-02,0.000000E+00,0.000000E+00
16:20:00,6.805607E-02,1.230049E+03,3.462562E-01,4.421494E+03,4.545659E+03,6.805607E-02,5.306810E+03,6.805607E-02,0.000000E+00,0.000000E+00,5.159091E-02,9.324570E+02,3.509795E-01,4.339878E+03,4.446373E+03,1.408136E-01,6.613109E+03,5.159091E-02,0.000000E+00,0.000000E+00,3.060439E-02,5.531455E+02,2.083175E-01,2.575723E+03,2.637764E+03,8.526227E-02,3.973202E+03,3.060439E-02,0.000000E+00,0.000000E+00,5.159091E-02,9.324570E+02,2.948476E-01,3.713145E+03,3.798845E+03,1.403420E-01,6.599420E+03,5.159091E-02,0.000000E+00,0.000000E+00,3.060439E-02,5.531455E+02,2.709482E-01,3.274977E+03,3.357065E+03,8.595107E-02,3.993198E+03,3.060439E-02,0.000000E+00,0.000000E+00
16:30:00,6.805607E-02,1.244638E+03,3.465198E-01,4.409849E+03,4.533800E+03,6.805607E-02,5.306810E+03,6.805607E-02,0.000000E+00,0.000000E+00,5.159091E-02,9.435166E+02,3.472012E-01,4.286634E+03,4.391379E+03,1.408139E-01,6.613117E+03,5.159091E-02,0.000000E+00,0.000000E+00,3.060439E-02,5.597062E+02,2.073646E-01,2.558523E+03,2.620011E+03,8.526240E-02,3.973206E+03,3.060439E-02,0.000000E+00,0.000000E+00,5.159091E-02,9.435166E+02,2.946994E-01,3.700431E+03,3.785638E+03,1.403423E-01,6.599428E+03,5.159091E-02,0.000000E+00,0.000000E+00,3.060439E-02,5.597062E+02,2.771237E-01,3.337368E+03,3.420895E+03,8.595120E-02,3.993202E+03,3.060439E-02,0.000000E+00,0.000000E+00
16:40:00,6.805607E-02,1.259228E+03,3.467444E-01,4.397768E+03,4.521483E+03,6.805607E-02,5.306810E+03,6.805607E-02,0.000000E+00,0.000000E+00,5.159091E-02,9.545761E+02,3.437934E-01,4.237526E+03,4.340742E+03,1.408141E-01,6.613125E+03,5.159091E-02,0.000000E+00,0.000000E+00,3.060439E-02,5.662668E+02,2.063340E-01,2.540456E+03,2.601413E+03,8.526253E-02,3.973209E+03,3.060439E-02,0.000000E+00,0.000000E+00,5.159091E-02,9.545761E+02,2.944004E-01,3.686033E+03,3.770768E+03,1.403425E-01,6.599436E+03,5.159091E-02,0.000000E+00,0.000000E+00,3.060439E-02,5.662668E+02,2.829579E-01,3.395949E+03,3.480700E+03,8.595132E-02,3.993206E+03,3.060439E-02,0.000000E+00,0.000000E+00
16:50:00,6.805607E-02,1.273817E+03,3.469309E-01,4.385261E+03,4.508720E+03,6.805607E-02,5.306810E+03,6.805607E-02,0.000000E+00,0.000000E+00,5.159091E-02,9.656356E+02,3.408164E-01,4.193227E+03,4.295202E+03,1.408144E-01,6.613133E+03,5.159091E-02,0.000000E+00,0.000000E+00,3.060439E-02,5.728275E+02,2.052335E-01,2.521608E+03,2.582037E+03,8.526266E-02,3.973213E+03,3.060439E-02,0.000000E+00,0.000000E+00,5.159091E-02,9.656356E+02,2.939582E-01,3.670037E+03,3.754292E+03,1.403428E-01,6.599443E+03,5.159091E-02,0.000000E+00,0.000000E+00,3.060439E-02,5.728275E+02,2.885148E-01,3.451434E+03,3.537297E+03,8.595145E-02,3.993209E+03,3.060439E-02,0.000000E+00,0.000000E+00
17:00:00,6.805607E-02,1.288406E+03,3.470633E-01,4.372161E+03,4.495332E+03,6.805607E-02,5.306810E+03,6.805607E-02,0.000000E+00,0.000000E+00,5.159091E-02,9.766952E+02,3.381225E-01,4.152099E+03,4.253026E+03,1.408147E-01,6.613141E+03,5.159091E-02,0.000000E+00,0.000000E+00,3.060439E-02,5.793882E+02,2.040572E-01,2.501920E+03,2.561846E+03,8.526278E-02,3.973217E+03,3.060439E-02,0.000000E+00,0.000000E+00,5.159091E-02,9.766952E+02,2.933581E-01,3.652286E+03,3.736019E+03,1.403431E-01,6.599451E+03,5.159091E-02,0.000000E+00,0.000000E+00,3.060439E-02,5.793882E+02,2.937492E-01,3.503326E+03,3.590037E+03,8.595158E-02,3.993213E+03,3.060439E-02,0.000000E+00,0.000000E+00
17:10:00,6.805607E-02,1.306642E+03,3.471610E-01,4.355039E+03,4.477918E+03,6.805607E-02,5.306810E+03,6.805607E-02,0.000000E+00,0.000000E+00,5.159091E-02,9.905196E+02,3.358485E-01,4.112903E+03,4.212407E+03,1.408150E-01,6.613148E+03,5.159091E-02,0.000000E+00,0.000000E+00,3.060439E-02,5.875890E+02,2.028180E-01,2.479895E+03,2.539004E+03,8.526291E-02,3.973220E+03,3.060439E-02,0.000000E+00,0.000000E+00,5.159091E-02,9.905196E+02,2.926174E-01,3.630211E+03,3.713149E+03,1.403433E-01,6.599459E+03,5.159091E-02,0.000000E+00,0.000000E+00,3.060439E-02,5.875890E+02,2.986129E-01,3.549448E+03,3.637708E+03,8.595170E-02,3.993217E+03,3.060439E-02,0.000000E+00,0.000000E+00
17:20:00,6.805607E-02,1.324879E+03,3.472275E-01,4.337571E+03,4.460055E+03,6.805607E-02,5.306810E+03,6.805607E-02,0.000000E+00,0.000000E+00,5.159091E-02,1.004344E+03,3.337333E-01,4.075481E+03,4.174270E+03,1.408152E-01,6.613156E+03,5.159091E-02,0.000000E+00,0.000000E+00,3.060439E-02,5.957898E+02,2.015137E-01,2.457143E+03,2.515760E+03,8.526304E-02,3.973224E+03,3.060439E-02,0.000000E+00,0.000000E+00,5.159091E-02,1.004344E+03,2.917367E-01,3.606571E+03,3.688814E+03,1.403436E-01,6.599466E+03,5.159091E-02,0.000000E+00,0.000000E+00,3.060439E-02,5.957898E+02,3.030408E-01,3.590706E+03,3.679239E+03,8.595183E-02,3.993220E+03,3.060439E-02,0.000000E+00,0.000000E+00
17:30:00,6.805607E-02,1.343115E+03,3.472633E-01,4.319758E+03,4.441840E+03,6.805607E-02,5.306810E+03,6.805607E-02,0.000000E+00,0.000000E+00,5.159091E-02,1.018168E+03,3.318062E-01,4.040159E+03,4.138140E+03,1.408155E-01,6.613164E+03,5.159091E-02,0.000000E+00,0.000000E+00,3.060439E-02,6.039906E+02,2.002039E-01,2.434329E+03,2.492404E+03,8.526316E-02,3.973228E+03,3.060439E-02,0.000000E+00,0.000000E+00,5.159091E-02,1.018168E+03,2.908230E-01,3.582563E+03,3.664137E+03,1.403439E-01,6.599474E+03,5.159091E-02,0.000000E+00,0.000000E+00,3.060439E-02,6.039906E+02,3.068929E-01,3.625535E+03,3.714640E+03,8.595196E-02,3.993224E+03,3.060439E-02,0.000000E+00,0.000000E+00
17:40:00,6.805607E-02,1.361352E+03,3.472819E-01,4.301755E+03,4.423438E+03,6.805607E-02,5.306810E+03,6.805607E-02,0.000000E+00,0.000000E+00,5.159091E-02,1.031993E+03,3.299195E-01,4.005288E+03,4.102455E+03,1.408158E-01,6.613172E+03,5.159091E-02,0.000000E+00,0.000000E+00,3.060439E-02,6.121914E+02,1.988479E-01,2.410999E+03,2.468462E+03,8.526329E-02,3.973232E+03,3.060439E-02,0.000000E+00,0.000000E+00,5.159091E-02,1.031993E+03,2.898336E-01,3.557710E+03,3.638574E+03,1.403441E-01,6.599482E+03,5.159091E-02,0.000000E+00,0.000000E+00,3.060439E-02,6.121914E+02,3.102345E-01,3.654665E+03,3.744462E+03,8.595208E-02,3.993228E+03,3.060439E-02,0.000000E+00,0.000000E+00
17:50:00,6.805607E-02,1.379588E+03,3.473113E-01,4.283871E+03,4.405184E+03,6.805607E-02,5.306810E+03,6.805607E-02,0.000000E+00,0.000000E+00,5.159091E-02,1.045817E+03,3.280177E-01,3.970248E+03,4.066608E+03,1.408160E-01,6.613179E+03,5.159091E-02,0.000000E+00,0.000000E+00,3.060439E-02,6.203923E+02,1.974379E-01,2.387067E+03,2.443861E+03,8.526342E-02,3.973235E+03,3.060439E-02,0.000000E+00,0.000000E+00,5.159091E-02,1.045817E+03,2.889180E-01,3.533680E+03,3.613946E+03,1.403444E-01,6.599489E+03,5.159091E-02,0.000000E+00,0.000000E+00,3.060439E-02,6.203923E+02,3.130611E-01,3.678044E+03,3.768464E+03,8.595221E-02,3.993231E+03,3.060439E-02,0.000000E+00,0.000000E+00
18:00:00,6.805607E-02,1.397825E+03,3.473986E-01,4.266623E+03,4.387628E+03,6.805607E-02,5.306810E+03,6.805607E-02,0.000000E+00,0.000000E+00,5.159091E-02,1.059642E+03,3.260820E-01,3.934821E+03,4.030386E+03,1.408163E-01,6.613187E+03,5.159091E-02,0.000000E+00,0.000000E+00,3.060439E-02,6.285931E+02,1.961276E-01,2.364242E+03,2.420474E+03,8.526354E-02,3.973239E+03,3.060439E-02,0.000000E+00,0.000000E+00,5.159091E-02,1.059642E+03,2.884569E-01,3.514717E+03,3.594761E+03,1.403446E-01,6.599497E+03,5.159091E-02,0.000000E+00,0.000000E+00,3.060439E-02,6.285931E+02,3.153496E-01,3.695408E+03,3.786309E+03,8.595233E-02,3.993235E+03,3.060439E-02,0.000000E+00,0.000000E+00
18:10:00,6.805607E-02,1.425179E+03,3.475482E-01,4.240938E+03,4.361485E+03,6.805607E-02,5.306810E+03,6.805607E-02,0.000000E+00,0.000000E+00,5.159091E-02,1.080378E+03,3.238168E-01,3.888792E+03,3.983071E+03,1.430144E-01,6.677000E+03,5.159091E-02,0.000000E+00,0.000000E+00,3.060439E-02,6.408943E+02,1.947923E-01,2.337031E+03,2.392439E+03,8.672890E-02,4.015779E+03,3.060439E-02,0.000000E+00,0.000000E+00,5.159091E-02,1.080378E+03,2.883122E-01,3.492365E+03,3.571838E+03,1.426443E-01,6.666257E+03,5.159091E-02,0.000000E+00,0.000000E+00,3.060439E-02,6.408943E+02,3.170304E-01,3.701875E+03,3.793033E+03,8.741769E-02,4.035775E+03,3.060439E-02,0.000000E+00,0.000000E+00
18:20:00,6.805607E-02,1.452534E+03,3.477694E-01,4.216054E+03,4.336171E+03,6.805607E-02,5.306810E+03,6.805607E-02,0.000000E+00,0.000000E+00,5.159091E-02,1.101115E+03,3.215936E-01,3.843233E+03,3.936360E+03,1.452129E-01,6.740825E+03,5.159091E-02,0.000000E+00,0.000000E+00,3.060439E-02,6.531956E+02,1.934171E-01,2.309375E+03,2.363906E+03,8.819453E-02,4.058328E+03,3.060439E-02,0.000000E+00,0.000000E+00,5.159091E-02,1.101115E+03,2.887128E-01,3.476100E+03,3.555292E+03,1.449444E-01,6.733031E+03,5.159091E-02,0.000000E+00,0.000000E+00,3.060439E-02,6.531956E+02,3.180468E-01,3.700924E+03,3.792255E+03,8.888332E-02,4.078324E+03,3.060439E-02,0.000000E+00,0.000000E+00
18:30:00,6.805607E-02,1.479889E+03,3.480657E-01,4.192007E+03,4.311737E+03,6.805607E-02,5.306810E+03,6.805607E-02,0.000000E+00,0.000000E+00,5.159091E-02,1.121852E+03,3.192663E-01,3.796511E+03,3.888213E+03,1.474125E-01,6.804682E+03,5.159091E-02,0.000000E+00,0.000000E+00,3.060439E-02,6.654968E+02,1.920041E-01,2.281297E+03,2.335004E+03,8.966083E-02,4.100898E+03,3.060439E-02,0.000000E+00,0.000000E+00,5.159091E-02,1.121852E+03,2.896907E-01,3.466283E+03,3.545519E+03,1.472455E-01,6.799837E+03,5.159091E-02,0.000000E+00,0.000000E+00,3.060439E-02,6.654968E+02,3.183137E-01,3.691604E+03,3.783025E+03,9.034962E-02,4.120894E+03,3.060439E-02,0.000000E+00,0.000000E+00
18:40:00,6.805607E-02,1.507244E+03,3.484160E-01,4.168564E+03,4.287947E+03,6.805607E-02,5.306810E+03,6.805607E-02,0.000000E+00,0.000000E+00,5.159091E-02,1.142588E+03,3.168044E-01,3.748286E+03,3.838430E+03,1.496132E-01,6.868577E+03,5.159091E-02,0.000000E+00,0.000000E+00,3.060439E-02,6.777980E+02,1.905578E-01,2.252848E+03,2.305775E+03,9.112793E-02,4.143493E+03,3.060439E-02,0.000000E+00,0.000000E+00,5.159091E-02,1.142588E+03,2.910811E-01,3.461070E+03,3.540517E+03,1.495479E-01,6.866683E+03,5.159091E-02,0.000000E+00,0.000000E+00,3.060439E-02,6.777980E+02,3.176981E-01,3.672429E+03,3.763790E+03,9.181673E-02,4.163489E+03,3.060439E-02,0.000000E+00,0.000000E+00
18:50:00,6.805607E-02,1.534598E+03,3.487750E-01,4.145217E+03,4.264260E+03,6.805607E-02,5.306810E+03,6.805607E-02,0.000000E+00,0.000000E+00,5.159091E-02,1.163325E+03,3.142038E-01,3.698513E+03,3.787118E+03,1.518150E-01,6.932505E+03,5.159091E-02,0.000000E+00,0.000000E+00,3.060439E-02,6.900993E+02,1.890818E-01,2.224067E+03,2.276236E+03,9.259569E-02,4.186109E+03,3.060439E-02,0.000000E+00,0.000000E+00,5.159091E-02,1.163325E+03,2.925657E-01,3.456909E+03,3.536654E+03,1.518514E-01,6.933564E+03,5.159091E-02,0.000000E+00,0.000000E+00,3.060439E-02,6.900993E+02,3.161419E-01,3.642754E+03,3.733864E+03,9.328450E-02,4.206106E+03,3.060439E-02,0.000000E+00,0.000000E+00
19:00:00,6.805607E-02,1.561953E+03,3.490875E-01,4.121352E+03,4.240020E+03,6.805607E-02,5.306810E+03,6.805607E-02,0.000000E+00,0.000000E+00,5.159091E-02,1.184061E+03,3.113907E-01,3.646367E+03,3.733356E+03,1.540177E-01,6.996462E+03,5.159091E-02,0.000000E+00,0.000000E+00,3.060439E-02,7.024005E+02,1.873922E-01,2.192900E+03,2.244075E+03,9.406402E-02,4.228743E+03,3.060439E-02,0.000000E+00,0.000000E+00,5.159091E-02,1.184061E+03,2.935599E-01,3.447272E+03,3.526954E+03,1.541557E-01,7.000473E+03,5.159091E-02,0.000000E+00,0.000000E+00,3.060439E-02,7.024005E+02,3.133510E-01,3.599292E+03,3.689733E+03,9.475284E-02,4.248741E+03,3.060439E-02,0.000000E+00,0.000000E+00
19:10:00,6.805607E-02,1.582013E+03,3.493004E-01,4.103669E+03,4.222037E+03,6.805607E-02,5.306810E+03,6.805607E-02,0.000000E+00,0.000000E+00,5.159091E-02,1.199268E+03,3.090069E-01,3.604545E+03,3.687185E+03,1.540233E-01,6.996636E+03,5.159091E-02,0.000000E+00,0.000000E+00,3.060439E-02,7.114214E+02,1.860068E-01,2.168411E+03,2.216665E+03,9.406762E-02,4.228857E+03,3.060439E-02,0.000000E+00,0.000000E+00,5.159091E-02,1.199268E+03,2.947632E-01,3.445502E+03,3.522486E+03,1.541615E-01,7.000654E+03,5.159091E-02,0.000000E+00,0.000000E+00,3.060439E-02,7.114214E+02,3.097957E-01,3.550577E+03,3.636786E+03,9.475645E-02,4.248854E+03,3.060439E-02,0.000000E+00,0.000000E+00
19:20:00,6.805607E-02,1.602073E+03,3.493744E-01,4.084435E+03,4.202413E+03,6.805607E-02,5.306810E+03,6.805607E-02,0.000000E+00,0.000000E+00,5.159091E-02,1.214475E+03,3.062609E-01,3.558680E+03,3.623555E+03,1.540291E-01,6.996820E+03,5.159091E-02,0.000000E+00,0.000000E+00,3.060439E-02,7.204423E+02,1.845728E-01,2.143380E+03,2.179904E+03,9.407139E-02,4.228975E+03,3.060439E-02,0.000000E+00,0.000000E+00,5.159091E-02,1.214475E+03,2.952585E-01,3.435827E+03,3.496337E+03,1.541676E-01,7.000843E+03,5.159091E-02,0.000000E+00,0.000000E+00,3.060439E-02,7.204423E+02,3.049662E-01,3.487635E+03,3.557127E+03,9.476023E-02,4.248973E+03,3.060439E-02,0.000000E+00,0.000000E+00
19:30:00,6.805607E-02,1.622133E+03,3.492855E-01,4.063382E+03,4.180870E+03,6.805607E-02,5.306810E+03,6.805607E-02,0.000000E+00,0.000000E+00,5.159091E-02,1.229682E+03,3.035471E-01,3.513176E+03,3.560192E+03,1.540345E-01,6.996989E+03,5.159091E-02,0.000000E+00,0.000000E+00,3.060439E-02,7.294632E+02,1.832351E-01,2.119425E+03,2.144247E+03,9.407488E-02,4.229085E+03,3.060439E-02,0.000000E+00,0.000000E+00,5.159091E-02,1.229682E+03,2.950832E-01,3.418667E+03,3.461737E+03,1.541731E-01,7.001019E+03,5.159091E-02,0.000000E+00,0.000000E+00,3.060439E-02,7.294632E+02,2.989038E-01,3.410931E+03,3.465892E+03,9.476372E-02,4.249083E+03,3.060439E-02,0.000000E+00,0.000000E+00
19:40:00,6.805607E-02,1.642193E+03,3.490259E-01,4.040424E+03,4.157312E+03,6.805607E-02,5.306810E+03,6.805607E-02,0.000000E+00,0.000000E+00,5.159091E-02,1.244889E+03,3.007259E-01,3.466474E+03,3.501734E+03,1.540392E-01,6.997137E+03,5.159091E-02,0.000000E+00,0.000000E+00,3.060439E-02,7.384841E+02,1.818801E-01,2.095278E+03,2.112572E+03,9.407792E-02,4.229180E+03,3.060439E-02,0.000000E+00,0.000000E+00,5.159091E-02,1.244889E+03,2.941200E-01,3.392712E+03,3.424063E+03,1.541780E-01,7.001171E+03,5.159091E-02,0.000000E+00,0.000000E+00,3.060439E-02,7.384841E+02,2.913918E-01,3.318041E+03,3.365273E+03,9.476677E-02,4.249179E+03,3.060439E-02,0.000000E+00,0.000000E+00
19:50:00,6.805607E-02,1.662253E+03,3.485867E-01,4.015460E+03,4.131625E+03,6.805607E-02,5.306810E+03,6.805607E-02,0.000000E+00,0.000000E+00,5.159091E-02,1.260096E+03,2.977469E-01,3.418011E+03,3.445493E+03,1.540434E-01,6.997266E+03,5.159091E-02,0.000000E+00,0.000000E+00,3.060439E-02,7.475050E+02,1.804609E-01,2.070415E+03,2.082880E+03,9.408060E-02,4.229264E+03,3.060439E-02,0.000000E+00,0.000000E+00,5.159091E-02,1.260096E+03,2.920421E-01,3.354311E+03,3.377449E+03,1.541823E-01,7.001304E+03,5.159091E-02,0.000000E+00,0.000000E+00,3.060439E-02,7.475050E+02,2.823909E-01,3.208528E+03,3.250988E+03,9.476945E-02,4.249262E+03,3.060439E-02,0.000000E+00,0.000000E+00
20:00:00,6.805607E-02,1.682314E+03,3.479529E-01,3.988324E+03,4.103628E+03,6.805607E-02,5.306810E+03,6.805607E-02,0.000000E+00,0.000000E+00,5.159091E-02,1.275303E+03,2.946860E-01,3.368633E+03,3.390775E+03,1.540471E-01,6.997379E+03,5.159091E-02,0.000000E+00,0.000000E+00,3.060439E-02,7.565259E+02,1.790007E-01,2.045095E+03,2.054352E+03,9.408299E-02,4.229337E+03,3.060439E-02,0.000000E+00,0.000000E+00,5.159091E-02,1.275303E+03,2.888134E-01,3.303061E+03,3.320160E+03,1.541861E-01,7.001422E+03,5.159091E-02,0.000000E+00,0.000000E+00,3.060439E-02,7.565259E+02,2.723760E-01,3.087693E+03,3.126518E+03,9.477184E-02,4.249336E+03,3.060439E-02,0.000000E+00,0.000000E+00
20:10:00,6.805607E-02,1.698726E+03,3.471164E-01,3.962571E+03,4.076971E+03,6.805607E-02,5.306810E+03,6.805607E-02,0.000000E+00,0.000000E+00,5.159091E-02,1.287745E+03,2.908881E-01,3.313792E+03,3.331390E+03,1.540504E-01,6.997479E+03,5.159091E-02,0.000000E+00,0.000000E+00,3.060439E-02,7.639067E+02,1.770606E-01,2.016055E+03,2.022664E+03,9.408511E-02,4.229402E+03,3.060439E-02,0.000000E+00,0.000000E+00,5.159091E-02,1.287745E+03,2.837911E-01,3.234549E+03,3.246229E+03,1.541895E-01,7.001525E+03,5.159091E-02,0.000000E+00,0.000000E+00,3.060439E-02,7.639067E+02,2.610948E-01,2.954357E+03,2.989384E+03,9.477396E-02,4.249401E+03,3.060439E-02,0.000000E+00,0.000000E+00
20:20:00,6.805607E-02,1.715139E+03,3.460844E-01,3.934636E+03,4.048052E+03,6.805607E-02,5.306810E+03,6.805607E-02,0.000000E+00,0.000000E+00,5.159091E-02,1.300187E+03,2.870765E-01,3.258795E+03,3.272932E+03,1.540533E-01,6.997568E+03,5.159091E-02,0.000000E+00,0.000000E+00,3.060439E-02,7.712874E+02,1.750807E-01,1.986571E+03,1.991216E+03,9.408700E-02,4.229460E+03,3.060439E-02,0.000000E+00,0.000000E+00,5.159091E-02,1.300187E+03,2.782962E-01,3.160760E+03,3.168243E+03,1.541925E-01,7.001617E+03,5.159091E-02,0.000000E+00,0.000000E+00,3.060439E-02,7.712874E+02,2.499410E-01,2.822441E+03,2.853871E+03,9.477585E-02,4.249458E+03,3.060439E-02,0.000000E+00,0.000000E+00
20:30:00,6.805607E-02,1.731552E+03,3.448908E-01,3.904897E+03,4.017281E+03,6.805607E-02,5.306810E+03,6.805607E-02,0.000000E+00,0.000000E+00,5.159091E-02,1.312629E+03,2.831003E-01,3.201960E+03,3.212988E+03,1.540559E-01,6.997647E+03,5.159091E-02,0.000000E+00,0.000000E+00,3.060439E-02,7.786682E+02,1.729490E-01,1.955390E+03,1.958300E+03,9.408869E-02,4.229511E+03,3.060439E-02,0.000000E+00,0.000000E+00,5.159091E-02,1.312629E+03,2.724464E-01,3.083005E+03,3.086330E+03,1.541952E-01,7.001698E+03,5.159091E-02,0.000000E+00,0.000000E+00,3.060439E-02,7.786682E+02,2.392996E-01,2.696245E+03,2.723702E+03,9.477753E-02,4.249509E+03,3.060439E-02,0.000000E+00,0.000000E+00
20:40:00,6.805607E-02,1.747965E+03,3.435786E-01,3.873834E+03,3.985134E+03,6.805607E-02,5.306810E+03,6.805607E-02,0.000000E+00,0.000000E+00,5.159091E-02,1.325071E+03,2.791837E-01,3.145788E+03,3.153996E+03,1.540582E-01,6.997717E+03,5.159091E-02,0.000000E+00,0.000000E+00,3.060439E-02,7.860489E+02,1.707930E-01,1.923938E+03,1.925278E+03,9.409019E-02,4.229556E+03,3.060439E-02,0.000000E+00,0.000000E+00,5.159091E-02,1.325071E+03,2.665733E-01,3.004989E+03,3.003932E+03,1.541976E-01,7.001770E+03,5.159091E-02,0.000000E+00,0.000000E+00,3.060439E-02,7.860489E+02,2.296822E-01,2.581480E+03,2.604830E+03,9.477903E-02,4.249554E+03,3.060439E-02,0.000000E+00,0.000000E+00
20:50:00,6.805607E-02,1.764378E+03,3.422015E-01,3.842045E+03,3.952211E+03,6.805607E-02,5.306810E+03,6.805607E-02,0.000000E+00,0.000000E+00,5.159091E-02,1.337513E+03,2.754327E-01,3.091466E+03,3.097120E+03,1.540603E-01,6.997779E+03,5.159091E-02,0.000000E+00,0.000000E+00,3.060439E-02,7.934296E+02,1.686810E-01,1.892976E+03,1.892890E+03,9.409153E-02,4.229596E+03,3.060439E-02,0.000000E+00,0.000000E+00,5.159091E-02,1.337513E+03,2.612221E-01,2.932799E+03,2.927747E+03,1.541997E-01,7.001834E+03,5.159091E-02,0.000000E+00,0.000000E+00,3.060439E-02,7.934296E+02,2.213582E-01,2.481156E+03,2.500769E+03,9.478036E-02,4.249594E+03,3.060439E-02,0.000000E+00,0.000000E+00
21:00:00,6.805607E-02,1.780790E+03,3.408236E-01,3.810248E+03,3.919270E+03,6.805607E-02,5.306810E+03,6.805607E-02,0.000000E+00,0.000000E+00,5.159091E-02,1.349954E+03,2.718943E-01,3.039515E+03,3.042864E+03,1.540621E-01,6.997834E+03,5.159091E-02,0.000000E+00,0.000000E+00,3.060439E-02,8.008104E+02,1.666430E-01,1.862840E+03,1.861448E+03,9.409272E-02,4.229632E+03,3.060439E-02,0.000000E+00,0.000000E+00,5.159091E-02,1.349954E+03,2.566930E-01,2.869788E+03,2.861554E+03,1.542016E-01,7.001891E+03,5.159091E-02,0.000000E+00,0.000000E+00,3.060439E-02,8.008104E+02,2.143386E-01,2.395397E+03,2.411898E+03,9.478155E-02,4.249630E+03,3.060439E-02,0.000000E+00,0.000000E+00
21:10:00,6.805607E-02,1.797203E+03,3.395044E-01,3.779105E+03,3.887037E+03,6.805607E-02,5.306810E+03,6.805607E-02,0.000000E+00,0.000000E+00,5.159091E-02,1.362396E+03,2.686680E-01,2.991051E+03,2.992431E+03,1.540638E-01,6.997884E+03,5.159091E-02,0.000000E+00,0.000000E+00,3.060439E-02,8.081911E+02,1.647441E-01,1.834257E+03,1.831726E+03,9.409379E-02,4.229664E+03,3.060439E-02,0.000000E+00,0.000000E+00,5.159091E-02,1.362396E+03,2.531121E-01,2.817363E+03,2.806981E+03,1.542034E-01,7.001942E+03,5.159091E-02,0.000000E+00,0.000000E+00,3.060439E-02,8.081911E+02,2.086411E-01,2.324399E+03,2.338607E+03,9.478262E-02,4.249662E+03,3.060439E-02,0.000000E+00,0.000000E+00
21:20:00,6.805607E-02,1.813616E+03,3.382814E-01,3.749037E+03,3.855980E+03,6.805607E-02,5.306810E+03,6.805607E-02,0.000000E+00,0.000000E+00,5.159091E-02,1.374838E+03,2.656342E-01,2.944735E+03,2.944308E+03,1.540653E-01,6.997929E+03,5.159091E-02,0.000000E+00,0.000000E+00,3.060439E-02,8.155719E+02,1.629296E-01,1.806616E+03,1.803028E+03,9.409476E-02,4.229692E+03,3.060439E-02,0.000000E+00,0.000000E+00,5.159091E-02,1.374838E+03,2.498907E-01,2.768952E+03,2.756709E+03,1.542049E-01,7.001988E+03,5.159091E-02,0.000000E+00,0.000000E+00,3.060439E-02,8.155719E+02,2.036033E-01,2.260768E+03,2.272957E+03,9.478358E-02,4.249690E+03,3.060439E-02,0.000000E+00,0.000000E+00
21:30:00,6.805607E-02,1.830029E+03,3.371582E-01,3.720084E+03,3.826131E+03,6.805607E-02,5.306810E+03,6.805607E-02,0.000000E+00,0.000000E+00,5.159091E-02,1.387280E+03,2.627559E-01,2.900155E+03,2.898028E+03,1.540667E-01,6.997969E+03,5.159091E-02,0.000000E+00,0.000000E+00,3.060439E-02,8.229526E+02,1.611830E-01,1.779734E+03,1.775135E+03,9.409563E-02,4.229718E+03,3.060439E-02,0.000000E+00,0.000000E+00,5.159091E-02,1.387280E+03,2.468786E-01,2.722878E+03,2.708881E+03,1.542063E-01,7.002029E+03,5.159091E-02,0.000000E+00,0.000000E+00,3.060439E-02,8.229526E+02,1.990287E-01,2.202308E+03,2.212621E+03,9.478445E-02,4.249716E+03,3.060439E-02,0.000000E+00,0.000000E+00
21:40:00,6.805607E-02,1.846442E+03,3.361466E-01,3.692375E+03,3.797478E+03,6.805607E-02,5.306810E+03,6.805607E-02,0.000000E+00,0.000000E+00,5.159091E-02,1.399722E+03,2.600300E-01,2.857277E+03,2.853252E+03,1.540679E-01,6.998006E+03,5.159091E-02,0.000000E+00,0.000000E+00,3.060439E-02,8.303333E+02,1.595120E-01,1.753696E+03,1.747972E+03,9.409642E-02,4.229741E+03,3.060439E-02,0.000000E+00,0.000000E+00,5.159091E-02,1.399722E+03,2.440488E-01,2.678839E+03,2.662856E+03,1.542076E-01,7.002067E+03,5.159091E-02,0.000000E+00,0.000000E+00,3.060439E-02,8.303333E+02,1.948534E-01,2.148307E+03,2.156511E+03,9.478523E-02,4.249739E+03,3.060439E-02,0.000000E+00,0.000000E+00
21:50:00,6.805607E-02,1.862855E+03,3.351948E-01,3.665315E+03,3.769341E+03,6.805607E-02,5.306810E+03,6.805607E-02,0.000000E+00,0.000000E+00,5.159091E-02,1.412164E+03,2.574224E-01,2.815708E+03,2.809610E+03,1.540690E-01,6.998039E+03,5.159091E-02,0.000000E+00,0.000000E+00,3.060439E-02,8.377141E+02,1.578922E-01,1.728222E+03,1.721260E+03,9.409713E-02,4.229762E+03,3.060439E-02,0.000000E+00,0.000000E+00,5.159091E-02,1.412164E+03,2.413479E-01,2.636230E+03,2.618046E+03,1.542087E-01,7.002101E+03,5.159091E-02,0.000000E+00,0.000000E+00,3.060439E-02,8.377141E+02,1.910088E-01,2.097993E+03,2.103939E+03,9.478595E-02,4.249760E+03,3.060439E-02,0.000000E+00,0.000000E+00
22:00:00,6.805607E-02,1.879267E+03,3.343150E-01,3.639055E+03,3.742387E+03,6.805607E-02,5.306810E+03,6.805607E-02,0.000000E+00,0.000000E+00,5.159091E-02,1.424606E+03,2.549236E-01,2.775354E+03,2.767773E+03,1.540701E-01,6.998069E+03,5.159091E-02,0.000000E+00,0.000000E+00,3.060439E-02,8.450948E+02,1.563253E-01,1.703340E+03,1.695472E+03,9.409779E-02,4.229782E+03,3.060439E-02,0.000000E+00,0.000000E+00,5.159091E-02,1.424606E+03,2.387699E-01,2.594992E+03,2.575247E+03,1.542098E-01,7.002133E+03,5.159091E-02,0.000000E+00,0.000000E+00,3.060439E-02,8.450948E+02,1.874602E-01,2.050981E+03,2.055432E+03,9.478660E-02,4.249779E+03,3.060439E-02,0.000000E+00,0.000000E+00
22:10:00,6.805607E-02,1.892033E+03,3.334880E-01,3.617033E+03,3.719769E+03,6.805607E-02,5.306810E+03,6.805607E-02,0.000000E+00,0.000000E+00,5.159091E-02,1.434283E+03,2.525308E-01,2.738948E+03,2.729994E+03,1.540710E-01,6.998098E+03,5.159091E-02,0.000000E+00,0.000000E+00,3.060439E-02,8.508354E+02,1.548109E-01,1.680683E+03,1.671970E+03,9.409840E-02,4.229800E+03,3.060439E-02,0.000000E+00,0.000000E+00,5.159091E-02,1.434283E+03,2.363125E-01,2.557866E+03,2.536672E+03,1.542108E-01,7.002161E+03,5.159091E-02,0.000000E+00,0.000000E+00,3.060439E-02,8.508354E+02,1.841823E-01,2.008633E+03,2.011712E+03,9.478721E-02,4.249797E+03,3.060439E-02,0.000000E+00,0.000000E+00
22:20:00,6.805607E-02,1.904798E+03,3.327078E-01,3.595533E+03,3.697696E+03,6.805607E-02,5.306810E+03,6.805607E-02,0.000000E+00,0.000000E+00,5.159091E-02,1.443961E+03,2.502346E-01,2.703621E+03,2.693337E+03,1.540719E-01,6.998124E+03,5.159091E-02,0.000000E+00,0.000000E+00,3.060439E-02,8.565760E+02,1.533464E-01,1.658585E+03,1.649050E+03,9.409895E-02,4.229816E+03,3.060439E-02,0.000000E+00,0.000000E+00,5.159091E-02,1.443961E+03,2.339637E-01,2.521953E+03,2.499354E+03,1.542117E-01,7.002188E+03,5.159091E-02,0.000000E+00,0.000000E+00,3.060439E-02,8.565760E+02,1.811467E-01,1.968991E+03,1.970774E+03,9.478776E-02,4.249813E+03,3.060439E-02,0.000000E+00,0.000000E+00
22:30:00,6.805607E-02,1.917564E+03,3.319681E-01,3.574485E+03,3.676098E+03,6.805607E-02,5.306810E+03,6.805607E-02,0.000000E+00,0.000000E+00,5.159091E-02,1.453638E+03,2.480244E-01,2.669255E+03,2.657675E+03,1.540728E-01,6.998148E+03,5.159091E-02,0.000000E+00,0.000000E+00,3.060439E-02,8.623165E+02,1.519271E-01,1.636990E+03,1.626650E+03,9.409947E-02,4.229831E+03,3.060439E-02,0.000000E+00,0.000000E+00,5.159091E-02,1.453638E+03,2.317095E-01,2.487096E+03,2.463117E+03,1.542125E-01,7.002213E+03,5.159091E-02,0.000000E+00,0.000000E+00,3.060439E-02,8.623165E+02,1.783230E-01,1.931715E+03,1.932265E+03,9.478828E-02,4.249829E+03,3.060439E-02,0.000000E+00,0.000000E+00
22:40:00,6.805607E-02,1.930329E+03,3.312404E-01,3.553572E+03,3.654608E+03,6.805607E-02,5.306810E+03,6.805607E-02,0.000000E+00,0.000000E+00,5.159091E-02,1.463315E+03,2.458763E-01,2.635582E+03,2.622715E+03,1.540735E-01,6.998171E+03,5.159091E-02,0.000000E+00,0.000000E+00,3.060439E-02,8.680571E+02,1.505393E-01,1.615747E+03,1.604603E+03,9.409996E-02,4.229845E+03,3.060439E-02,0.000000E+00,0.000000E+00,5.159091E-02,1.463315E+03,2.295329E-01,2.453106E+03,2.427760E+03,1.542133E-01,7.002236E+03,5.159091E-02,0.000000E+00,0.000000E+00,3.060439E-02,8.680571E+02,1.756796E-01,1.896452E+03,1.895820E+03,9.478876E-02,4.249843E+03,3.060439E-02,0.000000E+00,0.000000E+00
22:50:00,6.805607E-02,1.943095E+03,3.305590E-01,3.533196E+03,3.633694E+03,6.805607E-02,5.306810E+03,6.805607E-02,0.000000E+00,0.000000E+00,5.159091E-02,1.472992E+03,2.438003E-01,2.602725E+03,2.588601E+03,1.540743E-01,6.998192E+03,5.159091E-02,0.000000E+00,0.000000E+00,3.060439E-02,8.737977E+02,1.491947E-01,1.594993E+03,1.583065E+03,9.410041E-02,4.229859E+03,3.060439E-02,0.000000E+00,0.000000E+00,5.159091E-02,1.472992E+03,2.274509E-01,2.420183E+03,2.393514E+03,1.542141E-01,7.002258E+03,5.159091E-02,0.000000E+00,0.000000E+00,3.060439E-02,8.737977E+02,1.732055E-01,1.863086E+03,1.861332E+03,9.478921E-02,4.249856E+03,3.060439E-02,0.000000E+00,0.000000E+00
23:00:00,6.805607E-02,1.955860E+03,3.298969E-01,3.513037E+03,3.612993E+03,6.805607E-02,5.306810E+03,6.805607E-02,0.000000E+00,0.000000E+00,5.159091E-02,1.482669E+03,2.417854E-01,2.570551E+03,2.555195E+03,1.540750E-01,6.998213E+03,5.159091E-02,0.000000E+00,0.000000E+00,3.060439E-02,8.795383E+02,1.478865E-01,1.574647E+03,1.561950E+03,9.410084E-02,4.229871E+03,3.060439E-02,0.000000E+00,0.000000E+00,5.159091E-02,1.482669E+03,2.254476E-01,2.388138E+03,2.360182E+03,1.542148E-01,7.002279E+03,5.159091E-02,0.000000E+00,0.000000E+00,3.060439E-02,8.795383E+02,1.708759E-01,1.831334E+03,1.828509E+03,9.478964E-02,4.249868E+03,3.060439E-02,0.000000E+00,0.000000E+00
23:10:00,6.805607E-02,1.968626E+03,3.292605E-01,3.493166E+03,3.592590E+03,6.805607E-02,5.306810E+03,6.805607E-02,0.000000E+00,0.000000E+00,5.159091E-02,1.492346E+03,2.398166E-01,2.538892E+03,2.522313E+03,1.540756E-01,6.998232E+03,5.159091E-02,0.000000E+00,0.000000E+00,3.060439E-02,8.852789E+02,1.466047E-01,1.554594E+03,1.541134E+03,9.410125E-02,4.229883E+03,3.060439E-02,0.000000E+00,0.000000E+00,5.159091E-02,1.492346E+03,2.235041E-01,2.356761E+03,2.327535E+03,1.542155E-01,7.002299E+03,5.159091E-02,0.000000E+00,0.000000E+00,3.060439E-02,8.852789E+02,1.686640E-01,1.800897E+03,1.797035E+03,9.479005E-02,4.249880E+03,3.060439E-02,0.000000E+00,0.000000E+00
23:20:00,6.805607E-02,1.981392E+03,3.286456E-01,3.473535E+03,3.572432E+03,6.805607E-02,5.306810E+03,6.805607E-02,0.000000E+00,0.000000E+00,5.159091E-02,1.502023E+03,2.378875E-01,2.507676E+03,2.489880E+03,1.540763E-01,6.998250E+03,5.159091E-02,0.000000E+00,0.000000E+00,3.060439E-02,8.910194E+02,1.453461E-01,1.534801E+03,1.520580E+03,9.410163E-02,4.229894E+03,3.060439E-02,0.000000E+00,0.000000E+00,5.159091E-02,1.502023E+03,2.216126E-01,2.325964E+03,2.295477E+03,1.542161E-01,7.002318E+03,5.159091E-02,0.000000E+00,0.000000E+00,3.060439E-02,8.910194E+02,1.665533E-01,1.771589E+03,1.766717E+03,9.479043E-02,4.249891E+03,3.060439E-02,0.000000E+00,0.000000E+00
23:30:00,6.805607E-02,1.994157E+03,3.280495E-01,3.454115E+03,3.552490E+03,6.805607E-02,5.306810E+03,6.805607E-02,0.000000E+00,0.000000E+00,5.159091E-02,1.511700E+03,2.359945E-01,2.476863E+03,2.457855E+03,1.540769E-01,6.998268E+03,5.159091E-02,0.000000E+00,0.000000E+00,3.060439E-02,8.967600E+02,1.441089E-01,1.515246E+03,1.500269E+03,9.410200E-02,4.229905E+03,3.060439E-02,0.000000E+00,0.000000E+00,5.159091E-02,1.511700E+03,2.197678E-01,2.295690E+03,2.263952E+03,1.542167E-01,7.002336E+03,5.159091E-02,0.000000E+00,0.000000E+00,3.060439E-02,8.967600E+02,1.645352E-01,1.743316E+03,1.737458E+03,9.479080E-02,4.249902E+03,3.060439E-02,0.000000E+00,0.000000E+00
23:40:00,6.805607E-02,2.006923E+03,3.274700E-01,3.434879E+03,3.532736E+03,6.805607E-02,5.306810E+03,6.805607E-02,0.000000E+00,0.000000E+00,5.159091E-02,1.521377E+03,2.341342E-01,2.446415E+03,2.426199E+03,1.540775E-01,6.998285E+03,5.159091E-02,0.000000E+00,0.000000E+00,3.060439E-02,9.025006E+02,1.428914E-01,1.495913E+03,1.480181E+03,9.410236E-02,4.229915E+03,3.060439E-02,0.000000E+00,0.000000E+00,5.159091E-02,1.521377E+03,2.179654E-01,2.265888E+03,2.232909E+03,1.542173E-01,7.002353E+03,5.159091E-02,0.000000E+00,0.000000E+00,3.060439E-02,9.025006E+02,1.626004E-01,1.715973E+03,1.709152E+03,9.479115E-02,4.249912E+03,3.060439E-02,0.000000E+00,0.000000E+00
23:50:00,6.805607E-02,2.019688E+03,3.269051E-01,3.415806E+03,3.513150E+03,6.805607E-02,5.306810E+03,6.805607E-02,0.000000E+00,0.000000E+00,5.159091E-02,1.531054E+03,2.323039E-01,2.416302E+03,2.394883E+03,1.540780E-01,6.998301E+03,5.159091E-02,0.000000E+00,0.000000E+00,3.060439E-02,9.082412E+02,1.416924E-01,1.476785E+03,1.460300E+03,9.410270E-02,4.229925E+03,3.060439E-02,0.000000E+00,0.000000E+00,5.159091E-02,1.531054E+03,2.162015E-01,2.236517E+03,2.202303E+03,1.542179E-01,7.002370E+03,5.159091E-02,0.000000E+00,0.000000E+00,3.060439E-02,9.082412E+02,1.607406E-01,1.689467E+03,1.681704E+03,9.479149E-02,4.249922E+03,3.060439E-02,0.000000E+00,0.000000E+00
24:00:00,6.805607E-02,2.032454E+03,3.263530E-01,3.396876E+03,3.493709E+03,6.805607E-02,5.306810E+03,6.805607E-02,0.000000E+00,0.000000E+00,5.159091E-02,1.540731E+03,2.305010E-01,2.386495E+03,2.363874E+03,1.540786E-01,6.998317E+03,5.159091E-02,0.000000E+00,0.000000E+00,3.060439E-02,9.139817E+02,1.405104E-01,1.457846E+03,1.440611E+03,9.410303E-02,4.229935E+03,3.060439E-02,0.000000E+00,0.000000E+00,5.159091E-02,1.540731E+03,2.144726E-01,2.207536E+03,2.172094E+03,1.542185E-01,7.002386E+03,5.159091E-02,0.000000E+00,0.000000E+00,3.060439E-02,9.139817E+02,1.589483E-01,1.663714E+03,1.655026E+03,9.479182E-02,4.249932E+03,3.060439E-02,0.000000E+00,0.000000E+00
Coinc Peak   ,6.805607E-02,3.493744E-01,5.306810E+03,4.478545E+03,1.540786E-01,3.810400E-01,6.998317E+03,4.747377E+03,9.410303E-02,2.740243E-01,4.229935E+03,3.160668E+03,1.542185E-01,2.952585E-01,7.002386E+03,3.749889E+03,9.479182E-02,3.183137E-01,4.249932E+03,3.701875E+03
NonCoinc Peak,6.805607E-02,3.493744E-01,5.306810E+03,4.478545E+03,1.540786E-01,3.810400E-01,6.998317E+03,4.747377E+03,9.410303E-02,2.740243E-01,4.229935E+03,3.160668E+03,1.542185E-01,2.952585E-01,7.002386E+03,3.749889E+03,9.479182E-02,3.183137E-01,4.249932E+03,3.701875E+03
