Time,BACK_SPACE ZN PSZ-AC:DesPer 1:Des Heat Mass Flow [kg/s],BACK_SPACE ZN PSZ-AC:DesPer 1:Des Heat Cap [W],BACK_SPACE ZN PSZ-AC:DesPer 1:Des Cool Mass Flow [kg/s],BACK_SPACE ZN PSZ-AC:DesPer 1:Des Sens Cool Cap [W],BACK_SPACE ZN PSZ-AC:DesPer 1:Des Tot Cool Cap [W],BACK_SPACE ZN PSZ-AC:DesPer 2:Des Heat Mass Flow [kg/s],BACK_SPACE ZN PSZ-AC:DesPer 2:Des Heat Cap [W],BACK_SPACE ZN PSZ-AC:DesPer 2:Des Cool Mass Flow [kg/s],BACK_SPACE ZN PSZ-AC:DesPer 2:Des Sens Cool Cap [W],BACK_SPACE ZN PSZ-AC:DesPer 2:Des Tot Cool Cap [W],CORE_RETAIL ZN PSZ-AC:DesPer 1:Des Heat Mass Flow [kg/s],CORE_RETAIL ZN PSZ-AC:DesPer 1:Des Heat Cap [W],CORE_RETAIL ZN PSZ-AC:DesPer 1:Des Cool Mass Flow [kg/s],CORE_RETAIL ZN PSZ-AC:DesPer 1:Des Sens Cool Cap [W],CORE_RETAIL ZN PSZ-AC:DesPer 1:Des Tot Cool Cap [W],CORE_RETAIL ZN PSZ-AC:DesPer 2:Des Heat Mass Flow [kg/s],CORE_RETAIL ZN PSZ-AC:DesPer 2:Des Heat Cap [W],CORE_RETAIL ZN PSZ-AC:DesPer 2:Des Cool Mass Flow [kg/s],CORE_RETAIL ZN PSZ-AC:DesPer 2:Des Sens Cool Cap [W],CORE_RETAIL ZN PSZ-AC:DesPer 2:Des Tot Cool Cap [W],FRONT_RETAIL ZN PSZ-AC:DesPer 1:Des Heat Mass Flow [kg/s],FRONT_RETAIL ZN PSZ-AC:DesPer 1:Des Heat Cap [W],FRONT_RETAIL ZN PSZ-AC:DesPer 1:Des Cool Mass Flow [kg/s],FRONT_RETAIL ZN PSZ-AC:DesPer 1:Des Sens Cool Cap [W],FRONT_RETAIL ZN PSZ-AC:DesPer 1:Des Tot Cool Cap [W],FRONT_RETAIL ZN PSZ-AC:DesPer 2:Des Heat Mass Flow [kg/s],FRONT_RETAIL ZN PSZ-AC:DesPer 2:Des Heat Cap [W],FRONT_RETAIL ZN PSZ-AC:DesPer 2:Des Cool Mass Flow [kg/s],FRONT_RETAIL ZN PSZ-AC:DesPer 2:Des Sens Cool Cap [W],FRONT_RETAIL ZN PSZ-AC:DesPer 2:Des Tot Cool Cap [W],POINT_OF_SALE ZN PSZ-AC:DesPer 1:Des Heat Mass Flow [kg/s],POINT_OF_SALE ZN PSZ-AC:DesPer 1:Des Heat Cap [W],POINT_OF_SALE ZN PSZ-AC:DesPer 1:Des Cool Mass Flow [kg/s],POINT_OF_SALE ZN PSZ-AC:DesPer 1:Des Sens Cool Cap [W],POINT_OF_SALE ZN PSZ-AC:DesPer 1:Des Tot Cool Cap [W],POINT_OF_SALE ZN PSZ-AC:DesPer 2:Des Heat Mass Flow [kg/s],POINT_OF_SALE ZN PSZ-AC:DesPer 2:Des Heat Cap [W],POINT_OF_SALE ZN PSZ-AC:DesPer 2:Des Cool Mass Flow [kg/s],POINT_OF_SALE ZN PSZ-AC:DesPer 2:Des Sens Cool Cap [W],POINT_OF_SALE ZN PSZ-AC:DesPer 2:Des Tot Cool Cap [W]
00:10:00,2.736774E-01,7.174110E+03,2.736774E-01,3.062265E+03,2.916605E+03,2.736774E-01,1.270533E+04,2.736774E-01,0.000000E+00,0.000000E+00,2.233952E+00,5.856025E+04,2.233952E+00,2.499641E+04,2.380743E+04,2.233952E+00,1.037100E+05,2.233952E+00,0.000000E+00,0.000000E+00,2.105004E-01,5.518004E+03,2.105004E-01,2.355357E+03,2.243322E+03,2.105004E-01,9.772369E+03,2.105004E-01,0.000000E+00,0.000000E+00,2.105004E-01,5.518004E+03,2.105004E-01,2.355357E+03,2.243322E+03,2.105004E-01,9.772369E+03,2.105004E-01,0.000000E+00,0.000000E+00
00:20:00,2.736774E-01,7.198586E+03,2.736774E-01,3.037790E+03,2.891660E+03,2.736774E-01,1.270533E+04,2.736774E-01,0.000000E+00,0.000000E+00,2.233952E+00,5.876004E+04,2.233952E+00,2.479663E+04,2.360381E+04,2.233952E+00,1.037100E+05,2.233952E+00,0.000000E+00,0.000000E+00,2.105004E-01,5.536830E+03,2.105004E-01,2.336532E+03,2.224135E+03,2.105004E-01,9.772369E+03,2.105004E-01,0.000000E+00,0.000000E+00,2.105004E-01,5.536830E+03,2.105004E-01,2.336532E+03,2.224135E+03,2.105004E-01,9.772369E+03,2.105004E-01,0.000000E+00,0.000000E+00
00:30:00,2.736774E-01,7.223062E+03,2.736774E-01,3.013314E+03,2.866715E+03,2.736774E-01,1.270533E+04,2.736774E-01,0.000000E+00,0.000000E+00,2.233952E+00,5.895983E+04,2.233952E+00,2.459684E+04,2.340019E+04,2.233952E+00,1.037100E+05,2.233952E+00,0.000000E+00,0.000000E+00,2.105004E-01,5.555656E+03,2.105004E-01,2.317706E+03,2.204949E+03,2.105004E-01,9.772369E+03,2.105004E-01,0.000000E+00,0.000000E+00,2.105004E-01,5.555656E+03,2.105004E-01,2.317706E+03,2.204949E+03,2.105004E-01,9.772369E+03,2.105004E-01,0.000000E+00,0.000000E+00
00:40:00,2.736774E-01,7.247537E+03,2.736774E-01,2.988838E+03,2.841775E+03,2.736774E-01,1.270533E+04,2.736774E-01,0.000000E+00,0.000000E+00,2.233952E+00,5.915962E+04,2.233952E+00,2.439705E+04,2.319661E+04,2.233952E+00,1.037100E+05,2.233952E+00,0.000000E+00,0.000000E+00,2.105004E-01,5.574481E+03,2.105004E-01,2.298881E+03,2.185766E+03,2.105004E-01,9.772369E+03,2.105004E-01,0.000000E+00,0.000000E+00,2.105004E-01,5.574481E+03,2.105004E-01,2.298881E+03,2.185766E+03,2.105004E-01,9.772369E+03,2.105004E-01,0.000000E+00,0.000000E+00
00:50:00,2.736774E-01,7.272013E+03,2.736774E-01,2.964363E+03,2.816830E+03,2.736774E-01,1.270533E+04,2.736774E-01,0.000000E+00,0.000000E+00,2.233952E+00,5.935940E+04,2.233952E+00,2.419726E+04,2.299299E+04,2.233952E+00,1.037100E+05,2.233952E+00,0.000000E+00,0.000000E+00,2.105004E-01,5.593307E+03,2.105004E-01,2.280055E+03,2.166579E+03,2.105004E-01,9.772369E+03,2.105004E-01,0.000000E+00,0.000000E+00,2.105004E-01,5.593307E+03,2.105004E-01,2.280055E+03,2.166579E+03,2.105004E-01,9.772369E+03,2.105004E-01,0.000000E+00,0.000000E+00
01:00:00,2.736774E-01,7.296489E+03,2.736774E-01,2.939887E+03,2.791885E+03,2.736774E-01,1.270533E+04,2.736774E-01,0.000000E+00,0.000000E+00,2.233952E+00,5.955919E+04,2.233952E+00,2.399747E+04,2.278938E+04,2.233952E+00,1.037100E+05,2.233952E+00,0.000000E+00,0.000000E+00,2.105004E-01,5.612132E+03,2.105004E-01,2.261229E+03,2.147393E+03,2.105004E-01,9.772369E+03,2.105004E-01,0.000000E+00,0.000000E+00,2.105004E-01,5.612132E+03,2.105004E-01,2.261229E+03,2.147393E+03,2.105004E-01,9.772369E+03,2.105004E-01,0.000000E+00,0.000000E+00
01:10:00,2.736774E-01,7.312806E+03,2.736774E-01,2.923570E+03,2.775258E+03,2.736774E-01,1.270533E+04,2.736774E-01,0.000000E+00,0.000000E+00,2.233952E+00,5.969238E+04,2.233952E+00,2.386428E+04,2.265366E+04,2.233952E+00,1.037100E+05,2.233952E+00,0.000000E+00,0.000000E+00,2.105004E-01,5.624683E+03,2.105004E-01,2.248679E+03,2.134605E+03,2.105004E-01,9.772369E+03,2.105004E-01,0.000000E+00,0.000000E+00,2.105004E-01,5.624683E+03,2.105004E-01,2.248679E+03,2.134605E+03,2.105004E-01,9.772369E+03,2.105004E-01,0.000000E+00,0.000000E+00
01:20:00,2.736774E-01,7.329123E+03,2.736774E-01,2.907253E+03,2.758627E+03,2.736774E-01,1.270533E+04,2.736774E-01,0.000000E+00,0.000000E+00,2.233952E+00,5.982557E+04,2.233952E+00,2.373109E+04,2.251790E+04,2.233952E+00,1.037100E+05,2.233952E+00,0.000000E+00,0.000000E+00,2.105004E-01,5.637233E+03,2.105004E-01,2.236129E+03,2.121812E+03,2.105004E-01,9.772369E+03,2.105004E-01,0.000000E+00,0.000000E+00,2.105004E-01,5.637233E+03,2.105004E-01,2.236129E+03,2.121812E+03,2.105004E-01,9.772369E+03,2.105004E-01,0.000000E+00,0.000000E+00
01:30:00,2.736774E-01,7.345440E+03,2.736774E-01,2.890936E+03,2.742000E+03,2.736774E-01,1.270533E+04,2.736774E-01,0.000000E+00,0.000000E+00,2.233952E+00,5.995877E+04,2.233952E+00,2.359790E+04,2.238218E+04,2.233952E+00,1.037100E+05,2.233952E+00,0.000000E+00,0.000000E+00,2.105004E-01,5.649783E+03,2.105004E-01,2.223578E+03,2.109024E+03,2.105004E-01,9.772369E+03,2.105004E-01,0.000000E+00,0.000000E+00,2.105004E-01,5.649783E+03,2.105004E-01,2.223578E+03,2.109024E+03,2.105004E-01,9.772369E+03,2.105004E-01,0.000000E+00,0.000000E+00
01:40:00,2.736774E-01,7.361757E+03,2.736774E-01,2.874619E+03,2.725369E+03,2.736774E-01,1.270533E+04,2.736774E-01,0.000000E+00,0.000000E+00,2.233952E+00,6.009196E+04,2.233952E+00,2.346471E+04,2.224642E+04,2.233952E+00,1.037100E+05,2.233952E+00,0.000000E+00,0.000000E+00,2.105004E-01,5.662334E+03,2.105004E-01,2.211028E+03,2.096232E+03,2.105004E-01,9.772369E+03,2.105004E-01,0.000000E+00,0.000000E+00,2.105004E-01,5.662334E+03,2.105004E-01,2.211028E+03,2.096232E+03,2.105004E-01,9.772369E+03,2.105004E-01,0.000000E+00,0.000000E+00
01:50:00,2.736774E-01,7.378074E+03,2.736774E-01,2.858302E+03,2.708743E+03,2.736774E-01,1.270533E+04,2.736774E-01,0.000000E+00,0.000000E+00,2.233952E+00,6.022515E+04,2.233952E+00,2.333152E+04,2.211071E+04,2.233952E+00,1.037100E+05,2.233952E+00,0.000000E+00,0.000000E+00,2.105004E-01,5.674884E+03,2.105004E-01,2.198478E+03,2.083443E+03,2.105004E-01,9.772369E+03,2.105004E-01,0.000000E+00,0.000000E+00,2.105004E-01,5.674884E+03,2.105004E-01,2.198478E+03,2.083443E+03,2.105004E-01,9.772369E+03,2.105004E-01,0.000000E+00,0.000000E+00
02:00:00,2.736774E-01,7.394391E+03,2.736774E-01,2.841985E+03,2.692116E+03,2.736774E-01,1.270533E+04,2.736774E-01,0.000000E+00,0.000000E+00,2.233952E+00,6.035834E+04,2.233952E+00,2.319832E+04,2.197499E+04,2.233952E+00,1.037100E+05,2.233952E+00,0.000000E+00,0.000000E+00,2.105004E-01,5.687434E+03,2.105004E-01,2.185927E+03,2.070655E+03,2.105004E-01,9.772369E+03,2.105004E-01,0.000000E+00,0.000000E+00,2.105004E-01,5.687434E+03,2.105004E-01,2.185927E+03,2.070655E+03,2.105004E-01,9.772369E+03,2.105004E-01,0.000000E+00,0.000000E+00
02:10:00,2.736774E-01,7.406629E+03,2.736774E-01,2.829747E+03,2.679641E+03,2.736774E-01,1.270533E+04,2.736774E-01,0.000000E+00,0.000000E+00,2.233952E+00,6.045824E+04,2.233952E+00,2.309843E+04,2.187316E+04,2.233952E+00,1.037100E+05,2.233952E+00,0.000000E+00,0.000000E+00,2.105004E-01,5.696847E+03,2.105004E-01,2.176514E+03,2.061060E+03,2.105004E-01,9.772369E+03,2.105004E-01,0.000000E+00,0.000000E+00,2.105004E-01,5.696847E+03,2.105004E-01,2.176514E+03,2.061060E+03,2.105004E-01,9.772369E+03,2.105004E-01,0.000000E+00,0.000000E+00
02:20:00,2.736774E-01,7.418867E+03,2.736774E-01,2.817509E+03,2.667171E+03,2.736774E-01,1.270533E+04,2.736774E-01,0.000000E+00,0.000000E+00,2.233952E+00,6.055813E+04,2.233952E+00,2.299854E+04,2.177137E+04,2.233952E+00,1.037100E+05,2.233952E+00,0.000000E+00,0.000000E+00,2.105004E-01,5.706260E+03,2.105004E-01,2.167102E+03,2.051469E+03,2.105004E-01,9.772369E+03,2.105004E-01,0.000000E+00,0.000000E+00,2.105004E-01,5.706260E+03,2.105004E-01,2.167102E+03,2.051469E+03,2.105004E-01,9.772369E+03,2.105004E-01,0.000000E+00,0.000000E+00
02:30:00,2.736774E-01,7.431104E+03,2.736774E-01,2.805271E+03,2.654697E+03,2.736774E-01,1.270533E+04,2.736774E-01,0.000000E+00,0.000000E+00,2.233952E+00,6.065802E+04,2.233952E+00,2.289864E+04,2.166955E+04,2.233952E+00,1.037100E+05,2.233952E+00,0.000000E+00,0.000000E+00,2.105004E-01,5.715673E+03,2.105004E-01,2.157689E+03,2.041874E+03,2.105004E-01,9.772369E+03,2.105004E-01,0.000000E+00,0.000000E+00,2.105004E-01,5.715673E+03,2.105004E-01,2.157689E+03,2.041874E+03,2.105004E-01,9.772369E+03,2.105004E-01,0.000000E+00,0.000000E+00
02:40:00,2.736774E-01,7.443342E+03,2.736774E-01,2.793033E+03,2.642227E+03,2.736774E-01,1.270533E+04,2.736774E-01,0.000000E+00,0.000000E+00,2.233952E+00,6.075792E+04,2.233952E+00,2.279875E+04,2.156776E+04,2.233952E+00,1.037100E+05,2.233952E+00,0.000000E+00,0.000000E+00,2.105004E-01,5.725086E+03,2.105004E-01,2.148276E+03,2.032283E+03,2.105004E-01,9.772369E+03,2.105004E-01,0.000000E+00,0.000000E+00,2.105004E-01,5.725086E+03,2.105004E-01,2.148276E+03,2.032283E+03,2.105004E-01,9.772369E+03,2.105004E-01,0.000000E+00,0.000000E+00
02:50:00,2.736774E-01,7.455580E+03,2.736774E-01,2.780795E+03,2.629757E+03,2.736774E-01,1.270533E+04,2.736774E-01,0.000000E+00,0.000000E+00,2.233952E+00,6.085781E+04,2.233952E+00,2.269885E+04,2.146597E+04,2.233952E+00,1.037100E+05,2.233952E+00,0.000000E+00,0.000000E+00,2.105004E-01,5.734498E+03,2.105004E-01,2.138863E+03,2.022691E+03,2.105004E-01,9.772369E+03,2.105004E-01,0.000000E+00,0.000000E+00,2.105004E-01,5.734498E+03,2.105004E-01,2.138863E+03,2.022691E+03,2.105004E-01,9.772369E+03,2.105004E-01,0.000000E+00,0.000000E+00
03:00:00,2.736774E-01,7.467818E+03,2.736774E-01,2.768558E+03,2.617283E+03,2.736774E-01,1.270533E+04,2.736774E-01,0.000000E+00,0.000000E+00,2.233952E+00,6.095771E+04,2.233952E+00,2.259896E+04,2.136414E+04,2.233952E+00,1.037100E+05,2.233952E+00,0.000000E+00,0.000000E+00,2.105004E-01,5.743911E+03,2.105004E-01,2.129451E+03,2.013097E+03,2.105004E-01,9.772369E+03,2.105004E-01,0.000000E+00,0.000000E+00,2.105004E-01,5.743911E+03,2.105004E-01,2.129451E+03,2.013097E+03,2.105004E-01,9.772369E+03,2.105004E-01,0.000000E+00,0.000000E+00
03:10:00,2.736774E-01,7.480056E+03,2.736774E-01,2.756320E+03,2.604812E+03,2.736774E-01,1.270533E+04,2.736774E-01,0.000000E+00,0.000000E+00,2.233952E+00,6.105760E+04,2.233952E+00,2.249907E+04,2.126235E+04,2.233952E+00,1.037100E+05,2.233952E+00,0.000000E+00,0.000000E+00,2.105004E-01,5.753324E+03,2.105004E-01,2.120038E+03,2.003505E+03,2.105004E-01,9.772369E+03,2.105004E-01,0.000000E+00,0.000000E+00,2.105004E-01,5.753324E+03,2.105004E-01,2.120038E+03,2.003505E+03,2.105004E-01,9.772369E+03,2.105004E-01,0.000000E+00,0.000000E+00
03:20:00,2.736774E-01,7.492294E+03,2.736774E-01,2.744082E+03,2.592343E+03,2.736774E-01,1.270533E+04,2.736774E-01,0.000000E+00,0.000000E+00,2.233952E+00,6.115749E+04,2.233952E+00,2.239917E+04,2.116057E+04,2.233952E+00,1.037100E+05,2.233952E+00,0.000000E+00,0.000000E+00,2.105004E-01,5.762737E+03,2.105004E-01,2.110625E+03,1.993914E+03,2.105004E-01,9.772369E+03,2.105004E-01,0.000000E+00,0.000000E+00,2.105004E-01,5.762737E+03,2.105004E-01,2.110625E+03,1.993914E+03,2.105004E-01,9.772369E+03,2.105004E-01,0.000000E+00,0.000000E+00
03:30:00,2.736774E-01,7.504531E+03,2.736774E-01,2.731844E+03,2.579868E+03,2.736774E-01,1.270533E+04,2.736774E-01,0.000000E+00,0.000000E+00,2.233952E+00,6.125739E+04,2.233952E+00,2.229928E+04,2.105874E+04,2.233952E+00,1.037100E+05,2.233952E+00,0.000000E+00,0.000000E+00,2.105004E-01,5.772149E+03,2.105004E-01,2.101212E+03,1.984319E+03,2.105004E-01,9.772369E+03,2.105004E-01,0.000000E+00,0.000000E+00,2.105004E-01,5.772149E+03,2.105004E-01,2.101212E+03,1.984319E+03,2.105004E-01,9.772369E+03,2.105004E-01,0.000000E+00,0.000000E+00
03:40:00,2.736774E-01,7.516769E+03,2.736774E-01,2.719606E+03,2.567398E+03,2.736774E-01,1.270533E+04,2.736774E-01,0.000000E+00,0.000000E+00,2.233952E+00,6.135728E+04,2.233952E+00,2.219938E+04,2.095695E+04,2.233952E+00,1.037100E+05,2.233952E+00,0.000000E+00,0.000000E+00,2.105004E-01,5.781562E+03,2.105004E-01,2.091799E+03,1.974728E+03,2.105004E-01,9.772369E+03,2.105004E-01,0.000000E+00,0.000000E+00,2.105004E-01,5.781562E+03,2.105004E-01,2.091799E+03,1.974728E+03,2.105004E-01,9.772369E+03,2.105004E-01,0.000000E+00,0.000000E+00
03:50:00,2.736774E-01,7.529007E+03,2.736774E-01,2.707369E+03,2.554928E+03,2.736774E-01,1.270533E+04,2.736774E-01,0.000000E+00,0.000000E+00,2.233952E+00,6.145717E+04,2.233952E+00,2.209949E+04,2.085516E+04,2.233952E+00,1.037100E+05,2.233952E+00,0.000000E+00,0.000000E+00,2.105004E-01,5.790975E+03,2.105004E-01,2.082387E+03,1.965137E+03,2.105004E-01,9.772369E+03,2.105004E-01,0.000000E+00,0.000000E+00,2.105004E-01,5.790975E+03,2.105004E-01,2.082387E+03,1.965137E+03,2.105004E-01,9.772369E+03,2.105004E-01,0.000000E+00,0.000000E+00
04:00:00,2.736774E-01,7.541245E+03,2.736774E-01,2.695131E+03,2.542454E+03,2.736774E-01,1.270533E+04,2.736774E-01,0.000000E+00,0.000000E+00,2.233952E+00,6.155707E+04,2.233952E+00,2.199960E+04,2.075334E+04,2.233952E+00,1.037100E+05,2.233952E+00,0.000000E+00,0.000000E+00,2.105004E-01,5.800388E+03,2.105004E-01,2.072974E+03,1.955542E+03,2.105004E-01,9.772369E+03,2.105004E-01,0.000000E+00,0.000000E+00,2.105004E-01,5.800388E+03,2.105004E-01,2.072974E+03,1.955542E+03,2.105004E-01,9.772369E+03,2.105004E-01,0.000000E+00,0.000000E+00
04:10:00,2.736774E-01,7.549403E+03,2.736774E-01,2.686972E+03,2.534141E+03,2.736774E-01,1.270533E+04,2.736774E-01,0.000000E+00,0.000000E+00,2.233952E+00,6.162366E+04,2.233952E+00,2.193300E+04,2.068548E+04,2.233952E+00,1.037100E+05,2.233952E+00,0.000000E+00,0.000000E+00,2.105004E-01,5.806663E+03,2.105004E-01,2.066699E+03,1.949148E+03,2.105004E-01,9.772369E+03,2.105004E-01,0.000000E+00,0.000000E+00,2.105004E-01,5.806663E+03,2.105004E-01,2.066699E+03,1.949148E+03,2.105004E-01,9.772369E+03,2.105004E-01,0.000000E+00,0.000000E+00
04:20:00,2.736774E-01,7.557562E+03,2.736774E-01,2.678814E+03,2.525828E+03,2.736774E-01,1.270533E+04,2.736774E-01,0.000000E+00,0.000000E+00,2.233952E+00,6.169026E+04,2.233952E+00,2.186641E+04,2.061762E+04,2.233952E+00,1.037100E+05,2.233952E+00,0.000000E+00,0.000000E+00,2.105004E-01,5.812938E+03,2.105004E-01,2.060423E+03,1.942753E+03,2.105004E-01,9.772369E+03,2.105004E-01,0.000000E+00,0.000000E+00,2.105004E-01,5.812938E+03,2.105004E-01,2.060423E+03,1.942753E+03,2.105004E-01,9.772369E+03,2.105004E-01,0.000000E+00,0.000000E+00
04:30:00,2.736774E-01,7.565720E+03,2.736774E-01,2.670655E+03,2.517514E+03,2.736774E-01,1.270533E+04,2.736774E-01,0.000000E+00,0.000000E+00,2.233952E+00,6.175686E+04,2.233952E+00,2.179981E+04,2.054977E+04,2.233952E+00,1.037100E+05,2.233952E+00,0.000000E+00,0.000000E+00,2.105004E-01,5.819213E+03,2.105004E-01,2.054148E+03,1.936359E+03,2.105004E-01,9.772369E+03,2.105004E-01,0.000000E+00,0.000000E+00,2.105004E-01,5.819213E+03,2.105004E-01,2.054148E+03,1.936359E+03,2.105004E-01,9.772369E+03,2.105004E-01,0.000000E+00,0.000000E+00
04:40:00,2.736774E-01,7.573879E+03,2.736774E-01,2.662497E+03,2.509197E+03,2.736774E-01,1.270533E+04,2.736774E-01,0.000000E+00,0.000000E+00,2.233952E+00,6.182345E+04,2.233952E+00,2.173321E+04,2.048187E+04,2.233952E+00,1.037100E+05,2.233952E+00,0.000000E+00,0.000000E+00,2.105004E-01,5.825489E+03,2.105004E-01,2.047873E+03,1.929962E+03,2.105004E-01,9.772369E+03,2.105004E-01,0.000000E+00,0.000000E+00,2.105004E-01,5.825489E+03,2.105004E-01,2.047873E+03,1.929962E+03,2.105004E-01,9.772369E+03,2.105004E-01,0.000000E+00,0.000000E+00
04:50:00,2.736774E-01,7.582038E+03,2.736774E-01,2.654338E+03,2.500884E+03,2.736774E-01,1.270533E+04,2.736774E-01,0.000000E+00,0.000000E+00,2.233952E+00,6.189005E+04,2.233952E+00,2.166662E+04,2.041401E+04,2.233952E+00,1.037100E+05,2.233952E+00,0.000000E+00,0.000000E+00,2.105004E-01,5.831764E+03,2.105004E-01,2.041598E+03,1.923568E+03,2.105004E-01,9.772369E+03,2.105004E-01,0.000000E+00,0.000000E+00,2.105004E-01,5.831764E+03,2.105004E-01,2.041598E+03,1.923568E+03,2.105004E-01,9.772369E+03,2.105004E-01,0.000000E+00,0.000000E+00
05:00:00,2.736774E-01,7.590196E+03,2.736774E-01,2.646179E+03,2.492570E+03,2.736774E-01,1.270533E+04,2.736774E-01,0.000000E+00,0.000000E+00,2.233952E+00,6.195664E+04,2.233952E+00,2.160002E+04,2.034615E+04,2.233952E+00,1.037100E+05,2.233952E+00,0.000000E+00,0.000000E+00,2.105004E-01,5.838039E+03,2.105004E-01,2.035323E+03,1.917173E+03,2.105004E-01,9.772369E+03,2.105004E-01,0.000000E+00,0.000000E+00,2.105004E-01,5.838039E+03,2.105004E-01,2.035323E+03,1.917173E+03,2.105004E-01,9.772369E+03,2.105004E-01,0.000000E+00,0.000000E+00
05:10:00,2.736774E-01,7.582038E+03,2.736774E-01,2.654338E+03,2.500884E+03,2.736774E-01,1.270533E+04,2.736774E-01,0.000000E+00,0.000000E+00,2.233952E+00,6.189005E+04,2.233952E+00,2.166662E+04,2.041401E+04,2.233952E+00,1.037100E+05,2.233952E+00,0.000000E+00,0.000000E+00,2.105004E-01,5.831764E+03,2.105004E-01,2.041598E+03,1.923568E+03,2.105004E-01,9.772369E+03,2.105004E-01,0.000000E+00,0.000000E+00,2.105004E-01,5.831764E+03,2.105004E-01,2.041598E+03,1.923568E+03,2.105004E-01,9.772369E+03,2.105004E-01,0.000000E+00,0.000000E+00
05:20:00,2.736774E-01,7.573879E+03,2.736774E-01,2.662497E+03,2.509197E+03,2.736774E-01,1.270533E+04,2.736774E-01,0.000000E+00,0.000000E+00,2.233952E+00,6.182345E+04,2.233952E+00,2.173321E+04,2.048187E+04,2.233952E+00,1.037100E+05,2.233952E+00,0.000000E+00,0.000000E+00,2.105004E-01,5.825489E+03,2.105004E-01,2.047873E+03,1.929962E+03,2.105004E-01,9.772369E+03,2.105004E-01,0.000000E+00,0.000000E+00,2.105004E-01,5.825489E+03,2.105004E-01,2.047873E+03,1.929962E+03,2.105004E-01,9.772369E+03,2.105004E-01,0.000000E+00,0.000000E+00
05:30:00,2.736774E-01,7.565720E+03,2.736774E-01,2.670655E+03,2.517514E+03,2.736774E-01,1.270533E+04,2.736774E-01,0.000000E+00,0.000000E+00,2.233952E+00,6.175686E+04,2.233952E+00,2.179981E+04,2.054977E+04,2.233952E+00,1.037100E+05,2.233952E+00,0.000000E+00,0.000000E+00,2.105004E-01,5.819213E+03,2.105004E-01,2.054148E+03,1.936359E+03,2.105004E-01,9.772369E+03,2.105004E-01,0.000000E+00,0.000000E+00,2.105004E-01,5.819213E+03,2.105004E-01,2.054148E+03,1.936359E+03,2.105004E-01,9.772369E+03,2.105004E-01,0.000000E+00,0.000000E+00
05:40:00,2.736774E-01,7.557562E+03,2.736774E-01,2.678814E+03,2.525828E+03,2.736774E-01,1.270533E+04,2.736774E-01,0.000000E+00,0.000000E+00,2.233952E+00,6.169026E+04,2.233952E+00,2.186641E+04,2.061762E+04,2.233952E+00,1.037100E+05,2.233952E+00,0.000000E+00,0.000000E+00,2.105004E-01,5.812938E+03,2.105004E-01,2.060423E+03,1.942753E+03,2.105004E-01,9.772369E+03,2.105004E-01,0.000000E+00,0.000000E+00,2.105004E-01,5.812938E+03,2.105004E-01,2.060423E+03,1.942753E+03,2.105004E-01,9.772369E+03,2.105004E-01,0.000000E+00,0.000000E+00
05:50:00,2.736774E-01,7.549403E+03,2.736774E-01,2.686972E+03,2.534141E+03,2.736774E-01,1.270533E+04,2.736774E-01,0.000000E+00,0.000000E+00,2.233952E+00,6.162366E+04,2.233952E+00,2.193300E+04,2.068548E+04,2.233952E+00,1.037100E+05,2.233952E+00,0.000000E+00,0.000000E+00,2.105004E-01,5.806663E+03,2.105004E-01,2.066699E+03,1.949148E+03,2.105004E-01,9.772369E+03,2.105004E-01,0.000000E+00,0.000000E+00,2.105004E-01,5.806663E+03,2.105004E-01,2.066699E+03,1.949148E+03,2.105004E-01,9.772369E+03,2.105004E-01,0.000000E+00,0.000000E+00
06:00:00,2.736774E-01,7.541245E+03,2.736774E-01,2.695131E+03,2.542454E+03,2.736774E-01,1.270533E+04,2.736774E-01,0.000000E+00,0.000000E+00,2.233952E+00,6.155707E+04,2.233952E+00,2.199960E+04,2.075334E+04,2.233952E+00,1.037100E+05,2.233952E+00,0.000000E+00,0.000000E+00,2.105004E-01,5.800388E+03,2.105004E-01,2.072974E+03,1.955542E+03,2.105004E-01,9.772369E+03,2.105004E-01,0.000000E+00,0.000000E+00,2.105004E-01,5.800388E+03,2.105004E-01,2.072974E+03,1.955542E+03,2.105004E-01,9.772369E+03,2.105004E-01,0.000000E+00,0.000000E+00
06:10:00,2.736774E-01,7.512690E+03,3.099610E-01,3.311970E+03,4.189684E+03,2.736774E-01,1.270533E+04,2.736774E-01,0.000000E+00,0.000000E+00,2.233952E+00,6.132398E+04,2.233952E+00,2.223268E+04,2.099088E+04,2.233952E+00,1.037100E+05,2.233952E+00,0.000000E+00,0.000000E+00,2.105004E-01,5.778425E+03,2.105004E-01,2.094937E+03,1.977925E+03,2.105004E-01,9.772369E+03,2.105004E-01,0.000000E+00,0.000000E+00,2.105004E-01,5.778425E+03,2.821286E-01,3.260720E+03,3.804681E+03,2.105004E-01,9.772369E+03,2.105004E-01,0.000000E+00,0.000000E+00
06:20:00,2.736774E-01,7.484135E+03,4.013433E-01,4.758919E+03,8.126239E+03,2.736774E-01,1.270533E+04,2.736774E-01,0.000000E+00,0.000000E+00,2.233952E+00,6.109090E+04,2.233952E+00,2.246577E+04,2.122842E+04,2.233952E+00,1.037100E+05,2.233952E+00,0.000000E+00,0.000000E+00,2.105004E-01,5.756461E+03,2.105004E-01,2.116900E+03,2.000308E+03,2.105004E-01,9.772369E+03,2.105004E-01,0.000000E+00,0.000000E+00,2.105004E-01,5.756461E+03,3.471349E-01,4.273561E+03,5.364017E+03,2.105004E-01,9.772369E+03,2.105004E-01,0.000000E+00,0.000000E+00
06:30:00,2.736774E-01,7.455580E+03,6.295526E-01,8.213133E+03,1.733375E+04,2.736774E-01,1.270533E+04,2.736774E-01,0.000000E+00,0.000000E+00,2.233952E+00,6.085781E+04,2.961835E+00,3.377264E+04,4.951377E+04,2.233952E+00,1.037100E+05,2.233952E+00,0.000000E+00,0.000000E+00,2.105004E-01,5.734498E+03,2.715585E-01,3.069736E+03,4.386522E+03,2.105004E-01,9.772369E+03,2.105004E-01,0.000000E+00,0.000000E+00,2.105004E-01,5.734498E+03,4.519320E-01,5.837693E+03,7.643711E+03,2.105004E-01,9.772369E+03,2.105004E-01,0.000000E+00,0.000000E+00
06:40:00,2.736774E-01,7.427025E+03,7.362225E-01,9.656644E+03,2.112074E+04,2.736774E-01,1.270533E+04,2.736774E-01,0.000000E+00,0.000000E+00,2.233952E+00,6.062473E+04,3.324904E+00,3.901960E+04,6.206449E+04,2.233952E+00,1.037100E+05,2.233952E+00,0.000000E+00,0.000000E+00,2.105004E-01,5.712535E+03,3.205263E-01,3.786792E+03,6.114549E+03,2.105004E-01,9.772369E+03,2.105004E-01,0.000000E+00,0.000000E+00,2.105004E-01,5.712535E+03,5.171511E-01,6.716323E+03,8.878240E+03,2.105004E-01,9.772369E+03,2.105004E-01,0.000000E+00,0.000000E+00
06:50:00,2.736774E-01,7.398470E+03,8.495674E-01,1.109568E+04,2.415703E+04,2.846901E-01,1.305410E+04,2.736774E-01,0.000000E+00,0.000000E+00,2.233952E+00,6.039164E+04,3.757163E+00,4.491858E+04,7.444555E+04,2.233952E+00,1.037100E+05,2.233952E+00,0.000000E+00,0.000000E+00,2.105004E-01,5.690572E+03,3.733553E-01,4.513606E+03,7.614954E+03,2.105004E-01,9.772369E+03,2.105004E-01,0.000000E+00,0.000000E+00,2.105004E-01,5.690572E+03,5.823007E-01,7.533491E+03,9.831133E+03,2.105004E-01,9.772369E+03,2.105004E-01,0.000000E+00,0.000000E+00
07:00:00,2.736774E-01,7.369915E+03,9.588802E-01,1.237252E+04,2.648341E+04,3.177989E-01,1.412319E+04,2.736774E-01,0.000000E+00,0.000000E+00,2.233952E+00,6.015855E+04,4.178319E+00,5.026219E+04,8.447699E+04,2.233952E+00,1.037100E+05,2.233952E+00,0.000000E+00,0.000000E+00,2.105004E-01,5.668609E+03,4.243987E-01,5.166523E+03,8.792292E+03,2.105004E-01,9.772369E+03,2.105004E-01,0.000000E+00,0.000000E+00,2.105004E-01,5.668609E+03,6.457485E-01,8.266529E+03,1.064175E+04,2.105004E-01,9.772369E+03,2.105004E-01,0.000000E+00,0.000000E+00
07:10:00,2.736774E-01,7.300568E+03,1.153545E+00,1.478594E+04,2.697589E+04,3.993305E-01,1.667787E+04,2.736774E-01,0.000000E+00,0.000000E+00,2.233952E+00,5.959249E+04,5.144622E+00,6.310730E+04,9.763688E+04,2.233952E+00,1.037100E+05,2.233952E+00,0.000000E+00,0.000000E+00,2.105004E-01,5.615270E+03,5.377127E-01,6.665386E+03,1.028617E+04,2.136017E-01,9.870253E+03,2.105004E-01,0.000000E+00,0.000000E+00,2.105004E-01,5.615270E+03,7.784396E-01,9.932217E+03,1.201166E+04,2.138048E-01,9.876664E+03,2.105004E-01,0.000000E+00,0.000000E+00
07:20:00,2.736774E-01,7.231220E+03,1.126152E+00,1.412746E+04,2.406367E+04,4.756366E-01,1.900000E+04,2.736774E-01,0.000000E+00,0.000000E+00,2.233952E+00,5.902642E+04,4.985605E+00,6.043327E+04,8.785178E+04,2.233952E+00,1.037100E+05,2.233952E+00,0.000000E+00,0.000000E+00,2.105004E-01,5.561931E+03,5.489527E-01,6.730734E+03,9.760728E+03,2.481524E-01,1.094428E+04,2.105004E-01,0.000000E+00,0.000000E+00,2.105004E-01,5.561931E+03,8.023911E-01,1.005020E+04,1.183168E+04,2.483584E-01,1.095069E+04,2.105004E-01,0.000000E+00,0.000000E+00
07:30:00,2.736774E-01,7.161873E+03,1.335972E+00,1.643966E+04,2.662251E+04,5.422478E-01,2.095111E+04,2.736774E-01,0.000000E+00,0.000000E+00,2.233952E+00,5.846036E+04,5.704907E+00,6.876991E+04,9.781794E+04,2.233952E+00,1.037100E+05,2.233952E+00,0.000000E+00,0.000000E+00,2.105004E-01,5.508592E+03,6.390059E-01,7.760459E+03,1.085560E+04,2.730786E-01,1.169096E+04,2.105004E-01,0.000000E+00,0.000000E+00,2.105004E-01,5.508592E+03,9.120200E-01,1.121042E+04,1.295966E+04,2.732928E-01,1.169753E+04,2.105004E-01,0.000000E+00,0.000000E+00
07:40:00,2.736774E-01,7.092525E+03,1.551404E+00,1.862714E+04,2.755885E+04,6.069753E-01,2.278324E+04,2.736774E-01,0.000000E+00,0.000000E+00,2.233952E+00,5.789429E+04,6.584197E+00,7.838459E+04,1.056244E+05,2.233952E+00,1.037100E+05,2.233952E+00,0.000000E+00,0.000000E+00,2.105004E-01,5.455253E+03,7.396798E-01,8.836316E+03,1.149156E+04,3.019072E-01,1.253226E+04,2.105004E-01,0.000000E+00,0.000000E+00,2.105004E-01,5.455253E+03,1.022238E+00,1.227634E+04,1.379622E+04,3.021256E-01,1.253886E+04,2.105004E-01,0.000000E+00,0.000000E+00
07:50:00,2.736774E-01,7.023177E+03,1.753882E+00,2.046208E+04,2.828350E+04,6.665719E-01,2.440239E+04,2.736774E-01,0.000000E+00,0.000000E+00,2.233952E+00,5.732823E+04,7.394943E+00,8.637743E+04,1.113264E+05,2.233952E+00,1.037100E+05,2.233952E+00,0.000000E+00,0.000000E+00,2.105004E-01,5.401913E+03,8.338419E-01,9.742144E+03,1.203364E+04,3.283258E-01,1.327508E+04,2.105004E-01,0.000000E+00,0.000000E+00,2.105004E-01,5.401913E+03,1.128268E+00,1.319070E+04,1.461494E+04,3.285493E-01,1.328173E+04,2.105004E-01,0.000000E+00,0.000000E+00
08:00:00,2.736774E-01,6.953830E+03,1.952319E+00,2.206403E+04,2.915562E+04,7.238079E-01,2.589686E+04,2.736774E-01,0.000000E+00,0.000000E+00,2.233952E+00,5.676216E+04,8.196678E+00,9.351740E+04,1.168748E+05,2.233952E+00,1.037100E+05,2.233952E+00,0.000000E+00,0.000000E+00,2.105004E-01,5.348574E+03,9.268850E-01,1.054807E+04,1.264199E+04,3.537514E-01,1.396424E+04,2.105004E-01,0.000000E+00,0.000000E+00,2.105004E-01,5.348574E+03,1.232777E+00,1.398937E+04,1.543904E+04,3.539801E-01,1.397094E+04,2.105004E-01,0.000000E+00,0.000000E+00
08:10:00,2.736774E-01,6.876323E+03,1.761352E+00,1.996392E+04,2.512582E+04,6.189153E-01,2.271603E+04,2.736774E-01,0.000000E+00,0.000000E+00,2.233952E+00,5.612950E+04,7.399922E+00,8.508596E+04,1.016463E+05,2.233952E+00,1.037100E+05,2.233952E+00,0.000000E+00,0.000000E+00,2.105004E-01,5.288960E+03,8.503790E-01,9.726391E+03,1.127244E+04,3.100419E-01,1.265962E+04,2.105004E-01,0.000000E+00,0.000000E+00,2.105004E-01,5.288960E+03,1.152094E+00,1.309625E+04,1.436986E+04,3.102639E-01,1.266607E+04,2.105004E-01,0.000000E+00,0.000000E+00
08:20:00,2.736774E-01,6.798817E+03,2.000134E+00,2.270668E+04,2.844514E+04,6.042131E-01,2.230144E+04,2.736774E-01,0.000000E+00,0.000000E+00,2.233952E+00,5.549684E+04,8.496966E+00,9.796354E+04,1.173531E+05,2.233952E+00,1.037100E+05,2.233952E+00,0.000000E+00,0.000000E+00,2.105004E-01,5.229346E+03,9.382614E-01,1.076700E+04,1.246635E+04,3.006295E-01,1.238900E+04,2.105004E-01,0.000000E+00,0.000000E+00,2.105004E-01,5.229346E+03,1.229718E+00,1.402246E+04,1.540153E+04,3.008427E-01,1.239519E+04,2.105004E-01,0.000000E+00,0.000000E+00
08:30:00,2.736774E-01,6.721311E+03,1.862368E+00,2.124683E+04,2.615536E+04,5.360977E-01,2.032394E+04,2.736774E-01,0.000000E+00,0.000000E+00,2.233952E+00,5.486418E+04,7.998042E+00,9.302797E+04,1.095536E+05,2.233952E+00,1.037100E+05,2.233952E+00,0.000000E+00,0.000000E+00,2.105004E-01,5.169732E+03,8.884733E-01,1.027121E+04,1.175003E+04,2.736294E-01,1.160514E+04,2.105004E-01,0.000000E+00,0.000000E+00,2.105004E-01,5.169732E+03,1.181228E+00,1.354100E+04,1.483871E+04,2.738451E-01,1.161140E+04,2.105004E-01,0.000000E+00,0.000000E+00
08:40:00,2.736774E-01,6.643805E+03,1.838209E+00,2.105704E+04,2.570309E+04,5.244280E-01,1.998506E+04,2.736774E-01,0.000000E+00,0.000000E+00,2.233952E+00,5.423152E+04,7.956722E+00,9.320705E+04,1.089622E+05,2.233952E+00,1.037100E+05,2.233952E+00,0.000000E+00,0.000000E+00,2.105004E-01,5.110117E+03,8.814199E-01,1.025294E+04,1.166719E+04,2.670898E-01,1.141526E+04,2.105004E-01,0.000000E+00,0.000000E+00,2.105004E-01,5.110117E+03,1.171341E+00,1.349061E+04,1.477047E+04,2.673014E-01,1.142140E+04,2.105004E-01,0.000000E+00,0.000000E+00
08:50:00,2.736774E-01,6.566299E+03,1.815580E+00,2.088320E+04,2.509167E+04,5.125366E-01,1.963980E+04,2.736774E-01,0.000000E+00,0.000000E+00,2.233952E+00,5.359886E+04,7.910514E+00,9.332814E+04,1.076583E+05,2.233952E+00,1.037100E+05,2.233952E+00,0.000000E+00,0.000000E+00,2.105004E-01,5.050503E+03,8.771700E-01,1.026557E+04,1.157439E+04,2.611531E-01,1.124290E+04,2.105004E-01,0.000000E+00,0.000000E+00,2.105004E-01,5.050503E+03,1.165708E+00,1.348752E+04,1.475090E+04,2.613625E-01,1.124898E+04,2.105004E-01,0.000000E+00,0.000000E+00
09:00:00,2.736774E-01,6.488793E+03,1.798993E+00,2.077632E+04,2.465564E+04,5.029276E-01,1.936080E+04,2.736774E-01,0.000000E+00,0.000000E+00,2.233952E+00,5.296620E+04,7.880429E+00,9.362768E+04,1.068788E+05,2.233952E+00,1.037100E+05,2.233952E+00,0.000000E+00,0.000000E+00,2.105004E-01,4.990889E+03,8.761585E-01,1.031415E+04,1.154916E+04,2.563453E-01,1.110331E+04,2.105004E-01,0.000000E+00,0.000000E+00,2.105004E-01,4.990889E+03,1.163492E+00,1.352248E+04,1.477710E+04,2.565529E-01,1.110934E+04,2.105004E-01,0.000000E+00,0.000000E+00
09:10:00,2.736774E-01,6.419445E+03,1.786901E+00,2.071056E+04,2.436609E+04,4.950596E-01,1.913236E+04,2.736774E-01,0.000000E+00,0.000000E+00,2.233952E+00,5.240013E+04,7.862327E+00,9.399114E+04,1.065117E+05,2.233952E+00,1.037100E+05,2.233952E+00,0.000000E+00,0.000000E+00,2.105004E-01,4.937550E+03,8.776907E-01,1.038454E+04,1.157481E+04,2.523931E-01,1.098857E+04,2.105004E-01,0.000000E+00,0.000000E+00,2.105004E-01,4.937550E+03,1.163930E+00,1.358057E+04,1.483194E+04,2.525992E-01,1.099455E+04,2.105004E-01,0.000000E+00,0.000000E+00
09:20:00,2.736774E-01,6.350097E+03,1.777645E+00,2.067634E+04,2.418428E+04,4.884641E-01,1.894086E+04,2.736774E-01,0.000000E+00,0.000000E+00,2.233952E+00,5.183407E+04,7.850777E+00,9.442723E+04,1.064716E+05,2.233952E+00,1.037100E+05,2.233952E+00,0.000000E+00,0.000000E+00,2.105004E-01,4.884211E+03,8.809607E-01,1.047428E+04,1.163969E+04,2.490765E-01,1.089228E+04,2.105004E-01,0.000000E+00,0.000000E+00,2.105004E-01,4.884211E+03,1.166240E+00,1.365953E+04,1.491089E+04,2.492813E-01,1.089823E+04,2.105004E-01,0.000000E+00,0.000000E+00
09:30:00,2.736774E-01,6.280750E+03,1.770325E+00,2.066376E+04,2.407295E+04,4.828387E-01,1.877754E+04,2.736774E-01,0.000000E+00,0.000000E+00,2.233952E+00,5.126800E+04,7.843326E+00,9.490920E+04,1.066404E+05,2.233952E+00,1.037100E+05,2.233952E+00,0.000000E+00,0.000000E+00,2.105004E-01,4.830871E+03,8.854914E-01,1.057810E+04,1.173045E+04,2.462436E-01,1.081004E+04,2.105004E-01,0.000000E+00,0.000000E+00,2.105004E-01,4.830871E+03,1.169908E+00,1.375366E+04,1.500667E+04,2.464473E-01,1.081595E+04,2.105004E-01,0.000000E+00,0.000000E+00
09:40:00,2.736774E-01,6.211402E+03,1.764892E+00,2.067261E+04,2.401473E+04,4.779576E-01,1.863582E+04,2.736774E-01,0.000000E+00,0.000000E+00,2.233952E+00,5.070194E+04,7.840766E+00,9.544728E+04,1.069711E+05,2.233952E+00,1.037100E+05,2.233952E+00,0.000000E+00,0.000000E+00,2.105004E-01,4.777532E+03,8.909375E-01,1.069228E+04,1.183821E+04,2.437886E-01,1.073876E+04,2.105004E-01,0.000000E+00,0.000000E+00,2.105004E-01,4.777532E+03,1.174521E+00,1.385848E+04,1.511389E+04,2.439912E-01,1.074464E+04,2.105004E-01,0.000000E+00,0.000000E+00
09:50:00,2.736774E-01,6.142055E+03,1.760594E+00,2.069416E+04,2.398918E+04,4.736529E-01,1.851083E+04,2.736774E-01,0.000000E+00,0.000000E+00,2.233952E+00,5.013587E+04,7.840634E+00,9.601258E+04,1.073951E+05,2.233952E+00,1.037100E+05,2.233952E+00,0.000000E+00,0.000000E+00,2.105004E-01,4.724193E+03,8.970149E-01,1.081352E+04,1.195707E+04,2.416287E-01,1.067605E+04,2.105004E-01,0.000000E+00,0.000000E+00,2.105004E-01,4.724193E+03,1.179803E+00,1.397079E+04,1.522921E+04,2.418304E-01,1.068191E+04,2.105004E-01,0.000000E+00,0.000000E+00
10:00:00,2.736774E-01,6.072707E+03,1.757230E+00,2.072609E+04,2.398794E+04,4.698005E-01,1.839899E+04,2.736774E-01,0.000000E+00,0.000000E+00,2.233952E+00,4.956980E+04,7.842710E+00,9.660234E+04,1.078898E+05,2.233952E+00,1.037100E+05,2.233952E+00,0.000000E+00,0.000000E+00,2.105004E-01,4.670854E+03,9.035518E-01,1.093987E+04,1.208366E+04,2.397019E-01,1.062012E+04,2.105004E-01,0.000000E+00,0.000000E+00,2.105004E-01,4.670854E+03,1.185561E+00,1.408841E+04,1.535021E+04,2.399027E-01,1.062595E+04,2.105004E-01,0.000000E+00,0.000000E+00
10:10:00,2.736774E-01,6.011518E+03,1.754537E+00,2.075730E+04,2.399572E+04,4.663068E-01,1.829755E+04,2.736774E-01,0.000000E+00,0.000000E+00,2.233952E+00,4.907034E+04,7.846301E+00,9.714227E+04,1.083659E+05,2.233952E+00,1.037100E+05,2.233952E+00,0.000000E+00,0.000000E+00,2.105004E-01,4.623790E+03,9.103594E-01,1.106296E+04,1.220845E+04,2.379609E-01,1.056957E+04,2.105004E-01,0.000000E+00,0.000000E+00,2.105004E-01,4.623790E+03,1.191594E+00,1.420282E+04,1.546799E+04,2.381609E-01,1.057538E+04,2.105004E-01,0.000000E+00,0.000000E+00
10:20:00,2.736774E-01,5.950329E+03,1.752314E+00,2.079374E+04,2.401584E+04,4.631005E-01,1.820446E+04,2.736774E-01,0.000000E+00,0.000000E+00,2.233952E+00,4.857087E+04,7.850875E+00,9.769304E+04,1.088763E+05,2.233952E+00,1.037100E+05,2.233952E+00,0.000000E+00,0.000000E+00,2.105004E-01,4.576726E+03,9.172812E-01,1.118731E+04,1.233548E+04,2.363694E-01,1.052337E+04,2.105004E-01,0.000000E+00,0.000000E+00,2.105004E-01,4.576726E+03,1.197740E+00,1.431850E+04,1.558701E+04,2.365686E-01,1.052915E+04,2.105004E-01,0.000000E+00,0.000000E+00
10:30:00,2.736774E-01,5.889140E+03,1.750408E+00,2.083370E+04,2.404455E+04,4.601185E-01,1.811788E+04,2.736774E-01,0.000000E+00,0.000000E+00,2.233952E+00,4.807140E+04,7.855996E+00,9.824986E+04,1.094091E+05,2.233952E+00,1.037100E+05,2.233952E+00,0.000000E+00,0.000000E+00,2.105004E-01,4.529662E+03,9.242039E-01,1.131167E+04,1.246308E+04,2.348957E-01,1.048058E+04,2.105004E-01,0.000000E+00,0.000000E+00,2.105004E-01,4.529662E+03,1.203880E+00,1.443412E+04,1.570590E+04,2.350941E-01,1.048634E+04,2.105004E-01,0.000000E+00,0.000000E+00
10:40:00,2.736774E-01,5.827951E+03,1.748685E+00,2.087568E+04,2.407880E+04,4.573214E-01,1.803667E+04,2.736774E-01,0.000000E+00,0.000000E+00,2.233952E+00,4.757193E+04,7.861324E+00,9.880893E+04,1.099556E+05,2.233952E+00,1.037100E+05,2.233952E+00,0.000000E+00,0.000000E+00,2.105004E-01,4.482599E+03,9.311691E-01,1.143650E+04,1.259163E+04,2.335190E-01,1.044062E+04,2.105004E-01,0.000000E+00,0.000000E+00,2.105004E-01,4.482599E+03,1.210059E+00,1.455017E+04,1.582528E+04,2.337167E-01,1.044636E+04,2.105004E-01,0.000000E+00,0.000000E+00
10:50:00,2.736774E-01,5.766761E+03,1.747066E+00,2.091882E+04,2.411665E+04,4.546795E-01,1.795997E+04,2.736774E-01,0.000000E+00,0.000000E+00,2.233952E+00,4.707246E+04,7.866510E+00,9.936638E+04,1.105081E+05,2.233952E+00,1.037100E+05,2.233952E+00,0.000000E+00,0.000000E+00,2.105004E-01,4.435535E+03,9.379918E-01,1.155974E+04,1.271872E+04,2.322235E-01,1.040301E+04,2.105004E-01,0.000000E+00,0.000000E+00,2.105004E-01,4.435535E+03,1.216088E+00,1.466454E+04,1.594289E+04,2.324205E-01,1.040873E+04,2.105004E-01,0.000000E+00,0.000000E+00
11:00:00,2.736774E-01,5.705572E+03,1.745499E+00,2.096252E+04,2.415674E+04,4.521683E-01,1.788706E+04,2.736774E-01,0.000000E+00,0.000000E+00,2.233952E+00,4.657299E+04,7.871264E+00,9.991898E+04,1.110609E+05,2.233952E+00,1.037100E+05,2.233952E+00,0.000000E+00,0.000000E+00,2.105004E-01,4.388471E+03,9.445817E-01,1.168038E+04,1.284319E+04,2.309964E-01,1.036738E+04,2.105004E-01,0.000000E+00,0.000000E+00,2.105004E-01,4.388471E+03,1.221876E+00,1.477622E+04,1.605769E+04,2.311927E-01,1.037308E+04,2.105004E-01,0.000000E+00,0.000000E+00
11:10:00,2.736774E-01,5.664780E+03,1.743892E+00,2.098539E+04,2.417660E+04,4.497681E-01,1.781738E+04,2.736774E-01,0.000000E+00,0.000000E+00,2.233952E+00,4.624001E+04,7.875317E+00,1.002973E+05,1.114388E+05,2.233952E+00,1.037100E+05,2.233952E+00,0.000000E+00,0.000000E+00,2.105004E-01,4.357095E+03,9.508308E-01,1.178153E+04,1.294765E+04,2.298273E-01,1.033344E+04,2.105004E-01,0.000000E+00,0.000000E+00,2.105004E-01,4.357095E+03,1.227315E+00,1.486832E+04,1.615239E+04,2.300229E-01,1.033912E+04,2.105004E-01,0.000000E+00,0.000000E+00
11:20:00,2.736774E-01,5.623987E+03,1.742198E+00,2.100727E+04,2.419622E+04,4.474634E-01,1.775047E+04,2.736774E-01,0.000000E+00,0.000000E+00,2.233952E+00,4.590703E+04,7.878455E+00,1.006653E+05,1.118083E+05,2.233952E+00,1.037100E+05,2.233952E+00,0.000000E+00,0.000000E+00,2.105004E-01,4.325719E+03,9.566849E-01,1.187826E+04,1.304753E+04,2.287079E-01,1.030095E+04,2.105004E-01,0.000000E+00,0.000000E+00,2.105004E-01,4.325719E+03,1.232353E+00,1.495594E+04,1.624247E+04,2.289029E-01,1.030661E+04,2.105004E-01,0.000000E+00,0.000000E+00
11:30:00,2.736774E-01,5.583194E+03,1.740373E+00,2.102770E+04,2.421488E+04,4.452418E-01,1.768597E+04,2.736774E-01,0.000000E+00,0.000000E+00,2.233952E+00,4.557405E+04,7.880500E+00,1.010211E+05,1.121665E+05,2.233952E+00,1.037100E+05,2.233952E+00,0.000000E+00,0.000000E+00,2.105004E-01,4.294343E+03,9.620778E-01,1.196985E+04,1.314206E+04,2.276318E-01,1.026970E+04,2.105004E-01,0.000000E+00,0.000000E+00,2.105004E-01,4.294343E+03,1.236925E+00,1.503837E+04,1.632720E+04,2.278262E-01,1.027535E+04,2.105004E-01,0.000000E+00,0.000000E+00
11:40:00,2.736774E-01,5.542402E+03,1.738380E+00,2.104625E+04,2.423195E+04,4.430936E-01,1.762360E+04,2.736774E-01,0.000000E+00,0.000000E+00,2.233952E+00,4.524107E+04,7.881302E+00,1.013631E+05,1.125109E+05,2.233952E+00,1.037100E+05,2.233952E+00,0.000000E+00,0.000000E+00,2.105004E-01,4.262967E+03,9.669827E-01,1.205599E+04,1.323091E+04,2.265936E-01,1.023956E+04,2.105004E-01,0.000000E+00,0.000000E+00,2.105004E-01,4.262967E+03,1.241009E+00,1.511534E+04,1.640630E+04,2.267873E-01,1.024519E+04,2.105004E-01,0.000000E+00,0.000000E+00
11:50:00,2.736774E-01,5.501609E+03,1.736181E+00,2.106249E+04,2.424683E+04,4.410106E-01,1.756313E+04,2.736774E-01,0.000000E+00,0.000000E+00,2.233952E+00,4.490809E+04,7.880727E+00,1.016897E+05,1.128397E+05,2.233952E+00,1.037100E+05,2.233952E+00,0.000000E+00,0.000000E+00,2.105004E-01,4.231591E+03,9.713677E-01,1.213632E+04,1.331367E+04,2.255891E-01,1.021040E+04,2.105004E-01,0.000000E+00,0.000000E+00,2.105004E-01,4.231591E+03,1.244575E+00,1.518653E+04,1.647941E+04,2.257822E-01,1.021601E+04,2.105004E-01,0.000000E+00,0.000000E+00
12:00:00,2.736774E-01,5.460816E+03,1.734160E+00,2.108073E+04,2.426462E+04,4.389865E-01,1.750437E+04,2.736774E-01,0.000000E+00,0.000000E+00,2.233952E+00,4.457511E+04,7.878818E+00,1.020013E+05,1.131533E+05,2.233952E+00,1.037100E+05,2.233952E+00,0.000000E+00,0.000000E+00,2.105004E-01,4.200215E+03,9.752067E-01,1.221056E+04,1.339003E+04,2.246148E-01,1.018212E+04,2.105004E-01,0.000000E+00,0.000000E+00,2.105004E-01,4.200215E+03,1.247601E+00,1.525170E+04,1.654625E+04,2.248074E-01,1.018771E+04,2.105004E-01,0.000000E+00,0.000000E+00
12:10:00,2.736774E-01,5.428182E+03,1.732459E+00,2.109436E+04,2.427817E+04,4.370162E-01,1.744716E+04,2.736774E-01,0.000000E+00,0.000000E+00,2.233952E+00,4.430873E+04,7.875430E+00,1.022299E+05,1.133814E+05,2.233952E+00,1.037100E+05,2.233952E+00,0.000000E+00,0.000000E+00,2.105004E-01,4.175114E+03,9.785174E-01,1.227263E+04,1.345380E+04,2.236680E-01,1.015463E+04,2.105004E-01,0.000000E+00,0.000000E+00,2.105004E-01,4.175114E+03,1.250109E+00,1.530480E+04,1.660070E+04,2.238600E-01,1.016021E+04,2.105004E-01,0.000000E+00,0.000000E+00
12:20:00,2.736774E-01,5.395548E+03,1.731082E+00,2.111163E+04,2.429546E+04,4.350952E-01,1.739140E+04,2.736774E-01,0.000000E+00,0.000000E+00,2.233952E+00,4.404234E+04,7.870425E+00,1.024404E+05,1.135902E+05,2.233952E+00,1.037100E+05,2.233952E+00,0.000000E+00,0.000000E+00,2.105004E-01,4.150014E+03,9.812933E-01,1.232872E+04,1.351137E+04,2.227463E-01,1.012788E+04,2.105004E-01,0.000000E+00,0.000000E+00,2.105004E-01,4.150014E+03,1.252079E+00,1.535190E+04,1.664894E+04,2.229378E-01,1.013343E+04,2.105004E-01,0.000000E+00,0.000000E+00
12:30:00,2.736774E-01,5.362914E+03,1.730034E+00,2.113256E+04,2.431652E+04,4.332201E-01,1.733696E+04,2.736774E-01,0.000000E+00,0.000000E+00,2.233952E+00,4.377596E+04,7.863707E+00,1.026318E+05,1.137787E+05,2.233952E+00,1.037100E+05,2.233952E+00,0.000000E+00,0.000000E+00,2.105004E-01,4.124913E+03,9.834885E-01,1.237833E+04,1.356213E+04,2.218481E-01,1.010180E+04,2.105004E-01,0.000000E+00,0.000000E+00,2.105004E-01,4.124913E+03,1.253492E+00,1.539278E+04,1.669077E+04,2.220390E-01,1.010734E+04,2.105004E-01,0.000000E+00,0.000000E+00
12:40:00,2.736774E-01,5.330279E+03,1.729313E+00,2.115715E+04,2.434155E+04,4.313880E-01,1.728377E+04,2.736774E-01,0.000000E+00,0.000000E+00,2.233952E+00,4.350958E+04,7.855232E+00,1.028036E+05,1.139464E+05,2.233952E+00,1.037100E+05,2.233952E+00,0.000000E+00,0.000000E+00,2.105004E-01,4.099812E+03,9.850907E-01,1.242133E+04,1.360600E+04,2.209717E-01,1.007636E+04,2.105004E-01,0.000000E+00,0.000000E+00,2.105004E-01,4.099812E+03,1.254330E+00,1.542724E+04,1.672597E+04,2.211621E-01,1.008189E+04,2.105004E-01,0.000000E+00,0.000000E+00
12:50:00,2.736774E-01,5.297645E+03,1.728917E+00,2.118535E+04,2.437074E+04,4.295964E-01,1.723176E+04,2.736774E-01,0.000000E+00,0.000000E+00,2.233952E+00,4.324319E+04,7.845284E+00,1.029589E+05,1.140972E+05,2.233952E+00,1.037100E+05,2.233952E+00,0.000000E+00,0.000000E+00,2.105004E-01,4.074711E+03,9.860842E-01,1.245752E+04,1.364278E+04,2.201160E-01,1.005151E+04,2.105004E-01,0.000000E+00,0.000000E+00,2.105004E-01,4.074711E+03,1.254576E+00,1.545508E+04,1.675434E+04,2.203058E-01,1.005703E+04,2.105004E-01,0.000000E+00,0.000000E+00
13:00:00,2.736774E-01,5.265011E+03,1.728426E+00,2.121250E+04,2.439865E+04,4.278432E-01,1.718086E+04,2.736774E-01,0.000000E+00,0.000000E+00,2.233952E+00,4.297681E+04,7.833865E+00,1.030978E+05,1.142305E+05,2.233952E+00,1.037100E+05,2.233952E+00,0.000000E+00,0.000000E+00,2.105004E-01,4.049611E+03,9.864516E-01,1.248673E+04,1.367226E+04,2.192796E-01,1.002724E+04,2.105004E-01,0.000000E+00,0.000000E+00,2.105004E-01,4.049611E+03,1.254211E+00,1.547611E+04,1.677565E+04,2.194690E-01,1.003273E+04,2.105004E-01,0.000000E+00,0.000000E+00
13:10:00,2.736774E-01,5.244615E+03,1.727695E+00,2.122474E+04,2.441097E+04,4.261266E-01,1.713102E+04,2.736774E-01,0.000000E+00,0.000000E+00,2.233952E+00,4.281032E+04,7.821093E+00,1.031218E+05,1.142455E+05,2.233952E+00,1.037100E+05,2.233952E+00,0.000000E+00,0.000000E+00,2.105004E-01,4.033923E+03,9.861639E-01,1.249921E+04,1.368445E+04,2.184618E-01,1.000349E+04,2.105004E-01,0.000000E+00,0.000000E+00,2.105004E-01,4.033923E+03,1.253207E+00,1.548059E+04,1.677995E+04,2.186506E-01,1.000898E+04,2.105004E-01,0.000000E+00,0.000000E+00
13:20:00,2.736774E-01,5.224218E+03,1.726702E+00,2.123405E+04,2.442003E+04,4.244450E-01,1.708221E+04,2.736774E-01,0.000000E+00,0.000000E+00,2.233952E+00,4.264383E+04,7.807097E+00,1.031320E+05,1.142458E+05,2.233952E+00,1.037100E+05,2.233952E+00,0.000000E+00,0.000000E+00,2.105004E-01,4.018235E+03,9.851984E-01,1.250412E+04,1.368873E+04,2.176614E-01,9.980259E+03,2.105004E-01,0.000000E+00,0.000000E+00,2.105004E-01,4.018235E+03,1.251559E+00,1.547788E+04,1.677684E+04,2.178498E-01,9.985728E+03,2.105004E-01,0.000000E+00,0.000000E+00
13:30:00,2.736774E-01,5.203822E+03,1.725424E+00,2.124018E+04,2.442561E+04,4.227971E-01,1.703436E+04,2.736774E-01,0.000000E+00,0.000000E+00,2.233952E+00,4.247734E+04,7.791909E+00,1.031289E+05,1.142320E+05,2.233952E+00,1.037100E+05,2.233952E+00,0.000000E+00,0.000000E+00,2.105004E-01,4.002547E+03,9.835728E-01,1.250166E+04,1.368534E+04,2.168778E-01,9.957510E+03,2.105004E-01,0.000000E+00,0.000000E+00,2.105004E-01,4.002547E+03,1.249258E+00,1.546789E+04,1.676622E+04,2.170658E-01,9.962966E+03,2.105004E-01,0.000000E+00,0.000000E+00
13:40:00,2.736774E-01,5.183426E+03,1.723848E+00,2.124299E+04,2.442759E+04,4.211815E-01,1.698746E+04,2.736774E-01,0.000000E+00,0.000000E+00,2.233952E+00,4.231085E+04,7.775517E+00,1.031124E+05,1.142039E+05,2.233952E+00,1.037100E+05,2.233952E+00,0.000000E+00,0.000000E+00,2.105004E-01,3.986859E+03,9.812731E-01,1.249168E+04,1.367408E+04,2.161102E-01,9.935225E+03,2.105004E-01,0.000000E+00,0.000000E+00,2.105004E-01,3.986859E+03,1.246300E+00,1.545055E+04,1.674799E+04,2.162977E-01,9.940667E+03,2.105004E-01,0.000000E+00,0.000000E+00
13:50:00,2.736774E-01,5.163029E+03,1.721968E+00,2.124239E+04,2.442591E+04,4.195972E-01,1.694147E+04,2.736774E-01,0.000000E+00,0.000000E+00,2.233952E+00,4.214436E+04,7.757595E+00,1.030788E+05,1.141575E+05,2.233952E+00,1.037100E+05,2.233952E+00,0.000000E+00,0.000000E+00,2.105004E-01,3.971171E+03,9.782921E-01,1.247409E+04,1.365485E+04,2.153579E-01,9.913384E+03,2.105004E-01,0.000000E+00,0.000000E+00,2.105004E-01,3.971171E+03,1.242680E+00,1.542583E+04,1.672212E+04,2.155449E-01,9.918814E+03,2.105004E-01,0.000000E+00,0.000000E+00
14:00:00,2.736774E-01,5.142633E+03,1.719765E+00,2.123819E+04,2.442034E+04,4.180432E-01,1.689636E+04,2.736774E-01,0.000000E+00,0.000000E+00,2.233952E+00,4.197787E+04,7.737890E+00,1.030253E+05,1.140895E+05,2.233952E+00,1.037100E+05,2.233952E+00,0.000000E+00,0.000000E+00,2.105004E-01,3.955483E+03,9.746168E-01,1.244874E+04,1.362747E+04,2.146204E-01,9.891974E+03,2.105004E-01,0.000000E+00,0.000000E+00,2.105004E-01,3.955483E+03,1.238387E+00,1.539359E+04,1.668843E+04,2.148069E-01,9.897391E+03,2.105004E-01,0.000000E+00,0.000000E+00
14:10:00,2.736774E-01,5.142633E+03,1.717182E+00,2.120936E+04,2.438930E+04,4.165186E-01,1.685209E+04,2.736774E-01,0.000000E+00,0.000000E+00,2.233952E+00,4.197787E+04,7.716486E+00,1.027864E+05,1.138313E+05,2.233952E+00,1.037100E+05,2.233952E+00,0.000000E+00,0.000000E+00,2.105004E-01,3.955483E+03,9.703776E-01,1.240142E+04,1.357760E+04,2.138972E-01,9.870980E+03,2.105004E-01,0.000000E+00,0.000000E+00,2.105004E-01,3.955483E+03,1.233556E+00,1.533965E+04,1.663262E+04,2.140833E-01,9.876384E+03,2.105004E-01,0.000000E+00,0.000000E+00
14:20:00,2.736774E-01,5.142633E+03,1.714221E+00,2.117630E+04,2.435379E+04,4.150224E-01,1.680866E+04,2.736774E-01,0.000000E+00,0.000000E+00,2.233952E+00,4.197787E+04,7.693586E+00,1.025307E+05,1.135554E+05,2.233952E+00,1.037100E+05,2.233952E+00,0.000000E+00,0.000000E+00,2.105004E-01,3.955483E+03,9.654455E-01,1.234636E+04,1.351945E+04,2.131879E-01,9.850389E+03,2.105004E-01,0.000000E+00,0.000000E+00,2.105004E-01,3.955483E+03,1.228057E+00,1.527827E+04,1.656892E+04,2.133736E-01,9.855780E+03,2.105004E-01,0.000000E+00,0.000000E+00
14:30:00,2.736774E-01,5.142633E+03,1.710887E+00,2.113908E+04,2.431394E+04,4.135539E-01,1.676602E+04,2.736774E-01,0.000000E+00,0.000000E+00,2.233952E+00,4.197787E+04,7.669309E+00,1.022597E+05,1.132629E+05,2.233952E+00,1.037100E+05,2.233952E+00,0.000000E+00,0.000000E+00,2.105004E-01,3.955483E+03,9.598064E-01,1.228340E+04,1.345296E+04,2.124921E-01,9.830189E+03,2.105004E-01,0.000000E+00,0.000000E+00,2.105004E-01,3.955483E+03,1.221879E+00,1.520930E+04,1.649732E+04,2.126774E-01,9.835569E+03,2.105004E-01,0.000000E+00,0.000000E+00
14:40:00,2.736774E-01,5.142633E+03,1.707173E+00,2.109761E+04,2.426960E+04,4.121123E-01,1.672417E+04,2.736774E-01,0.000000E+00,0.000000E+00,2.233952E+00,4.197787E+04,7.643555E+00,1.019722E+05,1.129524E+05,2.233952E+00,1.037100E+05,2.233952E+00,0.000000E+00,0.000000E+00,2.105004E-01,3.955483E+03,9.534720E-01,1.221269E+04,1.337835E+04,2.118094E-01,9.810371E+03,2.105004E-01,0.000000E+00,0.000000E+00,2.105004E-01,3.955483E+03,1.215037E+00,1.513291E+04,1.641808E+04,2.119943E-01,9.815739E+03,2.105004E-01,0.000000E+00,0.000000E+00
14:50:00,2.736774E-01,5.142633E+03,1.703066E+00,2.105177E+04,2.422059E+04,4.106968E-01,1.668308E+04,2.736774E-01,0.000000E+00,0.000000E+00,2.233952E+00,4.197787E+04,7.616027E+00,1.016649E+05,1.126198E+05,2.233952E+00,1.037100E+05,2.233952E+00,0.000000E+00,0.000000E+00,2.105004E-01,3.955483E+03,9.464618E-01,1.213442E+04,1.329587E+04,2.111395E-01,9.790923E+03,2.105004E-01,0.000000E+00,0.000000E+00,2.105004E-01,3.955483E+03,1.207552E+00,1.504934E+04,1.633147E+04,2.113240E-01,9.796279E+03,2.105004E-01,0.000000E+00,0.000000E+00
15:00:00,2.736774E-01,5.142633E+03,1.698562E+00,2.100149E+04,2.416681E+04,4.093069E-01,1.664273E+04,2.736774E-01,0.000000E+00,0.000000E+00,2.233952E+00,4.197787E+04,7.586628E+00,1.013367E+05,1.122647E+05,2.233952E+00,1.037100E+05,2.233952E+00,0.000000E+00,0.000000E+00,2.105004E-01,3.955483E+03,9.388064E-01,1.204896E+04,1.320583E+04,2.105004E-01,9.772369E+03,2.105004E-01,0.000000E+00,0.000000E+00,2.105004E-01,3.955483E+03,1.199461E+00,1.495902E+04,1.623788E+04,2.106661E-01,9.777181E+03,2.105004E-01,0.000000E+00,0.000000E+00
15:10:00,2.736774E-01,5.167108E+03,1.693657E+00,2.092225E+04,2.408323E+04,4.079418E-01,1.660310E+04,2.736774E-01,0.000000E+00,0.000000E+00,2.233952E+00,4.217766E+04,7.554788E+00,1.007814E+05,1.116759E+05,2.233952E+00,1.037100E+05,2.233952E+00,0.000000E+00,0.000000E+00,2.105004E-01,3.974308E+03,9.303975E-01,1.193625E+04,1.308753E+04,2.105004E-01,9.772369E+03,2.105004E-01,0.000000E+00,0.000000E+00,2.105004E-01,3.974308E+03,1.190635E+00,1.484166E+04,1.611637E+04,2.105004E-01,9.772369E+03,2.105004E-01,0.000000E+00,0.000000E+00
15:20:00,2.736774E-01,5.191584E+03,1.688311E+00,2.083809E+04,2.399441E+04,4.066009E-01,1.656417E+04,2.736774E-01,0.000000E+00,0.000000E+00,2.233952E+00,4.237745E+04,7.519974E+00,1.001930E+05,1.110509E+05,2.233952E+00,1.037100E+05,2.233952E+00,0.000000E+00,0.000000E+00,2.105004E-01,3.993134E+03,9.214356E-01,1.181738E+04,1.296274E+04,2.105004E-01,9.772369E+03,2.105004E-01,0.000000E+00,0.000000E+00,2.105004E-01,3.993134E+03,1.181290E+00,1.471850E+04,1.598888E+04,2.105004E-01,9.772369E+03,2.105004E-01,0.000000E+00,0.000000E+00
15:30:00,2.736774E-01,5.216060E+03,1.682489E+00,2.074862E+04,2.389998E+04,4.052836E-01,1.652593E+04,2.736774E-01,0.000000E+00,0.000000E+00,2.233952E+00,4.257723E+04,7.482239E+00,9.957193E+04,1.103906E+05,2.233952E+00,1.037100E+05,2.233952E+00,0.000000E+00,0.000000E+00,2.105004E-01,4.011960E+03,9.120190E-01,1.169342E+04,1.283261E+04,2.105004E-01,9.772369E+03,2.105004E-01,0.000000E+00,0.000000E+00,2.105004E-01,4.011960E+03,1.171521E+00,1.459062E+04,1.585650E+04,2.105004E-01,9.772369E+03,2.105004E-01,0.000000E+00,0.000000E+00
15:40:00,2.736774E-01,5.240535E+03,1.676171E+00,2.065361E+04,2.379968E+04,4.039893E-01,1.648836E+04,2.736774E-01,0.000000E+00,0.000000E+00,2.233952E+00,4.277702E+04,7.441908E+00,9.892189E+04,1.096992E+05,2.233952E+00,1.037100E+05,2.233952E+00,0.000000E+00,0.000000E+00,2.105004E-01,4.030785E+03,9.022443E-01,1.156547E+04,1.269825E+04,2.105004E-01,9.772369E+03,2.105004E-01,0.000000E+00,0.000000E+00,2.105004E-01,4.030785E+03,1.161426E+00,1.445908E+04,1.572031E+04,2.105004E-01,9.772369E+03,2.105004E-01,0.000000E+00,0.000000E+00
15:50:00,2.736774E-01,5.265011E+03,1.669257E+00,2.055194E+04,2.369215E+04,4.027175E-01,1.645144E+04,2.736774E-01,0.000000E+00,0.000000E+00,2.233952E+00,4.297681E+04,7.399403E+00,9.824757E+04,1.089813E+05,2.233952E+00,1.037100E+05,2.233952E+00,0.000000E+00,0.000000E+00,2.105004E-01,4.049611E+03,8.920765E-01,1.143313E+04,1.255905E+04,2.105004E-01,9.772369E+03,2.105004E-01,0.000000E+00,0.000000E+00,2.105004E-01,4.049611E+03,1.150965E+00,1.432347E+04,1.557970E+04,2.105004E-01,9.772369E+03,2.105004E-01,0.000000E+00,0.000000E+00
16:00:00,2.736774E-01,5.289487E+03,1.661807E+00,2.044430E+04,2.357832E+04,4.014676E-01,1.641515E+04,2.736774E-01,0.000000E+00,0.000000E+00,2.233952E+00,4.317660E+04,7.354951E+00,9.755153E+04,1.082395E+05,2.233952E+00,1.037100E+05,2.233952E+00,0.000000E+00,0.000000E+00,2.105004E-01,4.068436E+03,8.817393E-01,1.129890E+04,1.241792E+04,2.105004E-01,9.772369E+03,2.105004E-01,0.000000E+00,0.000000E+00,2.105004E-01,4.068436E+03,1.140361E+00,1.418626E+04,1.543750E+04,2.105004E-01,9.772369E+03,2.105004E-01,0.000000E+00,0.000000E+00
16:10:00,2.736774E-01,5.322121E+03,1.653891E+00,2.032330E+04,2.345069E+04,4.002391E-01,1.637949E+04,2.736774E-01,0.000000E+00,0.000000E+00,2.233952E+00,4.344298E+04,7.309380E+00,9.677640E+04,1.074164E+05,2.233952E+00,1.037100E+05,2.233952E+00,0.000000E+00,0.000000E+00,2.105004E-01,4.093537E+03,8.714153E-01,1.115854E+04,1.227062E+04,2.105004E-01,9.772369E+03,2.105004E-01,0.000000E+00,0.000000E+00,2.105004E-01,4.093537E+03,1.129819E+00,1.404346E+04,1.528969E+04,2.105004E-01,9.772369E+03,2.105004E-01,0.000000E+00,0.000000E+00
16:20:00,2.736774E-01,5.354755E+03,1.645527E+00,2.019728E+04,2.331773E+04,3.990315E-01,1.634443E+04,2.736774E-01,0.000000E+00,0.000000E+00,2.233952E+00,4.370936E+04,7.262911E+00,9.599124E+04,1.065825E+05,2.233952E+00,1.037100E+05,2.233952E+00,0.000000E+00,0.000000E+00,2.105004E-01,4.118638E+03,8.612269E-01,1.101969E+04,1.212490E+04,2.105004E-01,9.772369E+03,2.105004E-01,0.000000E+00,0.000000E+00,2.105004E-01,4.118638E+03,1.119447E+00,1.390256E+04,1.514380E+04,2.105004E-01,9.772369E+03,2.105004E-01,0.000000E+00,0.000000E+00
16:30:00,2.736774E-01,5.387389E+03,1.636726E+00,2.006639E+04,2.317956E+04,3.978443E-01,1.630996E+04,2.736774E-01,0.000000E+00,0.000000E+00,2.233952E+00,4.397575E+04,7.215091E+00,9.519099E+04,1.057316E+05,2.233952E+00,1.037100E+05,2.233952E+00,0.000000E+00,0.000000E+00,2.105004E-01,4.143738E+03,8.513075E-01,1.088385E+04,1.198230E+04,2.105004E-01,9.772369E+03,2.105004E-01,0.000000E+00,0.000000E+00,2.105004E-01,4.143738E+03,1.109383E+00,1.376510E+04,1.500142E+04,2.105004E-01,9.772369E+03,2.105004E-01,0.000000E+00,0.000000E+00
16:40:00,2.736774E-01,5.420023E+03,1.627774E+00,1.993382E+04,2.304001E+04,3.966770E-01,1.627608E+04,2.736774E-01,0.000000E+00,0.000000E+00,2.233952E+00,4.424213E+04,7.165859E+00,9.437498E+04,1.048634E+05,2.233952E+00,1.037100E+05,2.233952E+00,0.000000E+00,0.000000E+00,2.105004E-01,4.168839E+03,8.418032E-01,1.075263E+04,1.184457E+04,2.105004E-01,9.772369E+03,2.105004E-01,0.000000E+00,0.000000E+00,2.105004E-01,4.168839E+03,1.099773E+00,1.363271E+04,1.486426E+04,2.105004E-01,9.772369E+03,2.105004E-01,0.000000E+00,0.000000E+00
16:50:00,2.736774E-01,5.452658E+03,1.618829E+00,1.980132E+04,2.290078E+04,3.955291E-01,1.624275E+04,2.736774E-01,0.000000E+00,0.000000E+00,2.233952E+00,4.450852E+04,7.115419E+00,9.354548E+04,1.039808E+05,2.233952E+00,1.037100E+05,2.233952E+00,0.000000E+00,0.000000E+00,2.105004E-01,4.193940E+03,8.328773E-01,1.062788E+04,1.171369E+04,2.105004E-01,9.772369E+03,2.105004E-01,0.000000E+00,0.000000E+00,2.105004E-01,4.193940E+03,1.090783E+00,1.350724E+04,1.473426E+04,2.105004E-01,9.772369E+03,2.105004E-01,0.000000E+00,0.000000E+00
17:00:00,2.736774E-01,5.485292E+03,1.609801E+00,1.966790E+04,2.276038E+04,3.944003E-01,1.620998E+04,2.736774E-01,0.000000E+00,0.000000E+00,2.233952E+00,4.477490E+04,7.063990E+00,9.270494E+04,1.030862E+05,2.233952E+00,1.037100E+05,2.233952E+00,0.000000E+00,0.000000E+00,2.105004E-01,4.219041E+03,8.243971E-01,1.050810E+04,1.158796E+04,2.105004E-01,9.772369E+03,2.105004E-01,0.000000E+00,0.000000E+00,2.105004E-01,4.219041E+03,1.082274E+00,1.338714E+04,1.460974E+04,2.105004E-01,9.772369E+03,2.105004E-01,0.000000E+00,0.000000E+00
17:10:00,2.736774E-01,5.526084E+03,1.600628E+00,1.952470E+04,2.260970E+04,3.932900E-01,1.617775E+04,2.736774E-01,0.000000E+00,0.000000E+00,2.233952E+00,4.510788E+04,7.011255E+00,9.178322E+04,1.021069E+05,2.233952E+00,1.037100E+05,2.233952E+00,0.000000E+00,0.000000E+00,2.105004E-01,4.250417E+03,8.162712E-01,1.038600E+04,1.145990E+04,2.105004E-01,9.772369E+03,2.105004E-01,0.000000E+00,0.000000E+00,2.105004E-01,4.250417E+03,1.074151E+00,1.326507E+04,1.448323E+04,2.105004E-01,9.772369E+03,2.105004E-01,0.000000E+00,0.000000E+00
17:20:00,2.736774E-01,5.566877E+03,1.591251E+00,1.937921E+04,2.245651E+04,3.921978E-01,1.614604E+04,2.736774E-01,0.000000E+00,0.000000E+00,2.233952E+00,4.544086E+04,6.957607E+00,9.085132E+04,1.011159E+05,2.233952E+00,1.037100E+05,2.233952E+00,0.000000E+00,0.000000E+00,2.105004E-01,4.281793E+03,8.083949E-01,1.026669E+04,1.133477E+04,2.105004E-01,9.772369E+03,2.105004E-01,0.000000E+00,0.000000E+00,2.105004E-01,4.281793E+03,1.066305E+00,1.314610E+04,1.435998E+04,2.105004E-01,9.772369E+03,2.105004E-01,0.000000E+00,0.000000E+00
17:30:00,2.736774E-01,5.607670E+03,1.581571E+00,1.923036E+04,2.229977E+04,3.911234E-01,1.611485E+04,2.736774E-01,0.000000E+00,0.000000E+00,2.233952E+00,4.577384E+04,6.903609E+00,8.991550E+04,1.001205E+05,2.233952E+00,1.037100E+05,2.233952E+00,0.000000E+00,0.000000E+00,2.105004E-01,4.313169E+03,8.006404E-01,1.014874E+04,1.121103E+04,2.105004E-01,9.772369E+03,2.105004E-01,0.000000E+00,0.000000E+00,2.105004E-01,4.313169E+03,1.058605E+00,1.302876E+04,1.423846E+04,2.105004E-01,9.772369E+03,2.105004E-01,0.000000E+00,0.000000E+00
17:40:00,2.736774E-01,5.648463E+03,1.571103E+00,1.907270E+04,2.213312E+04,3.900663E-01,1.608416E+04,2.736774E-01,0.000000E+00,0.000000E+00,2.233952E+00,4.610682E+04,6.849383E+00,8.897713E+04,9.912219E+04,2.233952E+00,1.037100E+05,2.233952E+00,0.000000E+00,0.000000E+00,2.105004E-01,4.344544E+03,7.927351E-01,1.002910E+04,1.108520E+04,2.105004E-01,9.772369E+03,2.105004E-01,0.000000E+00,0.000000E+00,2.105004E-01,4.344544E+03,1.050769E+00,1.290989E+04,1.411518E+04,2.105004E-01,9.772369E+03,2.105004E-01,0.000000E+00,0.000000E+00
17:50:00,2.736774E-01,5.689255E+03,1.559768E+00,1.890536E+04,2.195589E+04,3.890261E-01,1.605396E+04,2.736774E-01,0.000000E+00,0.000000E+00,2.233952E+00,4.643980E+04,6.794982E+00,8.803682E+04,9.812145E+04,2.233952E+00,1.037100E+05,2.233952E+00,0.000000E+00,0.000000E+00,2.105004E-01,4.375920E+03,7.846962E-01,9.907979E+03,1.095772E+04,2.105004E-01,9.772369E+03,2.105004E-01,0.000000E+00,0.000000E+00,2.105004E-01,4.375920E+03,1.042810E+00,1.278966E+04,1.399052E+04,2.105004E-01,9.772369E+03,2.105004E-01,0.000000E+00,0.000000E+00
18:00:00,2.736774E-01,5.730048E+03,1.547449E+00,1.872703E+04,2.176652E+04,3.880024E-01,1.602425E+04,2.736774E-01,0.000000E+00,0.000000E+00,2.233952E+00,4.677278E+04,6.740511E+00,8.709571E+04,9.711937E+04,2.233952E+00,1.037100E+05,2.233952E+00,0.000000E+00,0.000000E+00,2.105004E-01,4.407296E+03,7.765264E-01,9.785391E+03,1.082859E+04,2.105004E-01,9.772369E+03,2.105004E-01,0.000000E+00,0.000000E+00,2.105004E-01,4.407296E+03,1.034731E+00,1.266808E+04,1.386446E+04,2.105004E-01,9.772369E+03,2.105004E-01,0.000000E+00,0.000000E+00
18:10:00,2.736774E-01,5.791237E+03,1.533588E+00,1.851111E+04,2.153669E+04,3.869949E-01,1.599500E+04,2.736774E-01,0.000000E+00,0.000000E+00,2.233952E+00,4.727225E+04,6.686097E+00,8.598876E+04,9.594758E+04,2.233952E+00,1.037100E+05,2.233952E+00,0.000000E+00,0.000000E+00,2.105004E-01,4.454360E+03,7.681748E-01,9.645087E+03,1.068105E+04,2.105004E-01,9.772369E+03,2.105004E-01,0.000000E+00,0.000000E+00,2.105004E-01,4.454360E+03,1.026479E+00,1.252889E+04,1.372024E+04,2.105004E-01,9.772369E+03,2.105004E-01,0.000000E+00,0.000000E+00
18:20:00,2.736774E-01,5.852426E+03,1.518307E+00,1.827932E+04,2.128965E+04,3.860033E-01,1.596621E+04,2.736774E-01,0.000000E+00,0.000000E+00,2.233952E+00,4.777172E+04,6.631869E+00,8.488388E+04,9.477764E+04,2.233952E+00,1.037100E+05,2.233952E+00,0.000000E+00,0.000000E+00,2.105004E-01,4.501424E+03,7.596715E-01,9.503088E+03,1.053154E+04,2.105004E-01,9.772369E+03,2.105004E-01,0.000000E+00,0.000000E+00,2.105004E-01,4.501424E+03,1.018087E+00,1.238813E+04,1.357430E+04,2.105004E-01,9.772369E+03,2.105004E-01,0.000000E+00,0.000000E+00
18:30:00,2.736774E-01,5.913615E+03,1.502204E+00,1.803835E+04,2.103367E+04,3.850351E-01,1.593810E+04,2.736774E-01,0.000000E+00,0.000000E+00,2.233952E+00,4.827118E+04,6.578104E+00,8.378417E+04,9.361318E+04,2.233952E+00,1.037100E+05,2.233952E+00,0.000000E+00,0.000000E+00,2.105004E-01,4.548488E+03,7.509934E-01,9.359139E+03,1.037974E+04,2.105004E-01,9.772369E+03,2.105004E-01,0.000000E+00,0.000000E+00,2.105004E-01,4.548488E+03,1.009527E+00,1.224550E+04,1.342628E+04,2.105004E-01,9.772369E+03,2.105004E-01,0.000000E+00,0.000000E+00
18:40:00,2.736774E-01,5.974804E+03,1.486422E+00,1.780098E+04,2.078328E+04,3.840799E-01,1.591037E+04,2.736774E-01,0.000000E+00,0.000000E+00,2.233952E+00,4.877065E+04,6.525712E+00,8.269979E+04,9.246626E+04,2.233952E+00,1.037100E+05,2.233952E+00,0.000000E+00,0.000000E+00,2.105004E-01,4.595552E+03,7.425627E-01,9.217952E+03,1.023125E+04,2.105004E-01,9.772369E+03,2.105004E-01,0.000000E+00,0.000000E+00,2.105004E-01,4.595552E+03,1.001234E+00,1.210585E+04,1.328174E+04,2.105004E-01,9.772369E+03,2.105004E-01,0.000000E+00,0.000000E+00
18:50:00,2.736774E-01,6.035993E+03,1.471271E+00,1.757065E+04,2.054061E+04,3.831448E-01,1.588323E+04,2.736774E-01,0.000000E+00,0.000000E+00,2.233952E+00,4.927012E+04,6.475353E+00,8.163809E+04,9.134475E+04,2.233952E+00,1.037100E+05,2.233952E+00,0.000000E+00,0.000000E+00,2.105004E-01,4.642616E+03,7.344451E-01,9.080260E+03,1.008655E+04,2.105004E-01,9.772369E+03,2.105004E-01,0.000000E+00,0.000000E+00,2.105004E-01,4.642616E+03,9.932764E-01,1.196994E+04,1.314115E+04,2.105004E-01,9.772369E+03,2.105004E-01,0.000000E+00,0.000000E+00
19:00:00,2.736774E-01,6.097183E+03,1.457096E+00,1.735120E+04,2.030920E+04,3.822292E-01,1.585665E+04,2.736774E-01,0.000000E+00,0.000000E+00,2.233952E+00,4.976959E+04,6.427509E+00,8.060448E+04,9.025404E+04,2.233952E+00,1.037100E+05,2.233952E+00,0.000000E+00,0.000000E+00,2.105004E-01,4.689680E+03,7.267127E-01,8.946868E+03,9.946296E+03,2.105004E-01,9.772369E+03,2.105004E-01,0.000000E+00,0.000000E+00,2.105004E-01,4.689680E+03,9.857257E-01,1.183858E+04,1.300509E+04,2.105004E-01,9.772369E+03,2.105004E-01,0.000000E+00,0.000000E+00
19:10:00,2.736774E-01,6.142055E+03,1.444757E+00,1.716857E+04,2.011738E+04,3.813305E-01,1.583056E+04,2.736774E-01,0.000000E+00,0.000000E+00,2.233952E+00,5.013587E+04,6.382836E+00,7.973947E+04,8.933842E+04,2.233952E+00,1.037100E+05,2.233952E+00,0.000000E+00,0.000000E+00,2.105004E-01,4.724193E+03,7.195550E-01,8.832442E+03,9.825707E+03,2.105004E-01,9.772369E+03,2.105004E-01,0.000000E+00,0.000000E+00,2.105004E-01,4.724193E+03,9.787705E-01,1.172642E+04,1.288871E+04,2.105004E-01,9.772369E+03,2.105004E-01,0.000000E+00,0.000000E+00
19:20:00,2.736774E-01,6.186927E+03,1.434373E+00,1.700776E+04,1.995026E+04,3.804477E-01,1.580493E+04,2.736774E-01,0.000000E+00,0.000000E+00,2.233952E+00,5.050215E+04,6.341615E+00,7.891298E+04,8.846551E+04,2.233952E+00,1.037100E+05,2.233952E+00,0.000000E+00,0.000000E+00,2.105004E-01,4.758707E+03,7.130074E-01,8.724828E+03,9.712433E+03,2.105004E-01,9.772369E+03,2.105004E-01,0.000000E+00,0.000000E+00,2.105004E-01,4.758707E+03,9.724428E-01,1.162125E+04,1.277962E+04,2.105004E-01,9.772369E+03,2.105004E-01,0.000000E+00,0.000000E+00
19:30:00,2.736774E-01,6.231798E+03,1.425598E+00,1.686492E+04,1.980340E+04,3.795718E-01,1.577950E+04,2.736774E-01,0.000000E+00,0.000000E+00,2.233952E+00,5.086842E+04,6.303976E+00,7.812648E+04,8.763724E+04,2.233952E+00,1.037100E+05,2.233952E+00,0.000000E+00,0.000000E+00,2.105004E-01,4.793220E+03,7.071594E-01,8.625023E+03,9.607747E+03,2.105004E-01,9.772369E+03,2.105004E-01,0.000000E+00,0.000000E+00,2.105004E-01,4.793220E+03,9.668310E-01,1.152409E+04,1.267906E+04,2.105004E-01,9.772369E+03,2.105004E-01,0.000000E+00,0.000000E+00
19:40:00,2.736774E-01,6.276670E+03,1.417637E+00,1.673117E+04,1.966607E+04,3.787124E-01,1.575455E+04,2.736774E-01,0.000000E+00,0.000000E+00,2.233952E+00,5.123470E+04,6.269338E+00,7.737348E+04,8.684588E+04,2.233952E+00,1.037100E+05,2.233952E+00,0.000000E+00,0.000000E+00,2.105004E-01,4.827734E+03,7.017556E-01,8.530177E+03,9.508347E+03,2.105004E-01,9.772369E+03,2.105004E-01,0.000000E+00,0.000000E+00,2.105004E-01,4.827734E+03,9.616676E-01,1.143192E+04,1.258372E+04,2.105004E-01,9.772369E+03,2.105004E-01,0.000000E+00,0.000000E+00
19:50:00,2.736774E-01,6.321542E+03,1.410315E+00,1.660454E+04,1.953607E+04,3.778615E-01,1.572985E+04,2.736774E-01,0.000000E+00,0.000000E+00,2.233952E+00,5.160098E+04,6.237219E+00,7.664861E+04,8.608511E+04,2.233952E+00,1.037100E+05,2.233952E+00,0.000000E+00,0.000000E+00,2.105004E-01,4.862247E+03,6.967048E-01,8.439271E+03,9.413109E+03,2.105004E-01,9.772369E+03,2.105004E-01,0.000000E+00,0.000000E+00,2.105004E-01,4.862247E+03,9.568540E-01,1.134367E+04,1.249244E+04,2.105004E-01,9.772369E+03,2.105004E-01,0.000000E+00,0.000000E+00
20:00:00,2.736774E-01,6.366414E+03,1.403537E+00,1.648399E+04,1.941232E+04,3.770189E-01,1.570539E+04,2.736774E-01,0.000000E+00,0.000000E+00,2.233952E+00,5.196726E+04,6.207244E+00,7.594767E+04,8.535026E+04,2.233952E+00,1.037100E+05,2.233952E+00,0.000000E+00,0.000000E+00,2.105004E-01,4.896761E+03,6.919510E-01,8.351683E+03,9.321381E+03,2.105004E-01,9.772369E+03,2.105004E-01,0.000000E+00,0.000000E+00,2.105004E-01,4.896761E+03,9.523292E-01,1.125863E+04,1.240452E+04,2.105004E-01,9.772369E+03,2.105004E-01,0.000000E+00,0.000000E+00
20:10:00,2.736774E-01,6.403128E+03,1.397184E+00,1.637634E+04,1.930167E+04,3.761864E-01,1.568122E+04,2.736774E-01,0.000000E+00,0.000000E+00,2.233952E+00,5.226694E+04,6.179054E+00,7.533326E+04,8.470470E+04,2.233952E+00,1.037100E+05,2.233952E+00,0.000000E+00,0.000000E+00,2.105004E-01,4.924999E+03,6.874270E-01,8.272934E+03,9.238733E+03,2.105004E-01,9.772369E+03,2.105004E-01,0.000000E+00,0.000000E+00,2.105004E-01,4.924999E+03,9.480205E-01,1.118229E+04,1.232551E+04,2.105004E-01,9.772369E+03,2.105004E-01,0.000000E+00,0.000000E+00
20:20:00,2.736774E-01,6.439841E+03,1.391172E+00,1.627251E+04,1.919478E+04,3.753646E-01,1.565736E+04,2.736774E-01,0.000000E+00,0.000000E+00,2.233952E+00,5.256662E+04,6.152341E+00,7.473533E+04,8.407661E+04,2.233952E+00,1.037100E+05,2.233952E+00,0.000000E+00,0.000000E+00,2.105004E-01,4.953238E+03,6.830964E-01,8.196346E+03,9.158313E+03,2.105004E-01,9.772369E+03,2.105004E-01,0.000000E+00,0.000000E+00,2.105004E-01,4.953238E+03,9.438881E-01,1.110791E+04,1.224851E+04,2.105004E-01,9.772369E+03,2.105004E-01,0.000000E+00,0.000000E+00
20:30:00,2.736774E-01,6.476555E+03,1.385445E+00,1.617185E+04,1.909098E+04,3.745536E-01,1.563382E+04,2.736774E-01,0.000000E+00,0.000000E+00,2.233952E+00,5.286630E+04,6.126898E+00,7.415160E+04,8.346348E+04,2.233952E+00,1.037100E+05,2.233952E+00,0.000000E+00,0.000000E+00,2.105004E-01,4.981476E+03,6.789374E-01,8.121673E+03,9.079866E+03,2.105004E-01,9.772369E+03,2.105004E-01,0.000000E+00,0.000000E+00,2.105004E-01,4.981476E+03,9.399073E-01,1.103523E+04,1.217325E+04,2.105004E-01,9.772369E+03,2.105004E-01,0.000000E+00,0.000000E+00
20:40:00,2.736774E-01,6.513268E+03,1.379943E+00,1.607371E+04,1.898958E+04,3.737533E-01,1.561059E+04,2.736774E-01,0.000000E+00,0.000000E+00,2.233952E+00,5.316598E+04,6.102503E+00,7.357955E+04,8.286251E+04,2.233952E+00,1.037100E+05,2.233952E+00,0.000000E+00,0.000000E+00,2.105004E-01,5.009714E+03,6.749277E-01,8.048668E+03,9.003132E+03,2.105004E-01,9.772369E+03,2.105004E-01,0.000000E+00,0.000000E+00,2.105004E-01,5.009714E+03,9.360536E-01,1.096397E+04,1.209943E+04,2.105004E-01,9.772369E+03,2.105004E-01,0.000000E+00,0.000000E+00
20:50:00,2.736774E-01,6.549982E+03,1.374619E+00,1.597756E+04,1.889002E+04,3.729639E-01,1.558767E+04,2.736774E-01,0.000000E+00,0.000000E+00,2.233952E+00,5.346567E+04,6.078973E+00,7.301717E+04,8.227145E+04,2.233952E+00,1.037100E+05,2.233952E+00,0.000000E+00,0.000000E+00,2.105004E-01,5.037953E+03,6.710493E-01,7.977129E+03,8.927903E+03,2.105004E-01,9.772369E+03,2.105004E-01,0.000000E+00,0.000000E+00,2.105004E-01,5.037953E+03,9.323079E-01,1.089391E+04,1.202684E+04,2.105004E-01,9.772369E+03,2.105004E-01,0.000000E+00,0.000000E+00
21:00:00,2.736774E-01,6.586695E+03,1.369437E+00,1.588298E+04,1.879193E+04,3.721851E-01,1.556506E+04,2.736774E-01,0.000000E+00,0.000000E+00,2.233952E+00,5.376535E+04,6.056171E+00,7.246291E+04,8.168870E+04,2.233952E+00,1.037100E+05,2.233952E+00,0.000000E+00,0.000000E+00,2.105004E-01,5.066191E+03,6.672877E-01,7.906893E+03,8.854021E+03,2.105004E-01,9.772369E+03,2.105004E-01,0.000000E+00,0.000000E+00,2.105004E-01,5.066191E+03,9.286556E-01,1.082489E+04,1.195533E+04,2.105004E-01,9.772369E+03,2.105004E-01,0.000000E+00,0.000000E+00
21:10:00,2.736774E-01,6.623409E+03,1.139043E+00,1.338883E+04,1.585551E+04,3.098291E-01,1.375483E+04,2.736774E-01,0.000000E+00,0.000000E+00,2.233952E+00,5.406503E+04,5.037306E+00,6.118819E+04,6.834777E+04,2.233952E+00,1.037100E+05,2.233952E+00,0.000000E+00,0.000000E+00,2.105004E-01,5.094429E+03,5.545029E-01,6.673160E+03,7.440285E+03,2.105004E-01,9.772369E+03,2.105004E-01,0.000000E+00,0.000000E+00,2.105004E-01,5.094429E+03,7.723565E-01,9.172540E+03,1.016407E+04,2.105004E-01,9.772369E+03,2.105004E-01,0.000000E+00,0.000000E+00
21:20:00,2.736774E-01,6.660122E+03,9.095381E-01,1.092437E+04,1.292680E+04,2.736774E-01,1.270533E+04,2.736774E-01,0.000000E+00,0.000000E+00,2.233952E+00,5.436471E+04,4.022410E+00,4.992451E+04,5.478125E+04,2.233952E+00,1.037100E+05,2.233952E+00,0.000000E+00,0.000000E+00,2.105004E-01,5.122668E+03,4.423707E-01,5.444529E+03,6.011948E+03,2.105004E-01,9.772369E+03,2.105004E-01,0.000000E+00,0.000000E+00,2.105004E-01,5.122668E+03,6.166858E-01,7.538114E+03,8.385579E+03,2.105004E-01,9.772369E+03,2.105004E-01,0.000000E+00,0.000000E+00
21:30:00,2.736774E-01,6.696836E+03,6.808922E-01,8.380676E+03,9.729542E+03,2.736774E-01,1.270533E+04,2.736774E-01,0.000000E+00,0.000000E+00,2.233952E+00,5.466439E+04,3.011311E+00,3.819024E+04,3.991231E+04,2.233952E+00,1.037100E+05,2.233952E+00,0.000000E+00,0.000000E+00,2.105004E-01,5.150906E+03,3.308675E-01,4.166085E+03,4.445183E+03,2.105004E-01,9.772369E+03,2.105004E-01,0.000000E+00,0.000000E+00,2.105004E-01,5.150906E+03,4.616240E-01,5.811987E+03,6.376971E+03,2.105004E-01,9.772369E+03,2.105004E-01,0.000000E+00,0.000000E+00
21:40:00,2.736774E-01,6.733549E+03,4.530921E-01,5.721115E+03,6.359917E+03,2.736774E-01,1.270533E+04,2.736774E-01,0.000000E+00,0.000000E+00,2.233952E+00,5.496407E+04,2.233952E+00,2.859259E+04,2.747245E+04,2.233952E+00,1.037100E+05,2.233952E+00,0.000000E+00,0.000000E+00,2.105004E-01,5.179144E+03,2.199786E-01,2.812802E+03,2.744097E+03,2.105004E-01,9.772369E+03,2.105004E-01,0.000000E+00,0.000000E+00,2.105004E-01,5.179144E+03,3.071605E-01,3.953533E+03,4.180712E+03,2.105004E-01,9.772369E+03,2.105004E-01,0.000000E+00,0.000000E+00
21:50:00,2.736774E-01,6.770262E+03,2.736774E-01,3.466113E+03,3.328179E+03,2.736774E-01,1.270533E+04,2.736774E-01,0.000000E+00,0.000000E+00,2.233952E+00,5.526375E+04,2.233952E+00,2.829291E+04,2.716699E+04,2.233952E+00,1.037100E+05,2.233952E+00,0.000000E+00,0.000000E+00,2.105004E-01,5.207383E+03,2.105004E-01,2.665979E+03,2.559886E+03,2.105004E-01,9.772369E+03,2.105004E-01,0.000000E+00,0.000000E+00,2.105004E-01,5.207383E+03,2.105004E-01,2.665979E+03,2.559886E+03,2.105004E-01,9.772369E+03,2.105004E-01,0.000000E+00,0.000000E+00
22:00:00,2.736774E-01,6.806976E+03,2.736774E-01,3.429400E+03,3.290763E+03,2.736774E-01,1.270533E+04,2.736774E-01,0.000000E+00,0.000000E+00,2.233952E+00,5.556344E+04,2.233952E+00,2.799323E+04,2.686157E+04,2.233952E+00,1.037100E+05,2.233952E+00,0.000000E+00,0.000000E+00,2.105004E-01,5.235621E+03,2.105004E-01,2.637741E+03,2.531107E+03,2.105004E-01,9.772369E+03,2.105004E-01,0.000000E+00,0.000000E+00,2.105004E-01,5.235621E+03,2.105004E-01,2.637741E+03,2.531107E+03,2.105004E-01,9.772369E+03,2.105004E-01,0.000000E+00,0.000000E+00
22:10:00,2.736774E-01,6.835531E+03,2.736774E-01,3.400845E+03,3.261664E+03,2.736774E-01,1.270533E+04,2.736774E-01,0.000000E+00,0.000000E+00,2.233952E+00,5.579652E+04,2.233952E+00,2.776014E+04,2.662405E+04,2.233952E+00,1.037100E+05,2.233952E+00,0.000000E+00,0.000000E+00,2.105004E-01,5.257584E+03,2.105004E-01,2.615778E+03,2.508726E+03,2.105004E-01,9.772369E+03,2.105004E-01,0.000000E+00,0.000000E+00,2.105004E-01,5.257584E+03,2.105004E-01,2.615778E+03,2.508726E+03,2.105004E-01,9.772369E+03,2.105004E-01,0.000000E+00,0.000000E+00
22:20:00,2.736774E-01,6.864086E+03,2.736774E-01,3.372290E+03,3.232562E+03,2.736774E-01,1.270533E+04,2.736774E-01,0.000000E+00,0.000000E+00,2.233952E+00,5.602961E+04,2.233952E+00,2.752706E+04,2.638650E+04,2.233952E+00,1.037100E+05,2.233952E+00,0.000000E+00,0.000000E+00,2.105004E-01,5.279547E+03,2.105004E-01,2.593814E+03,2.486342E+03,2.105004E-01,9.772369E+03,2.105004E-01,0.000000E+00,0.000000E+00,2.105004E-01,5.279547E+03,2.105004E-01,2.593814E+03,2.486342E+03,2.105004E-01,9.772369E+03,2.105004E-01,0.000000E+00,0.000000E+00
22:30:00,2.736774E-01,6.892641E+03,2.736774E-01,3.343735E+03,3.203460E+03,2.736774E-01,1.270533E+04,2.736774E-01,0.000000E+00,0.000000E+00,2.233952E+00,5.626269E+04,2.233952E+00,2.729397E+04,2.614894E+04,2.233952E+00,1.037100E+05,2.233952E+00,0.000000E+00,0.000000E+00,2.105004E-01,5.301510E+03,2.105004E-01,2.571851E+03,2.463958E+03,2.105004E-01,9.772369E+03,2.105004E-01,0.000000E+00,0.000000E+00,2.105004E-01,5.301510E+03,2.105004E-01,2.571851E+03,2.463958E+03,2.105004E-01,9.772369E+03,2.105004E-01,0.000000E+00,0.000000E+00
22:40:00,2.736774E-01,6.921195E+03,2.736774E-01,3.315180E+03,3.174358E+03,2.736774E-01,1.270533E+04,2.736774E-01,0.000000E+00,0.000000E+00,2.233952E+00,5.649578E+04,2.233952E+00,2.706089E+04,2.591139E+04,2.233952E+00,1.037100E+05,2.233952E+00,0.000000E+00,0.000000E+00,2.105004E-01,5.323474E+03,2.105004E-01,2.549888E+03,2.441574E+03,2.105004E-01,9.772369E+03,2.105004E-01,0.000000E+00,0.000000E+00,2.105004E-01,5.323474E+03,2.105004E-01,2.549888E+03,2.441574E+03,2.105004E-01,9.772369E+03,2.105004E-01,0.000000E+00,0.000000E+00
22:50:00,2.736774E-01,6.949750E+03,2.736774E-01,3.286625E+03,3.145255E+03,2.736774E-01,1.270533E+04,2.736774E-01,0.000000E+00,0.000000E+00,2.233952E+00,5.672886E+04,2.233952E+00,2.682780E+04,2.567383E+04,2.233952E+00,1.037100E+05,2.233952E+00,0.000000E+00,0.000000E+00,2.105004E-01,5.345437E+03,2.105004E-01,2.527925E+03,2.419189E+03,2.105004E-01,9.772369E+03,2.105004E-01,0.000000E+00,0.000000E+00,2.105004E-01,5.345437E+03,2.105004E-01,2.527925E+03,2.419189E+03,2.105004E-01,9.772369E+03,2.105004E-01,0.000000E+00,0.000000E+00
23:00:00,2.736774E-01,6.978305E+03,2.736774E-01,3.258070E+03,3.116157E+03,2.736774E-01,1.270533E+04,2.736774E-01,0.000000E+00,0.000000E+00,2.233952E+00,5.696195E+04,2.233952E+00,2.659471E+04,2.543632E+04,2.233952E+00,1.037100E+05,2.233952E+00,0.000000E+00,0.000000E+00,2.105004E-01,5.367400E+03,2.105004E-01,2.505962E+03,2.396809E+03,2.105004E-01,9.772369E+03,2.105004E-01,0.000000E+00,0.000000E+00,2.105004E-01,5.367400E+03,2.105004E-01,2.505962E+03,2.396809E+03,2.105004E-01,9.772369E+03,2.105004E-01,0.000000E+00,0.000000E+00
23:10:00,2.736774E-01,7.006860E+03,2.736774E-01,3.229515E+03,3.087055E+03,2.736774E-01,1.270533E+04,2.736774E-01,0.000000E+00,0.000000E+00,2.233952E+00,5.719504E+04,2.233952E+00,2.636163E+04,2.519876E+04,2.233952E+00,1.037100E+05,2.233952E+00,0.000000E+00,0.000000E+00,2.105004E-01,5.389363E+03,2.105004E-01,2.483999E+03,2.374424E+03,2.105004E-01,9.772369E+03,2.105004E-01,0.000000E+00,0.000000E+00,2.105004E-01,5.389363E+03,2.105004E-01,2.483999E+03,2.374424E+03,2.105004E-01,9.772369E+03,2.105004E-01,0.000000E+00,0.000000E+00
23:20:00,2.736774E-01,7.035415E+03,2.736774E-01,3.200960E+03,3.057953E+03,2.736774E-01,1.270533E+04,2.736774E-01,0.000000E+00,0.000000E+00,2.233952E+00,5.742812E+04,2.233952E+00,2.612854E+04,2.496122E+04,2.233952E+00,1.037100E+05,2.233952E+00,0.000000E+00,0.000000E+00,2.105004E-01,5.411326E+03,2.105004E-01,2.462035E+03,2.352041E+03,2.105004E-01,9.772369E+03,2.105004E-01,0.000000E+00,0.000000E+00,2.105004E-01,5.411326E+03,2.105004E-01,2.462035E+03,2.352041E+03,2.105004E-01,9.772369E+03,2.105004E-01,0.000000E+00,0.000000E+00
23:30:00,2.736774E-01,7.063970E+03,2.736774E-01,3.172406E+03,3.028851E+03,2.736774E-01,1.270533E+04,2.736774E-01,0.000000E+00,0.000000E+00,2.233952E+00,5.766121E+04,2.233952E+00,2.589546E+04,2.472366E+04,2.233952E+00,1.037100E+05,2.233952E+00,0.000000E+00,0.000000E+00,2.105004E-01,5.433289E+03,2.105004E-01,2.440072E+03,2.329657E+03,2.105004E-01,9.772369E+03,2.105004E-01,0.000000E+00,0.000000E+00,2.105004E-01,5.433289E+03,2.105004E-01,2.440072E+03,2.329657E+03,2.105004E-01,9.772369E+03,2.105004E-01,0.000000E+00,0.000000E+00
23:40:00,2.736774E-01,7.092525E+03,2.736774E-01,3.143851E+03,2.999749E+03,2.736774E-01,1.270533E+04,2.736774E-01,0.000000E+00,0.000000E+00,2.233952E+00,5.789429E+04,2.233952E+00,2.566237E+04,2.448611E+04,2.233952E+00,1.037100E+05,2.233952E+00,0.000000E+00,0.000000E+00,2.105004E-01,5.455253E+03,2.105004E-01,2.418109E+03,2.307273E+03,2.105004E-01,9.772369E+03,2.105004E-01,0.000000E+00,0.000000E+00,2.105004E-01,5.455253E+03,2.105004E-01,2.418109E+03,2.307273E+03,2.105004E-01,9.772369E+03,2.105004E-01,0.000000E+00,0.000000E+00
23:50:00,2.736774E-01,7.121080E+03,2.736774E-01,3.115296E+03,2.970647E+03,2.736774E-01,1.270533E+04,2.736774E-01,0.000000E+00,0.000000E+00,2.233952E+00,5.812738E+04,2.233952E+00,2.542929E+04,2.424856E+04,2.233952E+00,1.037100E+05,2.233952E+00,0.000000E+00,0.000000E+00,2.105004E-01,5.477216E+03,2.105004E-01,2.396146E+03,2.284889E+03,2.105004E-01,9.772369E+03,2.105004E-01,0.000000E+00,0.000000E+00,2.105004E-01,5.477216E+03,2.105004E-01,2.396146E+03,2.284889E+03,2.105004E-01,9.772369E+03,2.105004E-01,0.000000E+00,0.000000E+00
24:00:00,2.736774E-01,7.149635E+03,2.736774E-01,3.086741E+03,2.941550E+03,2.736774E-01,1.270533E+04,2.736774E-01,0.000000E+00,0.000000E+00,2.233952E+00,5.836046E+04,2.233952E+00,2.519620E+04,2.401105E+04,2.233952E+00,1.037100E+05,2.233952E+00,0.000000E+00,0.000000E+00,2.105004E-01,5.499179E+03,2.105004E-01,2.374183E+03,2.262508E+03,2.105004E-01,9.772369E+03,2.105004E-01,0.000000E+00,0.000000E+00,2.105004E-01,5.499179E+03,2.105004E-01,2.374183E+03,2.262508E+03,2.105004E-01,9.772369E+03,2.105004E-01,0.000000E+00,0.000000E+00
Coinc Peak   ,7.238079E-01,2.000134E+00,2.589686E+04,2.270668E+04,2.233952E+00,8.496966E+00,1.037100E+05,1.031320E+05,3.537514E-01,9.864516E-01,1.396424E+04,1.250412E+04,3.539801E-01,1.254576E+00,1.397094E+04,1.548059E+04
NonCoinc Peak,7.238079E-01,1.952319E+00,2.589686E+04,2.270668E+04,2.233952E+00,8.196678E+00,1.037100E+05,1.031320E+05,3.537514E-01,9.864516E-01,1.396424E+04,1.250412E+04,3.539801E-01,1.232777E+00,1.397094E+04,1.548059E+04
