Time,BACK_SPACE ZN PSZ-AC:DesPer 1:Des Heat Mass Flow [kg/s],BACK_SPACE ZN PSZ-AC:DesPer 1:Des Heat Cap [W],BACK_SPACE ZN PSZ-AC:DesPer 1:Des Cool Mass Flow [kg/s],BACK_SPACE ZN PSZ-AC:DesPer 1:Des Sens Cool Cap [W],BACK_SPACE ZN PSZ-AC:DesPer 1:Des Tot Cool Cap [W],BACK_SPACE ZN PSZ-AC:DesPer 2:Des Heat Mass Flow [kg/s],BACK_SPACE ZN PSZ-AC:DesPer 2:Des Heat Cap [W],BACK_SPACE ZN PSZ-AC:DesPer 2:Des Cool Mass Flow [kg/s],BACK_SPACE ZN PSZ-AC:DesPer 2:Des Sens Cool Cap [W],BACK_SPACE ZN PSZ-AC:DesPer 2:Des Tot Cool Cap [W],CORE_RETAIL ZN PSZ-AC:DesPer 1:Des Heat Mass Flow [kg/s],CORE_RETAIL ZN PSZ-AC:DesPer 1:Des Heat Cap [W],CORE_RETAIL ZN PSZ-AC:DesPer 1:Des Cool Mass Flow [kg/s],CORE_RETAIL ZN PSZ-AC:DesPer 1:Des Sens Cool Cap [W],CORE_RETAIL ZN PSZ-AC:DesPer 1:Des Tot Cool Cap [W],CORE_RETAIL ZN PSZ-AC:DesPer 2:Des Heat Mass Flow [kg/s],CORE_RETAIL ZN PSZ-AC:DesPer 2:Des Heat Cap [W],CORE_RETAIL ZN PSZ-AC:DesPer 2:Des Cool Mass Flow [kg/s],CORE_RETAIL ZN PSZ-AC:DesPer 2:Des Sens Cool Cap [W],CORE_RETAIL ZN PSZ-AC:DesPer 2:Des Tot Cool Cap [W],FRONT_RETAIL ZN PSZ-AC:DesPer 1:Des Heat Mass Flow [kg/s],FRONT_RETAIL ZN PSZ-AC:DesPer 1:Des Heat Cap [W],FRONT_RETAIL ZN PSZ-AC:DesPer 1:Des Cool Mass Flow [kg/s],FRONT_RETAIL ZN PSZ-AC:DesPer 1:Des Sens Cool Cap [W],FRONT_RETAIL ZN PSZ-AC:DesPer 1:Des Tot Cool Cap [W],FRONT_RETAIL ZN PSZ-AC:DesPer 2:Des Heat Mass Flow [kg/s],FRONT_RETAIL ZN PSZ-AC:DesPer 2:Des Heat Cap [W],FRONT_RETAIL ZN PSZ-AC:DesPer 2:Des Cool Mass Flow [kg/s],FRONT_RETAIL ZN PSZ-AC:DesPer 2:Des Sens Cool Cap [W],FRONT_RETAIL ZN PSZ-AC:DesPer 2:Des Tot Cool Cap [W],POINT_OF_SALE ZN PSZ-AC:DesPer 1:Des Heat Mass Flow [kg/s],POINT_OF_SALE ZN PSZ-AC:DesPer 1:Des Heat Cap [W],POINT_OF_SALE ZN PSZ-AC:DesPer 1:Des Cool Mass Flow [kg/s],POINT_OF_SALE ZN PSZ-AC:DesPer 1:Des Sens Cool Cap [W],POINT_OF_SALE ZN PSZ-AC:DesPer 1:Des Tot Cool Cap [W],POINT_OF_SALE ZN PSZ-AC:DesPer 2:Des Heat Mass Flow [kg/s],POINT_OF_SALE ZN PSZ-AC:DesPer 2:Des Heat Cap [W],POINT_OF_SALE ZN PSZ-AC:DesPer 2:Des Cool Mass Flow [kg/s],POINT_OF_SALE ZN PSZ-AC:DesPer 2:Des Sens Cool Cap [W],POINT_OF_SALE ZN PSZ-AC:DesPer 2:Des Tot Cool Cap [W]
00:10:00,2.438871E-01,7.322754E+03,2.438871E-01,1.799374E+03,4.574401E+02,2.438871E-01,1.901759E+04,2.438871E-01,0.000000E+00,0.000000E+00,1.990782E+00,5.977359E+04,1.990782E+00,1.468778E+04,3.733956E+03,1.990782E+00,1.552353E+05,1.990782E+00,0.000000E+00,0.000000E+00,1.875871E-01,5.632334E+03,1.875871E-01,1.383998E+03,3.518425E+02,1.875871E-01,1.462748E+04,1.875871E-01,0.000000E+00,0.000000E+00,1.875871E-01,5.632334E+03,1.875871E-01,1.383998E+03,3.518425E+02,1.875871E-01,1.462748E+04,1.875871E-01,0.000000E+00,0.000000E+00
00:20:00,2.438871E-01,7.361965E+03,2.438871E-01,1.760162E+03,4.176270E+02,2.438871E-01,1.901759E+04,2.438871E-01,0.000000E+00,0.000000E+00,1.990782E+00,6.009366E+04,1.990782E+00,1.436771E+04,3.408972E+03,1.990782E+00,1.552353E+05,1.990782E+00,0.000000E+00,0.000000E+00,1.875871E-01,5.662494E+03,1.875871E-01,1.353838E+03,3.212200E+02,1.875871E-01,1.462748E+04,1.875871E-01,0.000000E+00,0.000000E+00,1.875871E-01,5.662494E+03,1.875871E-01,1.353838E+03,3.212200E+02,1.875871E-01,1.462748E+04,1.875871E-01,0.000000E+00,0.000000E+00
00:30:00,2.438871E-01,7.401177E+03,2.438871E-01,1.720951E+03,3.778143E+02,2.438871E-01,1.901759E+04,2.438871E-01,0.000000E+00,0.000000E+00,1.990782E+00,6.041373E+04,1.990782E+00,1.404764E+04,3.083992E+03,1.990782E+00,1.552353E+05,1.990782E+00,0.000000E+00,0.000000E+00,1.875871E-01,5.692654E+03,1.875871E-01,1.323678E+03,2.905979E+02,1.875871E-01,1.462748E+04,1.875871E-01,0.000000E+00,0.000000E+00,1.875871E-01,5.692654E+03,1.875871E-01,1.323678E+03,2.905979E+02,1.875871E-01,1.462748E+04,1.875871E-01,0.000000E+00,0.000000E+00
00:40:00,2.438871E-01,7.440388E+03,2.438871E-01,1.681739E+03,3.380056E+02,2.438871E-01,1.901759E+04,2.438871E-01,0.000000E+00,0.000000E+00,1.990782E+00,6.073380E+04,1.990782E+00,1.372756E+04,2.759045E+03,1.990782E+00,1.552353E+05,1.990782E+00,0.000000E+00,0.000000E+00,1.875871E-01,5.722813E+03,1.875871E-01,1.293518E+03,2.599788E+02,1.875871E-01,1.462748E+04,1.875871E-01,0.000000E+00,0.000000E+00,1.875871E-01,5.722813E+03,1.875871E-01,1.293518E+03,2.599788E+02,1.875871E-01,1.462748E+04,1.875871E-01,0.000000E+00,0.000000E+00
00:50:00,2.438871E-01,7.479600E+03,2.438871E-01,1.642528E+03,2.981928E+02,2.438871E-01,1.901759E+04,2.438871E-01,0.000000E+00,0.000000E+00,1.990782E+00,6.105388E+04,1.990782E+00,1.340749E+04,2.434064E+03,1.990782E+00,1.552353E+05,1.990782E+00,0.000000E+00,0.000000E+00,1.875871E-01,5.752973E+03,1.875871E-01,1.263359E+03,2.293566E+02,1.875871E-01,1.462748E+04,1.875871E-01,0.000000E+00,0.000000E+00,1.875871E-01,5.752973E+03,1.875871E-01,1.263359E+03,2.293566E+02,1.875871E-01,1.462748E+04,1.875871E-01,0.000000E+00,0.000000E+00
01:00:00,2.438871E-01,7.518811E+03,2.438871E-01,1.603316E+03,2.583807E+02,2.438871E-01,1.901759E+04,2.438871E-01,0.000000E+00,0.000000E+00,1.990782E+00,6.137395E+04,1.990782E+00,1.308742E+04,2.109089E+03,1.990782E+00,1.552353E+05,1.990782E+00,0.000000E+00,0.000000E+00,1.875871E-01,5.783133E+03,1.875871E-01,1.233199E+03,1.987349E+02,1.875871E-01,1.462748E+04,1.875871E-01,0.000000E+00,0.000000E+00,1.875871E-01,5.783133E+03,1.875871E-01,1.233199E+03,1.987349E+02,1.875871E-01,1.462748E+04,1.875871E-01,0.000000E+00,0.000000E+00
01:10:00,2.438871E-01,7.544952E+03,2.438871E-01,1.577175E+03,2.318418E+02,2.438871E-01,1.901759E+04,2.438871E-01,0.000000E+00,0.000000E+00,1.990782E+00,6.158733E+04,1.990782E+00,1.287404E+04,1.892460E+03,1.990782E+00,1.552353E+05,1.990782E+00,0.000000E+00,0.000000E+00,1.875871E-01,5.803239E+03,1.875871E-01,1.213092E+03,1.783223E+02,1.875871E-01,1.462748E+04,1.875871E-01,0.000000E+00,0.000000E+00,1.875871E-01,5.803239E+03,1.875871E-01,1.213092E+03,1.783223E+02,1.875871E-01,1.462748E+04,1.875871E-01,0.000000E+00,0.000000E+00
01:20:00,2.438871E-01,7.571093E+03,2.438871E-01,1.551034E+03,2.052992E+02,2.438871E-01,1.901759E+04,2.438871E-01,0.000000E+00,0.000000E+00,1.990782E+00,6.180071E+04,1.990782E+00,1.266066E+04,1.675800E+03,1.990782E+00,1.552353E+05,1.990782E+00,0.000000E+00,0.000000E+00,1.875871E-01,5.823346E+03,1.875871E-01,1.192986E+03,1.579070E+02,1.875871E-01,1.462748E+04,1.875871E-01,0.000000E+00,0.000000E+00,1.875871E-01,5.823346E+03,1.875871E-01,1.192986E+03,1.579070E+02,1.875871E-01,1.462748E+04,1.875871E-01,0.000000E+00,0.000000E+00
01:30:00,2.438871E-01,7.597234E+03,2.438871E-01,1.524893E+03,1.787605E+02,2.438871E-01,1.901759E+04,2.438871E-01,0.000000E+00,0.000000E+00,1.990782E+00,6.201409E+04,1.990782E+00,1.244727E+04,1.459172E+03,1.990782E+00,1.552353E+05,1.990782E+00,0.000000E+00,0.000000E+00,1.875871E-01,5.843452E+03,1.875871E-01,1.172879E+03,1.374946E+02,1.875871E-01,1.462748E+04,1.875871E-01,0.000000E+00,0.000000E+00,1.875871E-01,5.843452E+03,1.875871E-01,1.172879E+03,1.374946E+02,1.875871E-01,1.462748E+04,1.875871E-01,0.000000E+00,0.000000E+00
01:40:00,2.438871E-01,7.623375E+03,2.438871E-01,1.498752E+03,1.522181E+02,2.438871E-01,1.901759E+04,2.438871E-01,0.000000E+00,0.000000E+00,1.990782E+00,6.222748E+04,1.990782E+00,1.223389E+04,1.242514E+03,1.990782E+00,1.552353E+05,1.990782E+00,0.000000E+00,0.000000E+00,1.875871E-01,5.863559E+03,1.875871E-01,1.152773E+03,1.170793E+02,1.875871E-01,1.462748E+04,1.875871E-01,0.000000E+00,0.000000E+00,1.875871E-01,5.863559E+03,1.875871E-01,1.152773E+03,1.170793E+02,1.875871E-01,1.462748E+04,1.875871E-01,0.000000E+00,0.000000E+00
01:50:00,2.438871E-01,7.649516E+03,2.438871E-01,1.472611E+03,1.256757E+02,2.438871E-01,1.901759E+04,2.438871E-01,0.000000E+00,0.000000E+00,1.990782E+00,6.244086E+04,1.990782E+00,1.202051E+04,1.025856E+03,1.990782E+00,1.552353E+05,1.990782E+00,0.000000E+00,0.000000E+00,1.875871E-01,5.883665E+03,1.875871E-01,1.132666E+03,9.666415E+01,1.875871E-01,1.462748E+04,1.875871E-01,0.000000E+00,0.000000E+00,1.875871E-01,5.883665E+03,1.875871E-01,1.132666E+03,9.666415E+01,1.875871E-01,1.462748E+04,1.875871E-01,0.000000E+00,0.000000E+00
02:00:00,2.438871E-01,7.675657E+03,2.438871E-01,1.446470E+03,9.913720E+01,2.438871E-01,1.901759E+04,2.438871E-01,0.000000E+00,0.000000E+00,1.990782E+00,6.265424E+04,1.990782E+00,1.180713E+04,8.092292E+02,1.990782E+00,1.552353E+05,1.990782E+00,0.000000E+00,0.000000E+00,1.875871E-01,5.903772E+03,1.875871E-01,1.112560E+03,7.625190E+01,1.875871E-01,1.462748E+04,1.875871E-01,0.000000E+00,0.000000E+00,1.875871E-01,5.903772E+03,1.875871E-01,1.112560E+03,7.625190E+01,1.875871E-01,1.462748E+04,1.875871E-01,0.000000E+00,0.000000E+00
02:10:00,2.438871E-01,7.695263E+03,2.438871E-01,1.426864E+03,7.923165E+01,2.438871E-01,1.901759E+04,2.438871E-01,0.000000E+00,0.000000E+00,1.990782E+00,6.281428E+04,1.990782E+00,1.164709E+04,6.467457E+02,1.990782E+00,1.552353E+05,1.990782E+00,0.000000E+00,0.000000E+00,1.875871E-01,5.918852E+03,1.875871E-01,1.097480E+03,6.094143E+01,1.875871E-01,1.462748E+04,1.875871E-01,0.000000E+00,0.000000E+00,1.875871E-01,5.918852E+03,1.875871E-01,1.097480E+03,6.094143E+01,1.875871E-01,1.462748E+04,1.875871E-01,0.000000E+00,0.000000E+00
02:20:00,2.438871E-01,7.714869E+03,2.438871E-01,1.407258E+03,5.932585E+01,2.460269E-01,1.909165E+04,2.438871E-01,0.000000E+00,0.000000E+00,1.990782E+00,6.297431E+04,1.990782E+00,1.148706E+04,4.842603E+02,1.990782E+00,1.552353E+05,1.990782E+00,0.000000E+00,0.000000E+00,1.875871E-01,5.933932E+03,1.875871E-01,1.082400E+03,4.563079E+01,1.875871E-01,1.462748E+04,1.875871E-01,0.000000E+00,0.000000E+00,1.875871E-01,5.933932E+03,1.875871E-01,1.082400E+03,4.563079E+01,1.875871E-01,1.462748E+04,1.875871E-01,0.000000E+00,0.000000E+00
02:30:00,2.438871E-01,7.734475E+03,2.438871E-01,1.387653E+03,3.942024E+01,2.491137E-01,1.919848E+04,2.438871E-01,0.000000E+00,0.000000E+00,1.990782E+00,6.313435E+04,1.990782E+00,1.132702E+04,3.217763E+02,1.990782E+00,1.552353E+05,1.990782E+00,0.000000E+00,0.000000E+00,1.875871E-01,5.949012E+03,1.875871E-01,1.067320E+03,3.032028E+01,1.875871E-01,1.462748E+04,1.875871E-01,0.000000E+00,0.000000E+00,1.875871E-01,5.949012E+03,1.875871E-01,1.067320E+03,3.032028E+01,1.875871E-01,1.462748E+04,1.875871E-01,0.000000E+00,0.000000E+00
02:40:00,2.438871E-01,7.754080E+03,2.438871E-01,1.368047E+03,1.951465E+01,2.521491E-01,1.930353E+04,2.438871E-01,0.000000E+00,0.000000E+00,1.990782E+00,6.329439E+04,1.990782E+00,1.116698E+04,1.592926E+02,1.990782E+00,1.552353E+05,1.990782E+00,0.000000E+00,0.000000E+00,1.875871E-01,5.964091E+03,1.875871E-01,1.052240E+03,1.500979E+01,1.875871E-01,1.462748E+04,1.875871E-01,0.000000E+00,0.000000E+00,1.875871E-01,5.964091E+03,1.875871E-01,1.052240E+03,1.500979E+01,1.875871E-01,1.462748E+04,1.875871E-01,0.000000E+00,0.000000E+00
02:50:00,2.438871E-01,7.773686E+03,2.438871E-01,1.348441E+03,0.000000E+00,2.551350E-01,1.940687E+04,2.438871E-01,0.000000E+00,0.000000E+00,1.990782E+00,6.345442E+04,1.990782E+00,1.100695E+04,0.000000E+00,1.990782E+00,1.552353E+05,1.990782E+00,0.000000E+00,0.000000E+00,1.875871E-01,5.979171E+03,1.875871E-01,1.037160E+03,0.000000E+00,1.875871E-01,1.462748E+04,1.875871E-01,0.000000E+00,0.000000E+00,1.875871E-01,5.979171E+03,1.875871E-01,1.037160E+03,0.000000E+00,1.875871E-01,1.462748E+04,1.875871E-01,0.000000E+00,0.000000E+00
03:00:00,2.438871E-01,7.793292E+03,2.438871E-01,1.328835E+03,0.000000E+00,2.580737E-01,1.950858E+04,2.438871E-01,0.000000E+00,0.000000E+00,1.990782E+00,6.361446E+04,1.990782E+00,1.084691E+04,0.000000E+00,1.990782E+00,1.552353E+05,1.990782E+00,0.000000E+00,0.000000E+00,1.875871E-01,5.994251E+03,1.875871E-01,1.022081E+03,0.000000E+00,1.875871E-01,1.462748E+04,1.875871E-01,0.000000E+00,0.000000E+00,1.875871E-01,5.994251E+03,1.875871E-01,1.022081E+03,0.000000E+00,1.875871E-01,1.462748E+04,1.875871E-01,0.000000E+00,0.000000E+00
03:10:00,2.438871E-01,7.812898E+03,2.438871E-01,1.309229E+03,0.000000E+00,2.609669E-01,1.960871E+04,2.438871E-01,0.000000E+00,0.000000E+00,1.990782E+00,6.377450E+04,1.990782E+00,1.068687E+04,0.000000E+00,1.990782E+00,1.552353E+05,1.990782E+00,0.000000E+00,0.000000E+00,1.875871E-01,6.009331E+03,1.875871E-01,1.007001E+03,0.000000E+00,1.875871E-01,1.462748E+04,1.875871E-01,0.000000E+00,0.000000E+00,1.875871E-01,6.009331E+03,1.875871E-01,1.007001E+03,0.000000E+00,1.875871E-01,1.462748E+04,1.875871E-01,0.000000E+00,0.000000E+00
03:20:00,2.438871E-01,7.832504E+03,2.438871E-01,1.289624E+03,0.000000E+00,2.638163E-01,1.970733E+04,2.438871E-01,0.000000E+00,0.000000E+00,1.990782E+00,6.393453E+04,1.990782E+00,1.052684E+04,0.000000E+00,1.990782E+00,1.552353E+05,1.990782E+00,0.000000E+00,0.000000E+00,1.875871E-01,6.024411E+03,1.875871E-01,9.919208E+02,0.000000E+00,1.875871E-01,1.462748E+04,1.875871E-01,0.000000E+00,0.000000E+00,1.875871E-01,6.024411E+03,1.875871E-01,9.919208E+02,0.000000E+00,1.875871E-01,1.462748E+04,1.875871E-01,0.000000E+00,0.000000E+00
03:30:00,2.438871E-01,7.852109E+03,2.438871E-01,1.270018E+03,0.000000E+00,2.666234E-01,1.980448E+04,2.438871E-01,0.000000E+00,0.000000E+00,1.990782E+00,6.409457E+04,1.990782E+00,1.036680E+04,0.000000E+00,1.990782E+00,1.552353E+05,1.990782E+00,0.000000E+00,0.000000E+00,1.875871E-01,6.039491E+03,1.875871E-01,9.768409E+02,0.000000E+00,1.875871E-01,1.462748E+04,1.875871E-01,0.000000E+00,0.000000E+00,1.875871E-01,6.039491E+03,1.875871E-01,9.768409E+02,0.000000E+00,1.875871E-01,1.462748E+04,1.875871E-01,0.000000E+00,0.000000E+00
03:40:00,2.438871E-01,7.871715E+03,2.438871E-01,1.250412E+03,0.000000E+00,2.693894E-01,1.990021E+04,2.438871E-01,0.000000E+00,0.000000E+00,1.990782E+00,6.425460E+04,1.990782E+00,1.020676E+04,0.000000E+00,1.990782E+00,1.552353E+05,1.990782E+00,0.000000E+00,0.000000E+00,1.875871E-01,6.054571E+03,1.875871E-01,9.617611E+02,0.000000E+00,1.875871E-01,1.462748E+04,1.875871E-01,0.000000E+00,0.000000E+00,1.875871E-01,6.054571E+03,1.875871E-01,9.617611E+02,0.000000E+00,1.875871E-01,1.462748E+04,1.875871E-01,0.000000E+00,0.000000E+00
03:50:00,2.438871E-01,7.891321E+03,2.438871E-01,1.230806E+03,0.000000E+00,2.721155E-01,1.999456E+04,2.438871E-01,0.000000E+00,0.000000E+00,1.990782E+00,6.441464E+04,1.990782E+00,1.004673E+04,0.000000E+00,1.990782E+00,1.552353E+05,1.990782E+00,0.000000E+00,0.000000E+00,1.875871E-01,6.069651E+03,1.875871E-01,9.466812E+02,0.000000E+00,1.875871E-01,1.462748E+04,1.875871E-01,0.000000E+00,0.000000E+00,1.875871E-01,6.069651E+03,1.875871E-01,9.466812E+02,0.000000E+00,1.875871E-01,1.462748E+04,1.875871E-01,0.000000E+00,0.000000E+00
04:00:00,2.438871E-01,7.910927E+03,2.438871E-01,1.211201E+03,0.000000E+00,2.748027E-01,2.008756E+04,2.438871E-01,0.000000E+00,0.000000E+00,1.990782E+00,6.457468E+04,1.990782E+00,9.886692E+03,0.000000E+00,1.990782E+00,1.552353E+05,1.990782E+00,0.000000E+00,0.000000E+00,1.875871E-01,6.084730E+03,1.875871E-01,9.316013E+02,0.000000E+00,1.875871E-01,1.462748E+04,1.875871E-01,0.000000E+00,0.000000E+00,1.875871E-01,6.084730E+03,1.875871E-01,9.316013E+02,0.000000E+00,1.875871E-01,1.462748E+04,1.875871E-01,0.000000E+00,0.000000E+00
04:10:00,2.438871E-01,7.923997E+03,2.438871E-01,1.198130E+03,0.000000E+00,2.774517E-01,2.017924E+04,2.438871E-01,0.000000E+00,0.000000E+00,1.990782E+00,6.468137E+04,1.990782E+00,9.780001E+03,0.000000E+00,1.990782E+00,1.552353E+05,1.990782E+00,0.000000E+00,0.000000E+00,1.875871E-01,6.094784E+03,1.875871E-01,9.215481E+02,0.000000E+00,1.875871E-01,1.462748E+04,1.875871E-01,0.000000E+00,0.000000E+00,1.875871E-01,6.094784E+03,1.875871E-01,9.215481E+02,0.000000E+00,1.875871E-01,1.462748E+04,1.875871E-01,0.000000E+00,0.000000E+00
04:20:00,2.438871E-01,7.937068E+03,2.438871E-01,1.185060E+03,0.000000E+00,2.800633E-01,2.026963E+04,2.438871E-01,0.000000E+00,0.000000E+00,1.990782E+00,6.478806E+04,1.990782E+00,9.673310E+03,0.000000E+00,1.990782E+00,1.552353E+05,1.990782E+00,0.000000E+00,0.000000E+00,1.875871E-01,6.104837E+03,1.875871E-01,9.114948E+02,0.000000E+00,1.875871E-01,1.462748E+04,1.875871E-01,0.000000E+00,0.000000E+00,1.875871E-01,6.104837E+03,1.875871E-01,9.114948E+02,0.000000E+00,1.875871E-01,1.462748E+04,1.875871E-01,0.000000E+00,0.000000E+00
04:30:00,2.438871E-01,7.950138E+03,2.438871E-01,1.171989E+03,0.000000E+00,2.826375E-01,2.035872E+04,2.438871E-01,0.000000E+00,0.000000E+00,1.990782E+00,6.489475E+04,1.990782E+00,9.566619E+03,0.000000E+00,1.990782E+00,1.552353E+05,1.990782E+00,0.000000E+00,0.000000E+00,1.875871E-01,6.114890E+03,1.875871E-01,9.014415E+02,0.000000E+00,1.875871E-01,1.462748E+04,1.875871E-01,0.000000E+00,0.000000E+00,1.875871E-01,6.114890E+03,1.875871E-01,9.014415E+02,0.000000E+00,1.875871E-01,1.462748E+04,1.875871E-01,0.000000E+00,0.000000E+00
04:40:00,2.438871E-01,7.963209E+03,2.438871E-01,1.158919E+03,0.000000E+00,2.851731E-01,2.044648E+04,2.438871E-01,0.000000E+00,0.000000E+00,1.990782E+00,6.500144E+04,1.990782E+00,9.459928E+03,0.000000E+00,1.990782E+00,1.552353E+05,1.990782E+00,0.000000E+00,0.000000E+00,1.875871E-01,6.124943E+03,1.875871E-01,8.913883E+02,0.000000E+00,1.875871E-01,1.462748E+04,1.875871E-01,0.000000E+00,0.000000E+00,1.875871E-01,6.124943E+03,1.875871E-01,8.913883E+02,0.000000E+00,1.875871E-01,1.462748E+04,1.875871E-01,0.000000E+00,0.000000E+00
04:50:00,2.438871E-01,7.976279E+03,2.438871E-01,1.145848E+03,0.000000E+00,2.876681E-01,2.053283E+04,2.438871E-01,0.000000E+00,0.000000E+00,1.990782E+00,6.510813E+04,1.990782E+00,9.353237E+03,0.000000E+00,1.990782E+00,1.552353E+05,1.990782E+00,0.000000E+00,0.000000E+00,1.875871E-01,6.134997E+03,1.875871E-01,8.813350E+02,0.000000E+00,1.875871E-01,1.462748E+04,1.875871E-01,0.000000E+00,0.000000E+00,1.875871E-01,6.134997E+03,1.875871E-01,8.813350E+02,0.000000E+00,1.875871E-01,1.462748E+04,1.875871E-01,0.000000E+00,0.000000E+00
05:00:00,2.438871E-01,7.989350E+03,2.438871E-01,1.132778E+03,0.000000E+00,2.901202E-01,2.061770E+04,2.438871E-01,0.000000E+00,0.000000E+00,1.990782E+00,6.521482E+04,1.990782E+00,9.246546E+03,0.000000E+00,1.990782E+00,1.552353E+05,1.990782E+00,0.000000E+00,0.000000E+00,1.875871E-01,6.145050E+03,1.875871E-01,8.712818E+02,0.000000E+00,1.875871E-01,1.462748E+04,1.875871E-01,0.000000E+00,0.000000E+00,1.875871E-01,6.145050E+03,1.875871E-01,8.712818E+02,0.000000E+00,1.875871E-01,1.462748E+04,1.875871E-01,0.000000E+00,0.000000E+00
05:10:00,2.438871E-01,7.976279E+03,2.438871E-01,1.145848E+03,0.000000E+00,2.925272E-01,2.070100E+04,2.438871E-01,0.000000E+00,0.000000E+00,1.990782E+00,6.510813E+04,1.990782E+00,9.353237E+03,0.000000E+00,1.990782E+00,1.552353E+05,1.990782E+00,0.000000E+00,0.000000E+00,1.875871E-01,6.134997E+03,1.875871E-01,8.813350E+02,0.000000E+00,1.875871E-01,1.462748E+04,1.875871E-01,0.000000E+00,0.000000E+00,1.875871E-01,6.134997E+03,1.875871E-01,8.813350E+02,0.000000E+00,1.875871E-01,1.462748E+04,1.875871E-01,0.000000E+00,0.000000E+00
05:20:00,2.438871E-01,7.963209E+03,2.438871E-01,1.158919E+03,0.000000E+00,2.948870E-01,2.078267E+04,2.438871E-01,0.000000E+00,0.000000E+00,1.990782E+00,6.500144E+04,1.990782E+00,9.459928E+03,0.000000E+00,1.990782E+00,1.552353E+05,1.990782E+00,0.000000E+00,0.000000E+00,1.875871E-01,6.124943E+03,1.875871E-01,8.913883E+02,0.000000E+00,1.875871E-01,1.462748E+04,1.875871E-01,0.000000E+00,0.000000E+00,1.875871E-01,6.124943E+03,1.875871E-01,8.913883E+02,0.000000E+00,1.875871E-01,1.462748E+04,1.875871E-01,0.000000E+00,0.000000E+00
05:30:00,2.438871E-01,7.950138E+03,2.438871E-01,1.171989E+03,0.000000E+00,2.971983E-01,2.086267E+04,2.438871E-01,0.000000E+00,0.000000E+00,1.990782E+00,6.489475E+04,1.990782E+00,9.566619E+03,0.000000E+00,1.990782E+00,1.552353E+05,1.990782E+00,0.000000E+00,0.000000E+00,1.875871E-01,6.114890E+03,1.875871E-01,9.014415E+02,0.000000E+00,1.875871E-01,1.462748E+04,1.875871E-01,0.000000E+00,0.000000E+00,1.875871E-01,6.114890E+03,1.875871E-01,9.014415E+02,0.000000E+00,1.875871E-01,1.462748E+04,1.875871E-01,0.000000E+00,0.000000E+00
05:40:00,2.438871E-01,7.937068E+03,2.438871E-01,1.185060E+03,0.000000E+00,2.994610E-01,2.094098E+04,2.438871E-01,0.000000E+00,0.000000E+00,1.990782E+00,6.478806E+04,1.990782E+00,9.673310E+03,0.000000E+00,1.990782E+00,1.552353E+05,1.990782E+00,0.000000E+00,0.000000E+00,1.875871E-01,6.104837E+03,1.875871E-01,9.114948E+02,0.000000E+00,1.875871E-01,1.462748E+04,1.875871E-01,0.000000E+00,0.000000E+00,1.875871E-01,6.104837E+03,1.875871E-01,9.114948E+02,0.000000E+00,1.875871E-01,1.462748E+04,1.875871E-01,0.000000E+00,0.000000E+00
05:50:00,2.438871E-01,7.923997E+03,2.438871E-01,1.198130E+03,0.000000E+00,3.016758E-01,2.101763E+04,2.438871E-01,0.000000E+00,0.000000E+00,1.990782E+00,6.468137E+04,1.990782E+00,9.780001E+03,0.000000E+00,1.990782E+00,1.552353E+05,1.990782E+00,0.000000E+00,0.000000E+00,1.875871E-01,6.094784E+03,1.875871E-01,9.215481E+02,0.000000E+00,1.875871E-01,1.462748E+04,1.875871E-01,0.000000E+00,0.000000E+00,1.875871E-01,6.094784E+03,1.875871E-01,9.215481E+02,0.000000E+00,1.875871E-01,1.462748E+04,1.875871E-01,0.000000E+00,0.000000E+00
06:00:00,2.438871E-01,7.910927E+03,2.438871E-01,1.211201E+03,0.000000E+00,3.038438E-01,2.109267E+04,2.438871E-01,0.000000E+00,0.000000E+00,1.990782E+00,6.457468E+04,1.990782E+00,9.886692E+03,0.000000E+00,1.990782E+00,1.552353E+05,1.990782E+00,0.000000E+00,0.000000E+00,1.875871E-01,6.084730E+03,1.875871E-01,9.316013E+02,0.000000E+00,1.875871E-01,1.462748E+04,1.875871E-01,0.000000E+00,0.000000E+00,1.875871E-01,6.084730E+03,1.875871E-01,9.316013E+02,0.000000E+00,1.875871E-01,1.462748E+04,1.875871E-01,0.000000E+00,0.000000E+00
06:10:00,2.438871E-01,7.865180E+03,2.555135E-01,1.442214E+03,3.955634E+02,4.337627E-01,2.554935E+04,2.438871E-01,0.000000E+00,0.000000E+00,1.990782E+00,6.420126E+04,1.990782E+00,1.026011E+04,0.000000E+00,1.990782E+00,1.552353E+05,1.990782E+00,0.000000E+00,0.000000E+00,1.875871E-01,6.049544E+03,1.875871E-01,9.667877E+02,0.000000E+00,2.317840E-01,1.614542E+04,1.875871E-01,0.000000E+00,0.000000E+00,1.875871E-01,6.049544E+03,2.642223E-01,2.214611E+03,1.842599E+03,2.317993E-01,1.614594E+04,1.875871E-01,0.000000E+00,0.000000E+00
06:20:00,2.438871E-01,7.819433E+03,3.439168E-01,2.854094E+03,4.045064E+03,4.911440E-01,2.740148E+04,2.438871E-01,0.000000E+00,0.000000E+00,1.990782E+00,6.382784E+04,1.990782E+00,1.063353E+04,0.000000E+00,1.990782E+00,1.552353E+05,1.990782E+00,0.000000E+00,0.000000E+00,1.875871E-01,6.014358E+03,1.875871E-01,1.001974E+03,0.000000E+00,2.600915E-01,1.708247E+04,1.875871E-01,0.000000E+00,0.000000E+00,1.875871E-01,6.014358E+03,3.348070E-01,3.327292E+03,3.511001E+03,2.601078E-01,1.708302E+04,1.875871E-01,0.000000E+00,0.000000E+00
06:30:00,2.438871E-01,7.773686E+03,5.387132E-01,5.804933E+03,1.153184E+04,5.852083E-01,3.043258E+04,2.438871E-01,0.000000E+00,0.000000E+00,1.990782E+00,6.345442E+04,2.732355E+00,2.230313E+04,2.948584E+04,1.990782E+00,1.552353E+05,1.990782E+00,0.000000E+00,0.000000E+00,1.875871E-01,5.979171E+03,2.491191E-01,1.975011E+03,2.309156E+03,3.002256E-01,1.838913E+04,1.875871E-01,0.000000E+00,0.000000E+00,1.875871E-01,5.979171E+03,4.380014E-01,4.876258E+03,5.685593E+03,3.002422E-01,1.838969E+04,1.875871E-01,0.000000E+00,0.000000E+00
06:40:00,2.438871E-01,7.727939E+03,6.390122E-01,7.207391E+03,1.499407E+04,6.351088E-01,3.192004E+04,2.438871E-01,0.000000E+00,0.000000E+00,1.990782E+00,6.308100E+04,3.108708E+00,2.788693E+04,4.294862E+04,1.990782E+00,1.552353E+05,1.990782E+00,0.000000E+00,0.000000E+00,1.875871E-01,5.943985E+03,3.021646E-01,2.766054E+03,4.127792E+03,3.240597E-01,1.912180E+04,1.875871E-01,0.000000E+00,0.000000E+00,1.875871E-01,5.943985E+03,5.072021E-01,5.823818E+03,6.970309E+03,3.240770E-01,1.912237E+04,1.875871E-01,0.000000E+00,0.000000E+00
06:50:00,2.438871E-01,7.682193E+03,7.463744E-01,8.627479E+03,1.790390E+04,6.832875E-01,3.330518E+04,2.438871E-01,0.000000E+00,0.000000E+00,1.990782E+00,6.270759E+04,3.536382E+00,3.385594E+04,5.522804E+04,1.990782E+00,1.552353E+05,1.990782E+00,0.000000E+00,0.000000E+00,1.875871E-01,5.908799E+03,3.577786E-01,3.544513E+03,5.632616E+03,3.466383E-01,1.979158E+04,1.875871E-01,0.000000E+00,0.000000E+00,1.875871E-01,5.908799E+03,5.756697E-01,6.696645E+03,7.948691E+03,3.466560E-01,1.979216E+04,1.875871E-01,0.000000E+00,0.000000E+00
07:00:00,2.438871E-01,7.636446E+03,8.512077E-01,9.920970E+03,2.024772E+04,7.285774E-01,3.455300E+04,2.438871E-01,0.000000E+00,0.000000E+00,1.990782E+00,6.233417E+04,3.953017E+00,3.927449E+04,6.498484E+04,1.990782E+00,1.552353E+05,1.990782E+00,0.000000E+00,0.000000E+00,1.875871E-01,5.873612E+03,4.114662E-01,4.244166E+03,6.799492E+03,3.678304E-01,2.039603E+04,1.875871E-01,0.000000E+00,0.000000E+00,1.875871E-01,5.873612E+03,6.423608E-01,7.481208E+03,8.791386E+03,3.678486E-01,2.039662E+04,1.875871E-01,0.000000E+00,0.000000E+00
07:10:00,2.438871E-01,7.525347E+03,1.052227E+00,1.249183E+04,2.163967E+04,8.148490E-01,3.702499E+04,2.438871E-01,0.000000E+00,0.000000E+00,1.990782E+00,6.142729E+04,4.917753E+00,5.242900E+04,7.777277E+04,1.990782E+00,1.552353E+05,1.990782E+00,0.000000E+00,0.000000E+00,1.875871E-01,5.788160E+03,5.261876E-01,5.791416E+03,8.239291E+03,4.066769E-01,2.152564E+04,1.875871E-01,0.000000E+00,0.000000E+00,1.875871E-01,5.788160E+03,7.744048E-01,9.162129E+03,1.016370E+04,4.066954E-01,2.152623E+04,1.875871E-01,0.000000E+00,0.000000E+00
07:20:00,2.438871E-01,7.414247E+03,1.049122E+00,1.221645E+04,1.965433E+04,8.021631E-01,3.638082E+04,2.438871E-01,0.000000E+00,0.000000E+00,1.990782E+00,6.052042E+04,4.877284E+00,5.161429E+04,7.049783E+04,1.990782E+00,1.552353E+05,1.990782E+00,0.000000E+00,0.000000E+00,1.875871E-01,5.702707E+03,5.509422E-01,6.060020E+03,8.007285E+03,4.060672E-01,2.140924E+04,1.875871E-01,0.000000E+00,0.000000E+00,1.875871E-01,5.702707E+03,8.109532E-01,9.466735E+03,1.021083E+04,4.060861E-01,2.140983E+04,1.875871E-01,0.000000E+00,0.000000E+00
07:30:00,2.438871E-01,7.303148E+03,1.265574E+00,1.467651E+04,2.239413E+04,8.708219E-01,3.822433E+04,2.438871E-01,0.000000E+00,0.000000E+00,1.990782E+00,5.961355E+04,5.616036E+00,6.047596E+04,8.051884E+04,1.990782E+00,1.552353E+05,1.990782E+00,0.000000E+00,0.000000E+00,1.875871E-01,5.617254E+03,6.420535E-01,7.124077E+03,9.050965E+03,4.375843E-01,2.227116E+04,1.875871E-01,0.000000E+00,0.000000E+00,1.875871E-01,5.617254E+03,9.214195E-01,1.065552E+04,1.134386E+04,4.376038E-01,2.227176E+04,1.875871E-01,0.000000E+00,0.000000E+00
07:40:00,2.438871E-01,7.192048E+03,1.473946E+00,1.683925E+04,2.335392E+04,9.407016E-01,4.004057E+04,2.438871E-01,0.000000E+00,0.000000E+00,1.990782E+00,5.870668E+04,6.469165E+00,7.004657E+04,8.708659E+04,2.032180E+00,1.564848E+05,1.990782E+00,0.000000E+00,0.000000E+00,1.875871E-01,5.531802E+03,7.421214E-01,8.213204E+03,9.629420E+03,4.685759E-01,2.308784E+04,1.875871E-01,0.000000E+00,0.000000E+00,1.875871E-01,5.531802E+03,1.031286E+00,1.173478E+04,1.219579E+04,4.685957E-01,2.308843E+04,1.875871E-01,0.000000E+00,0.000000E+00
07:50:00,2.438871E-01,7.080949E+03,1.670590E+00,1.867064E+04,2.418604E+04,1.006992E+00,4.168516E+04,2.438871E-01,0.000000E+00,0.000000E+00,1.990782E+00,5.779980E+04,7.263477E+00,7.813351E+04,9.226581E+04,2.231726E+00,1.623958E+05,1.990782E+00,0.000000E+00,0.000000E+00,1.875871E-01,5.446349E+03,8.355047E-01,9.130889E+03,1.018197E+04,4.981513E-01,2.383368E+04,1.875871E-01,0.000000E+00,0.000000E+00,1.875871E-01,5.446349E+03,1.136606E+00,1.265862E+04,1.304679E+04,4.981715E-01,2.383427E+04,1.875871E-01,0.000000E+00,0.000000E+00
08:00:00,2.438871E-01,6.969850E+03,1.862431E+00,2.026586E+04,2.518416E+04,1.071225E+00,4.320783E+04,2.438871E-01,0.000000E+00,0.000000E+00,1.990782E+00,5.689293E+04,8.046956E+00,8.536255E+04,9.769158E+04,2.430721E+00,1.681049E+05,1.990782E+00,0.000000E+00,0.000000E+00,1.875871E-01,5.360896E+03,9.270103E-01,9.940864E+03,1.082888E+04,5.268088E-01,2.452518E+04,1.875871E-01,0.000000E+00,0.000000E+00,1.875871E-01,5.360896E+03,1.239785E+00,1.346043E+04,1.390137E+04,5.268294E-01,2.452578E+04,1.875871E-01,0.000000E+00,0.000000E+00
08:10:00,2.438871E-01,6.845680E+03,1.697188E+00,1.849717E+04,2.179845E+04,9.627970E-01,3.988887E+04,2.438871E-01,0.000000E+00,0.000000E+00,1.990782E+00,5.587937E+04,7.339219E+00,7.827635E+04,8.427068E+04,2.031865E+00,1.564267E+05,1.990782E+00,0.000000E+00,0.000000E+00,1.875871E-01,5.265390E+03,8.580173E-01,9.234150E+03,9.690376E+03,4.817840E-01,2.316847E+04,1.875871E-01,0.000000E+00,0.000000E+00,1.875871E-01,5.265390E+03,1.166418E+00,1.267864E+04,1.299694E+04,4.818042E-01,2.316906E+04,1.875871E-01,0.000000E+00,0.000000E+00
08:20:00,2.438871E-01,6.721510E+03,1.899819E+00,2.088321E+04,2.467599E+04,1.022701E+00,4.162808E+04,2.438871E-01,0.000000E+00,0.000000E+00,1.990782E+00,5.486580E+04,8.262560E+00,8.959630E+04,9.791445E+04,2.385174E+00,1.666732E+05,1.990782E+00,0.000000E+00,0.000000E+00,1.875871E-01,5.169885E+03,9.288968E-01,1.012093E+04,1.069753E+04,5.015470E-01,2.374225E+04,1.875871E-01,0.000000E+00,0.000000E+00,1.875871E-01,5.169885E+03,1.227939E+00,1.346100E+04,1.386427E+04,5.015667E-01,2.374282E+04,1.875871E-01,0.000000E+00,0.000000E+00
08:30:00,2.438871E-01,6.597340E+03,1.774071E+00,1.960432E+04,2.274064E+04,9.619504E-01,3.986434E+04,2.438871E-01,0.000000E+00,0.000000E+00,1.990782E+00,5.385224E+04,7.808803E+00,8.554710E+04,9.144208E+04,2.200961E+00,1.613367E+05,1.990782E+00,0.000000E+00,0.000000E+00,1.875871E-01,5.074379E+03,8.829428E-01,9.703905E+03,1.011773E+04,4.761462E-01,2.300480E+04,1.875871E-01,0.000000E+00,0.000000E+00,1.875871E-01,5.074379E+03,1.182463E+00,1.304909E+04,1.338966E+04,4.761658E-01,2.300537E+04,1.875871E-01,0.000000E+00,0.000000E+00
08:40:00,2.438871E-01,6.473170E+03,1.749025E+00,1.945103E+04,2.239221E+04,9.419106E-01,3.928235E+04,2.438871E-01,0.000000E+00,0.000000E+00,1.990782E+00,5.283868E+04,7.750210E+00,8.591469E+04,9.116717E+04,2.143143E+00,1.596585E+05,1.990782E+00,0.000000E+00,0.000000E+00,1.875871E-01,4.978873E+03,8.750252E-01,9.711828E+03,1.008186E+04,4.665411E-01,2.272589E+04,1.875871E-01,0.000000E+00,0.000000E+00,1.875871E-01,4.978873E+03,1.171829E+00,1.302623E+04,1.335360E+04,4.665605E-01,2.272645E+04,1.875871E-01,0.000000E+00,0.000000E+00
08:50:00,2.438871E-01,6.349001E+03,1.727445E+00,1.933542E+04,2.195301E+04,9.252479E-01,3.879848E+04,2.438871E-01,0.000000E+00,0.000000E+00,1.990782E+00,5.182511E+04,7.692969E+00,8.629374E+04,9.036064E+04,2.111410E+00,1.587372E+05,1.990782E+00,0.000000E+00,0.000000E+00,1.875871E-01,4.883367E+03,8.717469E-01,9.771153E+03,1.007337E+04,4.587196E-01,2.249879E+04,1.875871E-01,0.000000E+00,0.000000E+00,1.875871E-01,4.883367E+03,1.167153E+00,1.306969E+04,1.338995E+04,4.587389E-01,2.249935E+04,1.875871E-01,0.000000E+00,0.000000E+00
09:00:00,2.438871E-01,6.224831E+03,1.712316E+00,1.929135E+04,2.166813E+04,9.118277E-01,3.840878E+04,2.438871E-01,0.000000E+00,0.000000E+00,1.990782E+00,5.081155E+04,7.652027E+00,8.685296E+04,9.003432E+04,2.081151E+00,1.578588E+05,1.990782E+00,0.000000E+00,0.000000E+00,1.875871E-01,4.787861E+03,8.731415E-01,9.882447E+03,1.014027E+04,4.524239E-01,2.231599E+04,1.875871E-01,0.000000E+00,0.000000E+00,1.875871E-01,4.787861E+03,1.167403E+00,1.316804E+04,1.348652E+04,4.524432E-01,2.231655E+04,1.875871E-01,0.000000E+00,0.000000E+00
09:10:00,2.438871E-01,6.113731E+03,1.701993E+00,1.928687E+04,2.150373E+04,9.007631E-01,3.808750E+04,2.438871E-01,0.000000E+00,0.000000E+00,1.990782E+00,4.990468E+04,7.624007E+00,8.744558E+04,9.004477E+04,2.055220E+00,1.571060E+05,1.990782E+00,0.000000E+00,0.000000E+00,1.875871E-01,4.702408E+03,8.782357E-01,1.002462E+04,1.025886E+04,4.472433E-01,2.216557E+04,1.875871E-01,0.000000E+00,0.000000E+00,1.875871E-01,4.702408E+03,1.171545E+00,1.329952E+04,1.361955E+04,4.472625E-01,2.216613E+04,1.875871E-01,0.000000E+00,0.000000E+00
09:20:00,2.438871E-01,6.002632E+03,1.694695E+00,1.931620E+04,2.143135E+04,8.914294E-01,3.781648E+04,2.438871E-01,0.000000E+00,0.000000E+00,1.990782E+00,4.899780E+04,7.603089E+00,8.811764E+04,9.035284E+04,2.032737E+00,1.564533E+05,1.990782E+00,0.000000E+00,0.000000E+00,1.875871E-01,4.616956E+03,8.860398E-01,1.019707E+04,1.042175E+04,4.428906E-01,2.203920E+04,1.875871E-01,0.000000E+00,0.000000E+00,1.875871E-01,4.616956E+03,1.178575E+00,1.346325E+04,1.378690E+04,4.429098E-01,2.203976E+04,1.875871E-01,0.000000E+00,0.000000E+00
09:30:00,2.438871E-01,5.891533E+03,1.689670E+00,1.937097E+04,2.142152E+04,8.834026E-01,3.758342E+04,2.438871E-01,0.000000E+00,0.000000E+00,1.990782E+00,4.809093E+04,7.587662E+00,8.885130E+04,9.086006E+04,2.012920E+00,1.558780E+05,1.990782E+00,0.000000E+00,0.000000E+00,1.875871E-01,4.531503E+03,8.959789E-01,1.039337E+04,1.061664E+04,4.391599E-01,2.193089E+04,1.875871E-01,0.000000E+00,0.000000E+00,1.875871E-01,4.531503E+03,1.187884E+00,1.365245E+04,1.398103E+04,4.391791E-01,2.193144E+04,1.875871E-01,0.000000E+00,0.000000E+00
09:40:00,2.438871E-01,5.780433E+03,1.686490E+00,1.944668E+04,2.145560E+04,8.763783E-01,3.737947E+04,2.438871E-01,0.000000E+00,0.000000E+00,1.990782E+00,4.718406E+04,7.577636E+00,8.964670E+04,9.151407E+04,1.995194E+00,1.553634E+05,1.990782E+00,0.000000E+00,0.000000E+00,1.875871E-01,4.446050E+03,9.075172E-01,1.060764E+04,1.083377E+04,4.359137E-01,2.183664E+04,1.875871E-01,0.000000E+00,0.000000E+00,1.875871E-01,4.446050E+03,1.198869E+00,1.386051E+04,1.419470E+04,4.359328E-01,2.183719E+04,1.875871E-01,0.000000E+00,0.000000E+00
09:50:00,2.438871E-01,5.669334E+03,1.684578E+00,1.953657E+04,2.151804E+04,8.701316E-01,3.719809E+04,2.438871E-01,0.000000E+00,0.000000E+00,1.990782E+00,4.627718E+04,7.571194E+00,9.048223E+04,9.225974E+04,1.990782E+00,1.552353E+05,1.990782E+00,0.000000E+00,0.000000E+00,1.875871E-01,4.360598E+03,9.202990E-01,1.083582E+04,1.106708E+04,4.330453E-01,2.175336E+04,1.875871E-01,0.000000E+00,0.000000E+00,1.875871E-01,4.360598E+03,1.211162E+00,1.408320E+04,1.442342E+04,4.330643E-01,2.175391E+04,1.875871E-01,0.000000E+00,0.000000E+00
10:00:00,2.438871E-01,5.558235E+03,1.683567E+00,1.963656E+04,2.160058E+04,8.644949E-01,3.703444E+04,2.438871E-01,0.000000E+00,0.000000E+00,1.990782E+00,4.537031E+04,7.567232E+00,9.134570E+04,9.306959E+04,1.990782E+00,1.552353E+05,1.990782E+00,0.000000E+00,0.000000E+00,1.875871E-01,4.275145E+03,9.339923E-01,1.107421E+04,1.131086E+04,4.304740E-01,2.167871E+04,1.875871E-01,0.000000E+00,0.000000E+00,1.875871E-01,4.275145E+03,1.224405E+00,1.431654E+04,1.466196E+04,4.304930E-01,2.167926E+04,1.875871E-01,0.000000E+00,0.000000E+00
10:10:00,2.438871E-01,5.460206E+03,1.683292E+00,1.973179E+04,2.168931E+04,8.593511E-01,3.688509E+04,2.438871E-01,0.000000E+00,0.000000E+00,1.990782E+00,4.457013E+04,7.565489E+00,9.212756E+04,9.383605E+04,1.990782E+00,1.552353E+05,1.990782E+00,0.000000E+00,0.000000E+00,1.875871E-01,4.199746E+03,9.483711E-01,1.131024E+04,1.155704E+04,4.281420E-01,2.161101E+04,1.875871E-01,0.000000E+00,0.000000E+00,1.875871E-01,4.199746E+03,1.238353E+00,1.454778E+04,1.490095E+04,4.281610E-01,2.161156E+04,1.875871E-01,0.000000E+00,0.000000E+00
10:20:00,2.438871E-01,5.362177E+03,1.683547E+00,1.983291E+04,2.178162E+04,8.546016E-01,3.674720E+04,2.438871E-01,0.000000E+00,0.000000E+00,1.990782E+00,4.376995E+04,7.565344E+00,9.292718E+04,9.461196E+04,1.990782E+00,1.552353E+05,1.990782E+00,0.000000E+00,0.000000E+00,1.875871E-01,4.124346E+03,9.631971E-01,1.155127E+04,1.180203E+04,4.260018E-01,2.154887E+04,1.875871E-01,0.000000E+00,0.000000E+00,1.875871E-01,4.124346E+03,1.252754E+00,1.478409E+04,1.514092E+04,4.260208E-01,2.154942E+04,1.875871E-01,0.000000E+00,0.000000E+00
10:30:00,2.438871E-01,5.264148E+03,1.684310E+00,1.993967E+04,2.188438E+04,8.501701E-01,3.661854E+04,2.438871E-01,0.000000E+00,0.000000E+00,1.990782E+00,4.296977E+04,7.567034E+00,9.374722E+04,9.542577E+04,1.990782E+00,1.552353E+05,1.990782E+00,0.000000E+00,0.000000E+00,1.875871E-01,4.048947E+03,9.783268E-01,1.179569E+04,1.205476E+04,4.240164E-01,2.149123E+04,1.875871E-01,0.000000E+00,0.000000E+00,1.875871E-01,4.048947E+03,1.267453E+00,1.502373E+04,1.538774E+04,4.240353E-01,2.149178E+04,1.875871E-01,0.000000E+00,0.000000E+00
10:40:00,2.438871E-01,5.166119E+03,1.685090E+00,2.004654E+04,2.198990E+04,8.459991E-01,3.649744E+04,2.438871E-01,0.000000E+00,0.000000E+00,1.990782E+00,4.216958E+04,7.568561E+00,9.456498E+04,9.624629E+04,1.990782E+00,1.552353E+05,1.990782E+00,0.000000E+00,0.000000E+00,1.875871E-01,3.973548E+03,9.934514E-01,1.204001E+04,1.230912E+04,4.221576E-01,2.143727E+04,1.875871E-01,0.000000E+00,0.000000E+00,1.875871E-01,3.973548E+03,1.282135E+00,1.526313E+04,1.563526E+04,4.221765E-01,2.143782E+04,1.875871E-01,0.000000E+00,0.000000E+00
10:50:00,2.438871E-01,5.068091E+03,1.685997E+00,2.015490E+04,2.209886E+04,8.420444E-01,3.638263E+04,2.438871E-01,0.000000E+00,0.000000E+00,1.990782E+00,4.136940E+04,7.570602E+00,9.538886E+04,9.707992E+04,1.990782E+00,1.552353E+05,1.990782E+00,0.000000E+00,0.000000E+00,1.875871E-01,3.898148E+03,1.008506E+00,1.228360E+04,1.256277E+04,4.204036E-01,2.138635E+04,1.875871E-01,0.000000E+00,0.000000E+00,1.875871E-01,3.898148E+03,1.296726E+00,1.550156E+04,1.588144E+04,4.204225E-01,2.138690E+04,1.875871E-01,0.000000E+00,0.000000E+00
11:00:00,2.438871E-01,4.970062E+03,1.687107E+00,2.026543E+04,2.220882E+04,8.382719E-01,3.627310E+04,2.438871E-01,0.000000E+00,0.000000E+00,1.990782E+00,4.056922E+04,7.573373E+00,9.622046E+04,9.791798E+04,1.990782E+00,1.552353E+05,1.990782E+00,0.000000E+00,0.000000E+00,1.875871E-01,3.822749E+03,1.022937E+00,1.252018E+04,1.280215E+04,4.187375E-01,2.133798E+04,1.875871E-01,0.000000E+00,0.000000E+00,1.875871E-01,3.822749E+03,1.310657E+00,1.573258E+04,1.611517E+04,4.187563E-01,2.133853E+04,1.875871E-01,0.000000E+00,0.000000E+00
11:10:00,2.438871E-01,4.904709E+03,1.688274E+00,2.034382E+04,2.228750E+04,8.346458E-01,3.616783E+04,2.438871E-01,0.000000E+00,0.000000E+00,1.990782E+00,4.003577E+04,7.576727E+00,9.679140E+04,9.849622E+04,1.990782E+00,1.552353E+05,1.990782E+00,0.000000E+00,0.000000E+00,1.875871E-01,3.772483E+03,1.036844E+00,1.272572E+04,1.301417E+04,4.171427E-01,2.129168E+04,1.875871E-01,0.000000E+00,0.000000E+00,1.875871E-01,3.772483E+03,1.324030E+00,1.593216E+04,1.632060E+04,4.171614E-01,2.129222E+04,1.875871E-01,0.000000E+00,0.000000E+00
11:20:00,2.438871E-01,4.839357E+03,1.689123E+00,2.041848E+04,2.236271E+04,8.311479E-01,3.606628E+04,2.438871E-01,0.000000E+00,0.000000E+00,1.990782E+00,3.950231E+04,7.579126E+00,9.735088E+04,9.906343E+04,1.990782E+00,1.552353E+05,1.990782E+00,0.000000E+00,0.000000E+00,1.875871E-01,3.722216E+03,1.050096E+00,1.292386E+04,1.322108E+04,4.156095E-01,2.124717E+04,1.875871E-01,0.000000E+00,0.000000E+00,1.875871E-01,3.722216E+03,1.336720E+00,1.612400E+04,1.651996E+04,4.156282E-01,2.124771E+04,1.875871E-01,0.000000E+00,0.000000E+00
11:30:00,2.438871E-01,4.774004E+03,1.689647E+00,2.048948E+04,2.243358E+04,8.277650E-01,3.596807E+04,2.438871E-01,0.000000E+00,0.000000E+00,1.990782E+00,3.896886E+04,7.580553E+00,9.789942E+04,9.961775E+04,1.990782E+00,1.552353E+05,1.990782E+00,0.000000E+00,0.000000E+00,1.875871E-01,3.671950E+03,1.062624E+00,1.311389E+04,1.341611E+04,4.141309E-01,2.120424E+04,1.875871E-01,0.000000E+00,0.000000E+00,1.875871E-01,3.671950E+03,1.348652E+00,1.630736E+04,1.670801E+04,4.141496E-01,2.120479E+04,1.875871E-01,0.000000E+00,0.000000E+00
11:40:00,2.438871E-01,4.708651E+03,1.690096E+00,2.055975E+04,2.250440E+04,8.244850E-01,3.587284E+04,2.438871E-01,0.000000E+00,0.000000E+00,1.990782E+00,3.843540E+04,7.582120E+00,9.844992E+04,1.001765E+05,1.990782E+00,1.552353E+05,1.990782E+00,0.000000E+00,0.000000E+00,1.875871E-01,3.621684E+03,1.074480E+00,1.329647E+04,1.360363E+04,4.127008E-01,2.116273E+04,1.875871E-01,0.000000E+00,0.000000E+00,1.875871E-01,3.621684E+03,1.359876E+00,1.648286E+04,1.688797E+04,4.127195E-01,2.116327E+04,1.875871E-01,0.000000E+00,0.000000E+00
11:50:00,2.438871E-01,4.643299E+03,1.690241E+00,2.062653E+04,2.257181E+04,8.212980E-01,3.578032E+04,2.438871E-01,0.000000E+00,0.000000E+00,1.990782E+00,3.790195E+04,7.582762E+00,9.898970E+04,1.007247E+05,1.990782E+00,1.552353E+05,1.990782E+00,0.000000E+00,0.000000E+00,1.875871E-01,3.571418E+03,1.085526E+00,1.346996E+04,1.378163E+04,4.113143E-01,2.112248E+04,1.875871E-01,0.000000E+00,0.000000E+00,1.875871E-01,3.571418E+03,1.370261E+00,1.664894E+04,1.705804E+04,4.113329E-01,2.112302E+04,1.875871E-01,0.000000E+00,0.000000E+00
12:00:00,2.438871E-01,4.577946E+03,1.690022E+00,2.068923E+04,2.263500E+04,8.181961E-01,3.569027E+04,2.438871E-01,0.000000E+00,0.000000E+00,1.990782E+00,3.736849E+04,7.582498E+00,9.951934E+04,1.012625E+05,1.990782E+00,1.552353E+05,1.990782E+00,0.000000E+00,0.000000E+00,1.875871E-01,3.521151E+03,1.096191E+00,1.363918E+04,1.395554E+04,4.099673E-01,2.108337E+04,1.875871E-01,0.000000E+00,0.000000E+00,1.875871E-01,3.521151E+03,1.380248E+00,1.681057E+04,1.722375E+04,4.099859E-01,2.108391E+04,1.875871E-01,0.000000E+00,0.000000E+00
12:10:00,2.438871E-01,4.525664E+03,1.689367E+00,2.073401E+04,2.267957E+04,8.151726E-01,3.560249E+04,2.438871E-01,0.000000E+00,0.000000E+00,1.990782E+00,3.694173E+04,7.580601E+00,9.992407E+04,1.016714E+05,1.990782E+00,1.552353E+05,1.990782E+00,0.000000E+00,0.000000E+00,1.875871E-01,3.480938E+03,1.106170E+00,1.379069E+04,1.411131E+04,4.086564E-01,2.104532E+04,1.875871E-01,0.000000E+00,0.000000E+00,1.875871E-01,3.480938E+03,1.389538E+00,1.695435E+04,1.737123E+04,4.086750E-01,2.104586E+04,1.875871E-01,0.000000E+00,0.000000E+00
12:20:00,2.438871E-01,4.473382E+03,1.688576E+00,2.077745E+04,2.272307E+04,8.122222E-01,3.551684E+04,2.438871E-01,0.000000E+00,0.000000E+00,1.990782E+00,3.651497E+04,7.578361E+00,1.003257E+05,1.020782E+05,1.990782E+00,1.552353E+05,1.990782E+00,0.000000E+00,0.000000E+00,1.875871E-01,3.440725E+03,1.115443E+00,1.393442E+04,1.425911E+04,4.073792E-01,2.100824E+04,1.875871E-01,0.000000E+00,0.000000E+00,1.875871E-01,3.440725E+03,1.398105E+00,1.709018E+04,1.751060E+04,4.073977E-01,2.100877E+04,1.875871E-01,0.000000E+00,0.000000E+00
12:30:00,2.438871E-01,4.421100E+03,1.687462E+00,2.081729E+04,2.276280E+04,8.093402E-01,3.543317E+04,2.438871E-01,0.000000E+00,0.000000E+00,1.990782E+00,3.608820E+04,7.574867E+00,1.007135E+05,1.024699E+05,1.990782E+00,1.552353E+05,1.990782E+00,0.000000E+00,0.000000E+00,1.875871E-01,3.400512E+03,1.123898E+00,1.406903E+04,1.439753E+04,4.061337E-01,2.097208E+04,1.875871E-01,0.000000E+00,0.000000E+00,1.875871E-01,3.400512E+03,1.405852E+00,1.721689E+04,1.764062E+04,4.061522E-01,2.097262E+04,1.875871E-01,0.000000E+00,0.000000E+00
12:40:00,2.438871E-01,4.368818E+03,1.686471E+00,2.085851E+04,2.280472E+04,8.065229E-01,3.535138E+04,2.438871E-01,0.000000E+00,0.000000E+00,1.990782E+00,3.566144E+04,7.570671E+00,1.010934E+05,1.028538E+05,1.990782E+00,1.552353E+05,1.990782E+00,0.000000E+00,0.000000E+00,1.875871E-01,3.360299E+03,1.131526E+00,1.419442E+04,1.452645E+04,4.049184E-01,2.093680E+04,1.875871E-01,0.000000E+00,0.000000E+00,1.875871E-01,3.360299E+03,1.412777E+00,1.733441E+04,1.776125E+04,4.049369E-01,2.093733E+04,1.875871E-01,0.000000E+00,0.000000E+00
12:50:00,2.438871E-01,4.316536E+03,1.685739E+00,2.090262E+04,2.284995E+04,8.037671E-01,3.527138E+04,2.438871E-01,0.000000E+00,0.000000E+00,1.990782E+00,3.523468E+04,7.565889E+00,1.014668E+05,1.032311E+05,1.990782E+00,1.552353E+05,1.990782E+00,0.000000E+00,0.000000E+00,1.875871E-01,3.320086E+03,1.138310E+00,1.431036E+04,1.464565E+04,4.037320E-01,2.090236E+04,1.875871E-01,0.000000E+00,0.000000E+00,1.875871E-01,3.320086E+03,1.418863E+00,1.744258E+04,1.787228E+04,4.037505E-01,2.090289E+04,1.875871E-01,0.000000E+00,0.000000E+00
13:00:00,2.438871E-01,4.264254E+03,1.685290E+00,2.094989E+04,2.289830E+04,8.010699E-01,3.519308E+04,2.438871E-01,0.000000E+00,0.000000E+00,1.990782E+00,3.480791E+04,7.560557E+00,1.018340E+05,1.036018E+05,1.990782E+00,1.552353E+05,1.990782E+00,0.000000E+00,0.000000E+00,1.875871E-01,3.279873E+03,1.144230E+00,1.441668E+04,1.475488E+04,4.025732E-01,2.086871E+04,1.875871E-01,0.000000E+00,0.000000E+00,1.875871E-01,3.279873E+03,1.424094E+00,1.754121E+04,1.797348E+04,4.025916E-01,2.086925E+04,1.875871E-01,0.000000E+00,0.000000E+00
13:10:00,2.438871E-01,4.231578E+03,1.685119E+00,2.098066E+04,2.292964E+04,7.984290E-01,3.511641E+04,2.438871E-01,0.000000E+00,0.000000E+00,1.990782E+00,3.454118E+04,7.554656E+00,1.020349E+05,1.038023E+05,1.990782E+00,1.552353E+05,1.990782E+00,0.000000E+00,0.000000E+00,1.875871E-01,3.254740E+03,1.149231E+00,1.449765E+04,1.483804E+04,4.014407E-01,2.083584E+04,1.875871E-01,0.000000E+00,0.000000E+00,1.875871E-01,3.254740E+03,1.428415E+00,1.761458E+04,1.804878E+04,4.014591E-01,2.083637E+04,1.875871E-01,0.000000E+00,0.000000E+00
13:20:00,2.438871E-01,4.198902E+03,1.685235E+00,2.101463E+04,2.296442E+04,7.958421E-01,3.504131E+04,2.438871E-01,0.000000E+00,0.000000E+00,1.990782E+00,3.427446E+04,7.548168E+00,1.022292E+05,1.039958E+05,1.990782E+00,1.552353E+05,1.990782E+00,0.000000E+00,0.000000E+00,1.875871E-01,3.229607E+03,1.153304E+00,1.456826E+04,1.491052E+04,4.003333E-01,2.080369E+04,1.875871E-01,0.000000E+00,0.000000E+00,1.875871E-01,3.229607E+03,1.431814E+00,1.767766E+04,1.811353E+04,4.003516E-01,2.080422E+04,1.875871E-01,0.000000E+00,0.000000E+00
13:30:00,2.438871E-01,4.166225E+03,1.685644E+00,2.105187E+04,2.300299E+04,7.933074E-01,3.496773E+04,2.438871E-01,0.000000E+00,0.000000E+00,1.990782E+00,3.400773E+04,7.541073E+00,1.024167E+05,1.041823E+05,1.990782E+00,1.552353E+05,1.990782E+00,0.000000E+00,0.000000E+00,1.875871E-01,3.204474E+03,1.156423E+00,1.462822E+04,1.497204E+04,3.992495E-01,2.077222E+04,1.875871E-01,0.000000E+00,0.000000E+00,1.875871E-01,3.204474E+03,1.434263E+00,1.773015E+04,1.816744E+04,3.992679E-01,2.077276E+04,1.875871E-01,0.000000E+00,0.000000E+00
13:40:00,2.438871E-01,4.133549E+03,1.685970E+00,2.108818E+04,2.304051E+04,7.908231E-01,3.489560E+04,2.438871E-01,0.000000E+00,0.000000E+00,1.990782E+00,3.374100E+04,7.533082E+00,1.025942E+05,1.043581E+05,1.990782E+00,1.552353E+05,1.990782E+00,0.000000E+00,0.000000E+00,1.875871E-01,3.179341E+03,1.158550E+00,1.467711E+04,1.502215E+04,3.981881E-01,2.074141E+04,1.875871E-01,0.000000E+00,0.000000E+00,1.875871E-01,3.179341E+03,1.435721E+00,1.777156E+04,1.821002E+04,3.982064E-01,2.074194E+04,1.875871E-01,0.000000E+00,0.000000E+00
13:50:00,2.438871E-01,4.100873E+03,1.686064E+00,2.112191E+04,2.307510E+04,7.883877E-01,3.482490E+04,2.438871E-01,0.000000E+00,0.000000E+00,1.990782E+00,3.347427E+04,7.523972E+00,1.027592E+05,1.045204E+05,1.990782E+00,1.552353E+05,1.990782E+00,0.000000E+00,0.000000E+00,1.875871E-01,3.154208E+03,1.159640E+00,1.471441E+04,1.506028E+04,3.971478E-01,2.071121E+04,1.875871E-01,0.000000E+00,0.000000E+00,1.875871E-01,3.154208E+03,1.436139E+00,1.780136E+04,1.824066E+04,3.971661E-01,2.071174E+04,1.875871E-01,0.000000E+00,0.000000E+00
14:00:00,2.438871E-01,4.068196E+03,1.685895E+00,2.115269E+04,2.310640E+04,7.859995E-01,3.475557E+04,2.438871E-01,0.000000E+00,0.000000E+00,1.990782E+00,3.320755E+04,7.513642E+00,1.029107E+05,1.046680E+05,1.990782E+00,1.552353E+05,1.990782E+00,0.000000E+00,0.000000E+00,1.875871E-01,3.129075E+03,1.159649E+00,1.473965E+04,1.508591E+04,3.961280E-01,2.068160E+04,1.875871E-01,0.000000E+00,0.000000E+00,1.875871E-01,3.129075E+03,1.435473E+00,1.781907E+04,1.825884E+04,3.961462E-01,2.068213E+04,1.875871E-01,0.000000E+00,0.000000E+00
14:10:00,2.438871E-01,4.068196E+03,1.685334E+00,2.114643E+04,2.309939E+04,7.836573E-01,3.468758E+04,2.438871E-01,0.000000E+00,0.000000E+00,1.990782E+00,3.320755E+04,7.502027E+00,1.027810E+05,1.045281E+05,1.990782E+00,1.552353E+05,1.990782E+00,0.000000E+00,0.000000E+00,1.875871E-01,3.129075E+03,1.158969E+00,1.473206E+04,1.507833E+04,3.951278E-01,2.065257E+04,1.875871E-01,0.000000E+00,0.000000E+00,1.875871E-01,3.129075E+03,1.434121E+00,1.780398E+04,1.824384E+04,3.951460E-01,2.065310E+04,1.875871E-01,0.000000E+00,0.000000E+00
14:20:00,2.438871E-01,4.068196E+03,1.684398E+00,2.113598E+04,2.308796E+04,7.813598E-01,3.462088E+04,2.438871E-01,0.000000E+00,0.000000E+00,1.990782E+00,3.320755E+04,7.489114E+00,1.026368E+05,1.043726E+05,1.990782E+00,1.552353E+05,1.990782E+00,0.000000E+00,0.000000E+00,1.875871E-01,3.129075E+03,1.157253E+00,1.471291E+04,1.505828E+04,3.941467E-01,2.062409E+04,1.875871E-01,0.000000E+00,0.000000E+00,1.875871E-01,3.129075E+03,1.431733E+00,1.777732E+04,1.821644E+04,3.941649E-01,2.062461E+04,1.875871E-01,0.000000E+00,0.000000E+00
14:30:00,2.438871E-01,4.068196E+03,1.683067E+00,2.112112E+04,2.307192E+04,7.791058E-01,3.455544E+04,2.438871E-01,0.000000E+00,0.000000E+00,1.990782E+00,3.320755E+04,7.474796E+00,1.024770E+05,1.042001E+05,1.990782E+00,1.552353E+05,1.990782E+00,0.000000E+00,0.000000E+00,1.875871E-01,3.129075E+03,1.154365E+00,1.468067E+04,1.502443E+04,3.931842E-01,2.059614E+04,1.875871E-01,0.000000E+00,0.000000E+00,1.875871E-01,3.129075E+03,1.428170E+00,1.773755E+04,1.817533E+04,3.932024E-01,2.059667E+04,1.875871E-01,0.000000E+00,0.000000E+00
14:40:00,2.438871E-01,4.068196E+03,1.681320E+00,2.110162E+04,2.305096E+04,7.768940E-01,3.449123E+04,2.438871E-01,0.000000E+00,0.000000E+00,1.990782E+00,3.320755E+04,7.459025E+00,1.023009E+05,1.040102E+05,1.990782E+00,1.552353E+05,1.990782E+00,0.000000E+00,0.000000E+00,1.875871E-01,3.129075E+03,1.150244E+00,1.463467E+04,1.497649E+04,3.922398E-01,2.056873E+04,1.875871E-01,0.000000E+00,0.000000E+00,1.875871E-01,3.129075E+03,1.423374E+00,1.768400E+04,1.812028E+04,3.922580E-01,2.056925E+04,1.875871E-01,0.000000E+00,0.000000E+00
14:50:00,2.438871E-01,4.068196E+03,1.679141E+00,2.107729E+04,2.302486E+04,7.747234E-01,3.442822E+04,2.438871E-01,0.000000E+00,0.000000E+00,1.990782E+00,3.320755E+04,7.441767E+00,1.021083E+05,1.038025E+05,1.990782E+00,1.552353E+05,1.990782E+00,0.000000E+00,0.000000E+00,1.875871E-01,3.129075E+03,1.144851E+00,1.457446E+04,1.491414E+04,3.913131E-01,2.054183E+04,1.875871E-01,0.000000E+00,0.000000E+00,1.875871E-01,3.129075E+03,1.417309E+00,1.761630E+04,1.805099E+04,3.913313E-01,2.054235E+04,1.875871E-01,0.000000E+00,0.000000E+00
15:00:00,2.438871E-01,4.068196E+03,1.676517E+00,2.104800E+04,2.299338E+04,7.725929E-01,3.436637E+04,2.438871E-01,0.000000E+00,0.000000E+00,1.990782E+00,3.320755E+04,7.422988E+00,1.018986E+05,1.035765E+05,1.990782E+00,1.552353E+05,1.990782E+00,0.000000E+00,0.000000E+00,1.875871E-01,3.129075E+03,1.138158E+00,1.449974E+04,1.483697E+04,3.904037E-01,2.051542E+04,1.875871E-01,0.000000E+00,0.000000E+00,1.875871E-01,3.129075E+03,1.409954E+00,1.753418E+04,1.796708E+04,3.904218E-01,2.051595E+04,1.875871E-01,0.000000E+00,0.000000E+00
15:10:00,2.438871E-01,4.107408E+03,1.673468E+00,2.097475E+04,2.291677E+04,7.705016E-01,3.430565E+04,2.438871E-01,0.000000E+00,0.000000E+00,1.990782E+00,3.352762E+04,7.402623E+00,1.013512E+05,1.030051E+05,1.990782E+00,1.552353E+05,1.990782E+00,0.000000E+00,0.000000E+00,1.875871E-01,3.159234E+03,1.129668E+00,1.437480E+04,1.470786E+04,3.895112E-01,2.048951E+04,1.875871E-01,0.000000E+00,0.000000E+00,1.875871E-01,3.159234E+03,1.400808E+00,1.740192E+04,1.783150E+04,3.895293E-01,2.049004E+04,1.875871E-01,0.000000E+00,0.000000E+00
15:20:00,2.438871E-01,4.146620E+03,1.669932E+00,2.089607E+04,2.283442E+04,7.684484E-01,3.424605E+04,2.438871E-01,0.000000E+00,0.000000E+00,1.990782E+00,3.384769E+04,7.380593E+00,1.007852E+05,1.024135E+05,1.990782E+00,1.552353E+05,1.990782E+00,0.000000E+00,0.000000E+00,1.875871E-01,3.189394E+03,1.119719E+00,1.423357E+04,1.456182E+04,3.886352E-01,2.046408E+04,1.875871E-01,0.000000E+00,0.000000E+00,1.875871E-01,3.189394E+03,1.390217E+00,1.725352E+04,1.767930E+04,3.886532E-01,2.046461E+04,1.875871E-01,0.000000E+00,0.000000E+00
15:30:00,2.438871E-01,4.185831E+03,1.665895E+00,2.081179E+04,2.274623E+04,7.664323E-01,3.418752E+04,2.438871E-01,0.000000E+00,0.000000E+00,1.990782E+00,3.416777E+04,7.356926E+00,1.002009E+05,1.018023E+05,1.990782E+00,1.552353E+05,1.990782E+00,0.000000E+00,0.000000E+00,1.875871E-01,3.219554E+03,1.108417E+00,1.407724E+04,1.440013E+04,3.877753E-01,2.043912E+04,1.875871E-01,0.000000E+00,0.000000E+00,1.875871E-01,3.219554E+03,1.378298E+00,1.709029E+04,1.751184E+04,3.877933E-01,2.043964E+04,1.875871E-01,0.000000E+00,0.000000E+00
15:40:00,2.438871E-01,4.225043E+03,1.661342E+00,2.072174E+04,2.265202E+04,7.644525E-01,3.413004E+04,2.438871E-01,0.000000E+00,0.000000E+00,1.990782E+00,3.448784E+04,7.331593E+00,9.959802E+04,1.011710E+05,1.990782E+00,1.552353E+05,1.990782E+00,0.000000E+00,0.000000E+00,1.875871E-01,3.249714E+03,1.095829E+00,1.390655E+04,1.422348E+04,3.869311E-01,2.041461E+04,1.875871E-01,0.000000E+00,0.000000E+00,1.875871E-01,3.249714E+03,1.365119E+00,1.691301E+04,1.732986E+04,3.869491E-01,2.041513E+04,1.875871E-01,0.000000E+00,0.000000E+00
15:50:00,2.438871E-01,4.264254E+03,1.656263E+00,2.062584E+04,2.255159E+04,7.625081E-01,3.407360E+04,2.438871E-01,0.000000E+00,0.000000E+00,1.990782E+00,3.480791E+04,7.304585E+00,9.897645E+04,1.005196E+05,1.990782E+00,1.552353E+05,1.990782E+00,0.000000E+00,0.000000E+00,1.875871E-01,3.279873E+03,1.082037E+00,1.372242E+04,1.403276E+04,3.861022E-01,2.039055E+04,1.875871E-01,0.000000E+00,0.000000E+00,1.875871E-01,3.279873E+03,1.350767E+00,1.672262E+04,1.713431E+04,3.861202E-01,2.039107E+04,1.875871E-01,0.000000E+00,0.000000E+00
16:00:00,2.438871E-01,4.303466E+03,1.650649E+00,2.052395E+04,2.244476E+04,7.605982E-01,3.401815E+04,2.438871E-01,0.000000E+00,0.000000E+00,1.990782E+00,3.512798E+04,7.275932E+00,9.833649E+04,9.984842E+04,1.990782E+00,1.552353E+05,1.990782E+00,0.000000E+00,0.000000E+00,1.875871E-01,3.310033E+03,1.067145E+00,1.352600E+04,1.382911E+04,3.852884E-01,2.036692E+04,1.875871E-01,0.000000E+00,0.000000E+00,1.875871E-01,3.310033E+03,1.335350E+00,1.652034E+04,1.692637E+04,3.853064E-01,2.036744E+04,1.875871E-01,0.000000E+00,0.000000E+00
16:10:00,2.438871E-01,4.355748E+03,1.644570E+00,2.040380E+04,2.231908E+04,7.587220E-01,3.396368E+04,2.438871E-01,0.000000E+00,0.000000E+00,1.990782E+00,3.555475E+04,7.245728E+00,9.757254E+04,9.904982E+04,1.990782E+00,1.552353E+05,1.990782E+00,0.000000E+00,0.000000E+00,1.875871E-01,3.350246E+03,1.051367E+00,1.330964E+04,1.360479E+04,3.844893E-01,2.034372E+04,1.875871E-01,0.000000E+00,0.000000E+00,1.875871E-01,3.350246E+03,1.319084E+00,1.629854E+04,1.669832E+04,3.845072E-01,2.034424E+04,1.875871E-01,0.000000E+00,0.000000E+00
16:20:00,2.438871E-01,4.408030E+03,1.638013E+00,2.027832E+04,2.218775E+04,7.568787E-01,3.391017E+04,2.438871E-01,0.000000E+00,0.000000E+00,1.990782E+00,3.598151E+04,7.213999E+00,9.679157E+04,9.823268E+04,1.990782E+00,1.552353E+05,1.990782E+00,0.000000E+00,0.000000E+00,1.875871E-01,3.390459E+03,1.034844E+00,1.308495E+04,1.337168E+04,3.837044E-01,2.032094E+04,1.875871E-01,0.000000E+00,0.000000E+00,1.875871E-01,3.390459E+03,1.302101E+00,1.606871E+04,1.646190E+04,3.837223E-01,2.032146E+04,1.875871E-01,0.000000E+00,0.000000E+00
16:30:00,2.438871E-01,4.460312E+03,1.630850E+00,2.014608E+04,2.204914E+04,7.550675E-01,3.385759E+04,2.438871E-01,0.000000E+00,0.000000E+00,1.990782E+00,3.640828E+04,7.180702E+00,9.599308E+04,9.739650E+04,1.990782E+00,1.552353E+05,1.990782E+00,0.000000E+00,0.000000E+00,1.875871E-01,3.430672E+03,1.017649E+00,1.285277E+04,1.313050E+04,3.829336E-01,2.029856E+04,1.875871E-01,0.000000E+00,0.000000E+00,1.875871E-01,3.430672E+03,1.284479E+00,1.583176E+04,1.621792E+04,3.829515E-01,2.029908E+04,1.875871E-01,0.000000E+00,0.000000E+00
16:40:00,2.438871E-01,4.512594E+03,1.623156E+00,2.000790E+04,2.190440E+04,7.532877E-01,3.380592E+04,2.438871E-01,0.000000E+00,0.000000E+00,1.990782E+00,3.683504E+04,7.145914E+00,9.517795E+04,9.654233E+04,1.990782E+00,1.552353E+05,1.990782E+00,0.000000E+00,0.000000E+00,1.875871E-01,3.470885E+03,1.000142E+00,1.261711E+04,1.288573E+04,3.821764E-01,2.027658E+04,1.875871E-01,0.000000E+00,0.000000E+00,1.875871E-01,3.470885E+03,1.266577E+00,1.559169E+04,1.597082E+04,3.821943E-01,2.027710E+04,1.875871E-01,0.000000E+00,0.000000E+00
16:50:00,2.438871E-01,4.564876E+03,1.614947E+00,1.986398E+04,2.175371E+04,7.515384E-01,3.375514E+04,2.438871E-01,0.000000E+00,0.000000E+00,1.990782E+00,3.726180E+04,7.109743E+00,9.434739E+04,9.567162E+04,1.990782E+00,1.552353E+05,1.990782E+00,0.000000E+00,0.000000E+00,1.875871E-01,3.511098E+03,9.826423E-01,1.238153E+04,1.264101E+04,3.814326E-01,2.025498E+04,1.875871E-01,0.000000E+00,0.000000E+00,1.875871E-01,3.511098E+03,1.248716E+00,1.535207E+04,1.572417E+04,3.814504E-01,2.025550E+04,1.875871E-01,0.000000E+00,0.000000E+00
17:00:00,2.438871E-01,4.617158E+03,1.606246E+00,1.971456E+04,2.159718E+04,7.498190E-01,3.370522E+04,2.438871E-01,0.000000E+00,0.000000E+00,1.990782E+00,3.768857E+04,7.072278E+00,9.350236E+04,9.478529E+04,1.990782E+00,1.552353E+05,1.990782E+00,0.000000E+00,0.000000E+00,1.875871E-01,3.551311E+03,9.654812E-01,1.214972E+04,1.240007E+04,3.807018E-01,2.023377E+04,1.875871E-01,0.000000E+00,0.000000E+00,1.875871E-01,3.551311E+03,1.231225E+00,1.511658E+04,1.548160E+04,3.807196E-01,2.023429E+04,1.875871E-01,0.000000E+00,0.000000E+00
17:10:00,2.438871E-01,4.682510E+03,1.597100E+00,1.954710E+04,2.142198E+04,7.481288E-01,3.365615E+04,2.438871E-01,0.000000E+00,0.000000E+00,1.990782E+00,3.822202E+04,7.033611E+00,9.253724E+04,9.377554E+04,1.990782E+00,1.552353E+05,1.990782E+00,0.000000E+00,0.000000E+00,1.875871E-01,3.601577E+03,9.490203E-01,1.191568E+04,1.215684E+04,3.799837E-01,2.021292E+04,1.875871E-01,0.000000E+00,0.000000E+00,1.875871E-01,3.601577E+03,1.214466E+00,1.487921E+04,1.523697E+04,3.800015E-01,2.021344E+04,1.875871E-01,0.000000E+00,0.000000E+00
17:20:00,2.438871E-01,4.747863E+03,1.588010E+00,1.938027E+04,2.124814E+04,7.464671E-01,3.360791E+04,2.438871E-01,0.000000E+00,0.000000E+00,1.990782E+00,3.875548E+04,6.993912E+00,9.156059E+04,9.275316E+04,1.990782E+00,1.552353E+05,1.990782E+00,0.000000E+00,0.000000E+00,1.875871E-01,3.651844E+03,9.336620E-01,1.169395E+04,1.192641E+04,3.792780E-01,2.019244E+04,1.875871E-01,0.000000E+00,0.000000E+00,1.875871E-01,3.651844E+03,1.198856E+00,1.465466E+04,1.500547E+04,3.792958E-01,2.019295E+04,1.875871E-01,0.000000E+00,0.000000E+00
17:30:00,2.438871E-01,4.813216E+03,1.579255E+00,1.921717E+04,2.107864E+04,7.448333E-01,3.356048E+04,2.438871E-01,0.000000E+00,0.000000E+00,1.990782E+00,3.928893E+04,6.953415E+00,9.057503E+04,9.172107E+04,1.990782E+00,1.552353E+05,1.990782E+00,0.000000E+00,0.000000E+00,1.875871E-01,3.702110E+03,9.196623E-01,1.148738E+04,1.171168E+04,3.785846E-01,2.017230E+04,1.875871E-01,0.000000E+00,0.000000E+00,1.875871E-01,3.702110E+03,1.184641E+00,1.444570E+04,1.478986E+04,3.786023E-01,2.017282E+04,1.875871E-01,0.000000E+00,0.000000E+00
17:40:00,2.438871E-01,4.878568E+03,1.570793E+00,1.905735E+04,2.091237E+04,7.432266E-01,3.351384E+04,2.438871E-01,0.000000E+00,0.000000E+00,1.990782E+00,3.982238E+04,6.912168E+00,8.958110E+04,9.067978E+04,1.990782E+00,1.552353E+05,1.990782E+00,0.000000E+00,0.000000E+00,1.875871E-01,3.752376E+03,9.068927E-01,1.129454E+04,1.151106E+04,3.779029E-01,2.015252E+04,1.875871E-01,0.000000E+00,0.000000E+00,1.875871E-01,3.752376E+03,1.171691E+00,1.425084E+04,1.458858E+04,3.779207E-01,2.015303E+04,1.875871E-01,0.000000E+00,0.000000E+00
17:50:00,2.438871E-01,4.943921E+03,1.562615E+00,1.890069E+04,2.074923E+04,7.416466E-01,3.346797E+04,2.438871E-01,0.000000E+00,0.000000E+00,1.990782E+00,4.035584E+04,6.870229E+00,8.857944E+04,8.962998E+04,1.990782E+00,1.552353E+05,1.990782E+00,0.000000E+00,0.000000E+00,1.875871E-01,3.802642E+03,8.952035E-01,1.111377E+04,1.132299E+04,3.772329E-01,2.013307E+04,1.875871E-01,0.000000E+00,0.000000E+00,1.875871E-01,3.802642E+03,1.159849E+00,1.406837E+04,1.440007E+04,3.772506E-01,2.013358E+04,1.875871E-01,0.000000E+00,0.000000E+00
18:00:00,2.438871E-01,5.009273E+03,1.554688E+00,1.874684E+04,2.058909E+04,7.400925E-01,3.342285E+04,2.438871E-01,0.000000E+00,0.000000E+00,1.990782E+00,4.088929E+04,6.827648E+00,8.757062E+04,8.857227E+04,1.990782E+00,1.552353E+05,1.990782E+00,0.000000E+00,0.000000E+00,1.875871E-01,3.852909E+03,8.843848E-01,1.094272E+04,1.114516E+04,3.765742E-01,2.011394E+04,1.875871E-01,0.000000E+00,0.000000E+00,1.875871E-01,3.852909E+03,1.148902E+00,1.389587E+04,1.422203E+04,3.765919E-01,2.011446E+04,1.875871E-01,0.000000E+00,0.000000E+00
18:10:00,2.438871E-01,5.107302E+03,1.546886E+00,1.856171E+04,2.039724E+04,7.385638E-01,3.337847E+04,2.438871E-01,0.000000E+00,0.000000E+00,1.990782E+00,4.168948E+04,6.784407E+00,8.628770E+04,8.723429E+04,1.990782E+00,1.552353E+05,1.990782E+00,0.000000E+00,0.000000E+00,1.875871E-01,3.928308E+03,8.740994E-01,1.075248E+04,1.094793E+04,3.759266E-01,2.009514E+04,1.875871E-01,0.000000E+00,0.000000E+00,1.875871E-01,3.928308E+03,1.138505E+00,1.370439E+04,1.402482E+04,3.759443E-01,2.009565E+04,1.875871E-01,0.000000E+00,0.000000E+00
18:20:00,2.438871E-01,5.205331E+03,1.538689E+00,1.837217E+04,2.020039E+04,7.370598E-01,3.333481E+04,2.438871E-01,0.000000E+00,0.000000E+00,1.990782E+00,4.248966E+04,6.740498E+00,8.499732E+04,8.588789E+04,1.990782E+00,1.552353E+05,1.990782E+00,0.000000E+00,0.000000E+00,1.875871E-01,4.003707E+03,8.639677E-01,1.056397E+04,1.075236E+04,3.752897E-01,2.007665E+04,1.875871E-01,0.000000E+00,0.000000E+00,1.875871E-01,4.003707E+03,1.128271E+00,1.351474E+04,1.382952E+04,3.753073E-01,2.007716E+04,1.875871E-01,0.000000E+00,0.000000E+00
18:30:00,2.438871E-01,5.303360E+03,1.529890E+00,1.817590E+04,1.999606E+04,7.355802E-01,3.329186E+04,2.438871E-01,0.000000E+00,0.000000E+00,1.990782E+00,4.328984E+04,6.695908E+00,8.369934E+04,8.453285E+04,1.990782E+00,1.552353E+05,1.990782E+00,0.000000E+00,0.000000E+00,1.875871E-01,4.079107E+03,8.538449E-01,1.037555E+04,1.055677E+04,3.746627E-01,2.005845E+04,1.875871E-01,0.000000E+00,0.000000E+00,1.875871E-01,4.079107E+03,1.118053E+00,1.332526E+04,1.363441E+04,3.746803E-01,2.005896E+04,1.875871E-01,0.000000E+00,0.000000E+00
18:40:00,2.438871E-01,5.401389E+03,1.520404E+00,1.797197E+04,1.978328E+04,7.341242E-01,3.324959E+04,2.438871E-01,0.000000E+00,0.000000E+00,1.990782E+00,4.409002E+04,6.650664E+00,8.239405E+04,8.316952E+04,1.990782E+00,1.552353E+05,1.990782E+00,0.000000E+00,0.000000E+00,1.875871E-01,4.154506E+03,8.436559E-01,1.018640E+04,1.036026E+04,3.740449E-01,2.004051E+04,1.875871E-01,0.000000E+00,0.000000E+00,1.875871E-01,4.154506E+03,1.107775E+00,1.313511E+04,1.343856E+04,3.740625E-01,2.004103E+04,1.875871E-01,0.000000E+00,0.000000E+00
18:50:00,2.438871E-01,5.499417E+03,1.510127E+00,1.775921E+04,1.956071E+04,7.326915E-01,3.320800E+04,2.438871E-01,0.000000E+00,0.000000E+00,1.990782E+00,4.489020E+04,6.604741E+00,8.108119E+04,8.179755E+04,1.990782E+00,1.552353E+05,1.990782E+00,0.000000E+00,0.000000E+00,1.875871E-01,4.229906E+03,8.333433E-01,9.995862E+03,1.016209E+04,3.734360E-01,2.002284E+04,1.875871E-01,0.000000E+00,0.000000E+00,1.875871E-01,4.229906E+03,1.097378E+00,1.294363E+04,1.324125E+04,3.734536E-01,2.002335E+04,1.875871E-01,0.000000E+00,0.000000E+00
19:00:00,2.438871E-01,5.597446E+03,1.498805E+00,1.753478E+04,1.932501E+04,7.312813E-01,3.316706E+04,2.438871E-01,0.000000E+00,0.000000E+00,1.990782E+00,4.569038E+04,6.558091E+00,7.976021E+04,8.041618E+04,1.990782E+00,1.552353E+05,1.990782E+00,0.000000E+00,0.000000E+00,1.875871E-01,4.305305E+03,8.227096E-01,9.801743E+03,9.959721E+03,3.728358E-01,2.000541E+04,1.875871E-01,0.000000E+00,0.000000E+00,1.875871E-01,4.305305E+03,1.086658E+00,1.274854E+04,1.303990E+04,3.728534E-01,2.000592E+04,1.875871E-01,0.000000E+00,0.000000E+00
19:10:00,2.438871E-01,5.669334E+03,1.486727E+00,1.732805E+04,1.910718E+04,7.298934E-01,3.312676E+04,2.438871E-01,0.000000E+00,0.000000E+00,1.990782E+00,4.627718E+04,6.510909E+00,7.864667E+04,7.924565E+04,1.990782E+00,1.552353E+05,1.990782E+00,0.000000E+00,0.000000E+00,1.875871E-01,4.360598E+03,8.119952E-01,9.626831E+03,9.777020E+03,3.722442E-01,1.998824E+04,1.875871E-01,0.000000E+00,0.000000E+00,1.875871E-01,4.360598E+03,1.075859E+00,1.257269E+04,1.285835E+04,3.722617E-01,1.998875E+04,1.875871E-01,0.000000E+00,0.000000E+00
19:20:00,2.438871E-01,5.741222E+03,1.473881E+00,1.711275E+04,1.888017E+04,7.285271E-01,3.308710E+04,2.438871E-01,0.000000E+00,0.000000E+00,1.990782E+00,4.686398E+04,6.463325E+00,7.752865E+04,7.806996E+04,1.990782E+00,1.552353E+05,1.990782E+00,0.000000E+00,0.000000E+00,1.875871E-01,4.415891E+03,8.012318E-01,9.451371E+03,9.593719E+03,3.716611E-01,1.997131E+04,1.875871E-01,0.000000E+00,0.000000E+00,1.875871E-01,4.415891E+03,1.065013E+00,1.239631E+04,1.267630E+04,3.716787E-01,1.997182E+04,1.875871E-01,0.000000E+00,0.000000E+00
19:30:00,2.438871E-01,5.813110E+03,1.460239E+00,1.688857E+04,1.864338E+04,7.271820E-01,3.304805E+04,2.438871E-01,0.000000E+00,0.000000E+00,1.990782E+00,4.745078E+04,6.415493E+00,7.640785E+04,7.689090E+04,1.990782E+00,1.552353E+05,1.990782E+00,0.000000E+00,0.000000E+00,1.875871E-01,4.471184E+03,7.904427E-01,9.275625E+03,9.409926E+03,3.710871E-01,1.995465E+04,1.875871E-01,0.000000E+00,0.000000E+00,1.875871E-01,4.471184E+03,1.054143E+00,1.221967E+04,1.249385E+04,3.711046E-01,1.995516E+04,1.875871E-01,0.000000E+00,0.000000E+00
19:40:00,2.438871E-01,5.884997E+03,1.445598E+00,1.665323E+04,1.839398E+04,7.258576E-01,3.300960E+04,2.438871E-01,0.000000E+00,0.000000E+00,1.990782E+00,4.803758E+04,6.367570E+00,7.528604E+04,7.571027E+04,1.990782E+00,1.552353E+05,1.990782E+00,0.000000E+00,0.000000E+00,1.875871E-01,4.526476E+03,7.796514E-01,9.099855E+03,9.225852E+03,3.705224E-01,1.993825E+04,1.875871E-01,0.000000E+00,0.000000E+00,1.875871E-01,4.526476E+03,1.043273E+00,1.204301E+04,1.231118E+04,3.705399E-01,1.993876E+04,1.875871E-01,0.000000E+00,0.000000E+00
19:50:00,2.438871E-01,5.956885E+03,1.429561E+00,1.640231E+04,1.812686E+04,7.245535E-01,3.297174E+04,2.438871E-01,0.000000E+00,0.000000E+00,1.990782E+00,4.862438E+04,6.319600E+00,7.416370E+04,7.452851E+04,1.990782E+00,1.552353E+05,1.990782E+00,0.000000E+00,0.000000E+00,1.875871E-01,4.581769E+03,7.688551E-01,8.924028E+03,9.041451E+03,3.699672E-01,1.992213E+04,1.875871E-01,0.000000E+00,0.000000E+00,1.875871E-01,4.581769E+03,1.032397E+00,1.186629E+04,1.212825E+04,3.699847E-01,1.992264E+04,1.875871E-01,0.000000E+00,0.000000E+00
20:00:00,2.438871E-01,6.028773E+03,1.412604E+00,1.614111E+04,1.784933E+04,7.232692E-01,3.293446E+04,2.438871E-01,0.000000E+00,0.000000E+00,1.990782E+00,4.921119E+04,6.271850E+00,7.304382E+04,7.334932E+04,1.990782E+00,1.552353E+05,1.990782E+00,0.000000E+00,0.000000E+00,1.875871E-01,4.637062E+03,7.582716E-01,8.750577E+03,8.859649E+03,3.694213E-01,1.990629E+04,1.875871E-01,0.000000E+00,0.000000E+00,1.875871E-01,4.637062E+03,1.021738E+00,1.169200E+04,1.194799E+04,3.694388E-01,1.990679E+04,1.875871E-01,0.000000E+00,0.000000E+00
20:10:00,2.438871E-01,6.087590E+03,1.394449E+00,1.587969E+04,1.757267E+04,7.220044E-01,3.289774E+04,2.438871E-01,0.000000E+00,0.000000E+00,1.990782E+00,4.969129E+04,6.223870E+00,7.202837E+04,7.227895E+04,1.990782E+00,1.552353E+05,1.990782E+00,0.000000E+00,0.000000E+00,1.875871E-01,4.682302E+03,7.475479E-01,8.585645E+03,8.686901E+03,3.688844E-01,1.989070E+04,1.875871E-01,0.000000E+00,0.000000E+00,1.875871E-01,4.682302E+03,1.010928E+00,1.152612E+04,1.177687E+04,3.689019E-01,1.989121E+04,1.875871E-01,0.000000E+00,0.000000E+00
20:20:00,2.438871E-01,6.146408E+03,1.376794E+00,1.562392E+04,1.729568E+04,7.207586E-01,3.286158E+04,2.438871E-01,0.000000E+00,0.000000E+00,1.990782E+00,5.017140E+04,6.176808E+00,7.102350E+04,7.120097E+04,1.990782E+00,1.552353E+05,1.990782E+00,0.000000E+00,0.000000E+00,1.875871E-01,4.727541E+03,7.370874E-01,8.423685E+03,8.514366E+03,3.683564E-01,1.987537E+04,1.875871E-01,0.000000E+00,0.000000E+00,1.875871E-01,4.727541E+03,1.000389E+00,1.136330E+04,1.160689E+04,3.683738E-01,1.987588E+04,1.875871E-01,0.000000E+00,0.000000E+00
20:30:00,2.438871E-01,6.205225E+03,1.360169E+00,1.537965E+04,1.703836E+04,7.195314E-01,3.282595E+04,2.438871E-01,0.000000E+00,0.000000E+00,1.990782E+00,5.065151E+04,6.131885E+00,7.004249E+04,7.016794E+04,1.990782E+00,1.552353E+05,1.990782E+00,0.000000E+00,0.000000E+00,1.875871E-01,4.772781E+03,7.271441E-01,8.267498E+03,8.351015E+03,3.678364E-01,1.986028E+04,1.875871E-01,0.000000E+00,0.000000E+00,1.875871E-01,4.772781E+03,9.903817E-01,1.120644E+04,1.144542E+04,3.678539E-01,1.986078E+04,1.875871E-01,0.000000E+00,0.000000E+00
20:40:00,2.438871E-01,6.264042E+03,1.344766E+00,1.514888E+04,1.679393E+04,7.183225E-01,3.279085E+04,2.438871E-01,0.000000E+00,0.000000E+00,1.990782E+00,5.113162E+04,6.088345E+00,6.907635E+04,6.914717E+04,1.990782E+00,1.552353E+05,1.990782E+00,0.000000E+00,0.000000E+00,1.875871E-01,4.818021E+03,7.177112E-01,8.116950E+03,8.192704E+03,3.673241E-01,1.984540E+04,1.875871E-01,0.000000E+00,0.000000E+00,1.875871E-01,4.818021E+03,9.809049E-01,1.105540E+04,1.128893E+04,3.673415E-01,1.984591E+04,1.875871E-01,0.000000E+00,0.000000E+00
20:50:00,2.438871E-01,6.322860E+03,1.331459E+00,1.494150E+04,1.658067E+04,7.171412E-01,3.275656E+04,2.438871E-01,0.000000E+00,0.000000E+00,1.990782E+00,5.161173E+04,6.047582E+00,6.814115E+04,6.817366E+04,1.990782E+00,1.552353E+05,1.990782E+00,0.000000E+00,0.000000E+00,1.875871E-01,4.863260E+03,7.089820E-01,7.974251E+03,8.044611E+03,3.668228E-01,1.983085E+04,1.875871E-01,0.000000E+00,0.000000E+00,1.875871E-01,4.863260E+03,9.721491E-01,1.091241E+04,1.114200E+04,3.668402E-01,1.983136E+04,1.875871E-01,0.000000E+00,0.000000E+00
21:00:00,2.438871E-01,6.381677E+03,1.320137E+00,1.475627E+04,1.638915E+04,7.159748E-01,3.272270E+04,2.438871E-01,0.000000E+00,0.000000E+00,1.990782E+00,5.209184E+04,6.009507E+00,6.723596E+04,6.722596E+04,1.990782E+00,1.552353E+05,1.990782E+00,0.000000E+00,0.000000E+00,1.875871E-01,4.908500E+03,7.009468E-01,7.839300E+03,7.903285E+03,3.663279E-01,1.981648E+04,1.875871E-01,0.000000E+00,0.000000E+00,1.875871E-01,4.908500E+03,9.641054E-01,1.077736E+04,1.100198E+04,3.663454E-01,1.981699E+04,1.875871E-01,0.000000E+00,0.000000E+00
21:10:00,2.438871E-01,6.440494E+03,1.095972E+00,1.231838E+04,1.353780E+04,5.961584E-01,2.924432E+04,2.438871E-01,0.000000E+00,0.000000E+00,1.990782E+00,5.257195E+04,4.992273E+00,5.588753E+04,5.399352E+04,1.990782E+00,1.552353E+05,1.990782E+00,0.000000E+00,0.000000E+00,1.875871E-01,4.953740E+03,5.808909E-01,6.525769E+03,6.428965E+03,3.050665E-01,1.803801E+04,1.875871E-01,0.000000E+00,0.000000E+00,1.875871E-01,4.953740E+03,8.001941E-01,9.055910E+03,9.160649E+03,3.050810E-01,1.803843E+04,1.875871E-01,0.000000E+00,0.000000E+00
21:20:00,2.438871E-01,6.499311E+03,8.737268E-01,9.983778E+03,1.091942E+04,4.765419E-01,2.577176E+04,2.438871E-01,0.000000E+00,0.000000E+00,1.990782E+00,5.305206E+04,3.982122E+00,4.482578E+04,4.141913E+04,1.990782E+00,1.552353E+05,1.990782E+00,0.000000E+00,0.000000E+00,1.875871E-01,4.998979E+03,4.623388E-01,5.257941E+03,5.051212E+03,2.438896E-01,1.626199E+04,1.875871E-01,0.000000E+00,0.000000E+00,1.875871E-01,4.998979E+03,6.377916E-01,7.434066E+03,7.535604E+03,2.439012E-01,1.626233E+04,1.875871E-01,0.000000E+00,0.000000E+00
21:30:00,2.438871E-01,6.558129E+03,6.530239E-01,7.529216E+03,7.812824E+03,3.571223E-01,2.230491E+04,2.438871E-01,0.000000E+00,0.000000E+00,1.990782E+00,5.353217E+04,2.977785E+00,3.303899E+04,2.629723E+04,1.990782E+00,1.552353E+05,1.990782E+00,0.000000E+00,0.000000E+00,1.875871E-01,5.044219E+03,3.450274E-01,3.910326E+03,3.411367E+03,1.875871E-01,1.462748E+04,1.875871E-01,0.000000E+00,0.000000E+00,1.875871E-01,5.044219E+03,4.766263E-01,5.658447E+03,5.476312E+03,1.875871E-01,1.462748E+04,1.875871E-01,0.000000E+00,0.000000E+00
21:40:00,2.438871E-01,6.616946E+03,4.340005E-01,4.902135E+03,4.356130E+03,2.438871E-01,1.901759E+04,2.438871E-01,0.000000E+00,0.000000E+00,1.990782E+00,5.401228E+04,1.990782E+00,2.044909E+04,9.583743E+03,1.990782E+00,1.552353E+05,1.990782E+00,0.000000E+00,0.000000E+00,1.875871E-01,5.089459E+03,2.289550E-01,2.458378E+03,1.580168E+03,1.875871E-01,1.462748E+04,1.875871E-01,0.000000E+00,0.000000E+00,1.875871E-01,5.089459E+03,3.166920E-01,3.670959E+03,3.052243E+03,1.875871E-01,1.462748E+04,1.875871E-01,0.000000E+00,0.000000E+00
21:50:00,2.438871E-01,6.675763E+03,2.438871E-01,2.446364E+03,1.114363E+03,2.438871E-01,1.901759E+04,2.438871E-01,0.000000E+00,0.000000E+00,1.990782E+00,5.449239E+04,1.990782E+00,1.996898E+04,9.096233E+03,1.990782E+00,1.552353E+05,1.990782E+00,0.000000E+00,0.000000E+00,1.875871E-01,5.134698E+03,1.875871E-01,1.881634E+03,8.571182E+02,1.875871E-01,1.462748E+04,1.875871E-01,0.000000E+00,0.000000E+00,1.875871E-01,5.134698E+03,1.875871E-01,1.881634E+03,8.571182E+02,1.875871E-01,1.462748E+04,1.875871E-01,0.000000E+00,0.000000E+00
22:00:00,2.438871E-01,6.734581E+03,2.438871E-01,2.387547E+03,1.054639E+03,2.438871E-01,1.901759E+04,2.438871E-01,0.000000E+00,0.000000E+00,1.990782E+00,5.497249E+04,1.990782E+00,1.948887E+04,8.608726E+03,1.990782E+00,1.552353E+05,1.990782E+00,0.000000E+00,0.000000E+00,1.875871E-01,5.179938E+03,1.875871E-01,1.836394E+03,8.111814E+02,1.875871E-01,1.462748E+04,1.875871E-01,0.000000E+00,0.000000E+00,1.875871E-01,5.179938E+03,1.875871E-01,1.836394E+03,8.111814E+02,1.875871E-01,1.462748E+04,1.875871E-01,0.000000E+00,0.000000E+00
22:10:00,2.438871E-01,6.780327E+03,2.438871E-01,2.341800E+03,1.008191E+03,2.438871E-01,1.901759E+04,2.438871E-01,0.000000E+00,0.000000E+00,1.990782E+00,5.534591E+04,1.990782E+00,1.911546E+04,8.229579E+03,1.990782E+00,1.552353E+05,1.990782E+00,0.000000E+00,0.000000E+00,1.875871E-01,5.215124E+03,1.875871E-01,1.801208E+03,7.754552E+02,1.875871E-01,1.462748E+04,1.875871E-01,0.000000E+00,0.000000E+00,1.875871E-01,5.215124E+03,1.875871E-01,1.801208E+03,7.754552E+02,1.875871E-01,1.462748E+04,1.875871E-01,0.000000E+00,0.000000E+00
22:20:00,2.438871E-01,6.826074E+03,2.438871E-01,2.296053E+03,9.617383E+02,2.438871E-01,1.901759E+04,2.438871E-01,0.000000E+00,0.000000E+00,1.990782E+00,5.571933E+04,1.990782E+00,1.874204E+04,7.850400E+03,1.990782E+00,1.552353E+05,1.990782E+00,0.000000E+00,0.000000E+00,1.875871E-01,5.250311E+03,1.875871E-01,1.766021E+03,7.397260E+02,1.875871E-01,1.462748E+04,1.875871E-01,0.000000E+00,0.000000E+00,1.875871E-01,5.250311E+03,1.875871E-01,1.766021E+03,7.397260E+02,1.875871E-01,1.462748E+04,1.875871E-01,0.000000E+00,0.000000E+00
22:30:00,2.438871E-01,6.871821E+03,2.438871E-01,2.250306E+03,9.152900E+02,2.438871E-01,1.901759E+04,2.438871E-01,0.000000E+00,0.000000E+00,1.990782E+00,5.609275E+04,1.990782E+00,1.836862E+04,7.471256E+03,1.990782E+00,1.552353E+05,1.990782E+00,0.000000E+00,0.000000E+00,1.875871E-01,5.285497E+03,1.875871E-01,1.730835E+03,7.040001E+02,1.875871E-01,1.462748E+04,1.875871E-01,0.000000E+00,0.000000E+00,1.875871E-01,5.285497E+03,1.875871E-01,1.730835E+03,7.040001E+02,1.875871E-01,1.462748E+04,1.875871E-01,0.000000E+00,0.000000E+00
22:40:00,2.438871E-01,6.917568E+03,2.438871E-01,2.204559E+03,8.688416E+02,2.438871E-01,1.901759E+04,2.438871E-01,0.000000E+00,0.000000E+00,1.990782E+00,5.646617E+04,1.990782E+00,1.799520E+04,7.092111E+03,1.990782E+00,1.552353E+05,1.990782E+00,0.000000E+00,0.000000E+00,1.875871E-01,5.320683E+03,1.875871E-01,1.695648E+03,6.682741E+02,1.875871E-01,1.462748E+04,1.875871E-01,0.000000E+00,0.000000E+00,1.875871E-01,5.320683E+03,1.875871E-01,1.695648E+03,6.682741E+02,1.875871E-01,1.462748E+04,1.875871E-01,0.000000E+00,0.000000E+00
22:50:00,2.438871E-01,6.963315E+03,2.438871E-01,2.158813E+03,8.223901E+02,2.438871E-01,1.901759E+04,2.438871E-01,0.000000E+00,0.000000E+00,1.990782E+00,5.683959E+04,1.990782E+00,1.762178E+04,6.712940E+03,1.990782E+00,1.552353E+05,1.990782E+00,0.000000E+00,0.000000E+00,1.875871E-01,5.355870E+03,1.875871E-01,1.660462E+03,6.325456E+02,1.875871E-01,1.462748E+04,1.875871E-01,0.000000E+00,0.000000E+00,1.875871E-01,5.355870E+03,1.875871E-01,1.660462E+03,6.325456E+02,1.875871E-01,1.462748E+04,1.875871E-01,0.000000E+00,0.000000E+00
23:00:00,2.438871E-01,7.009061E+03,2.438871E-01,2.113066E+03,7.759422E+02,2.438871E-01,1.901759E+04,2.438871E-01,0.000000E+00,0.000000E+00,1.990782E+00,5.721300E+04,1.990782E+00,1.724836E+04,6.333799E+03,1.990782E+00,1.552353E+05,1.990782E+00,0.000000E+00,0.000000E+00,1.875871E-01,5.391056E+03,1.875871E-01,1.625276E+03,5.968200E+02,1.875871E-01,1.462748E+04,1.875871E-01,0.000000E+00,0.000000E+00,1.875871E-01,5.391056E+03,1.875871E-01,1.625276E+03,5.968200E+02,1.875871E-01,1.462748E+04,1.875871E-01,0.000000E+00,0.000000E+00
23:10:00,2.438871E-01,7.054808E+03,2.438871E-01,2.067319E+03,7.294947E+02,2.438871E-01,1.901759E+04,2.438871E-01,0.000000E+00,0.000000E+00,1.990782E+00,5.758642E+04,1.990782E+00,1.687495E+04,5.954661E+03,1.990782E+00,1.552353E+05,1.990782E+00,0.000000E+00,0.000000E+00,1.875871E-01,5.426242E+03,1.875871E-01,1.590089E+03,5.610947E+02,1.875871E-01,1.462748E+04,1.875871E-01,0.000000E+00,0.000000E+00,1.875871E-01,5.426242E+03,1.875871E-01,1.590089E+03,5.610947E+02,1.875871E-01,1.462748E+04,1.875871E-01,0.000000E+00,0.000000E+00
23:20:00,2.438871E-01,7.100555E+03,2.438871E-01,2.021572E+03,6.830436E+02,2.438871E-01,1.901759E+04,2.438871E-01,0.000000E+00,0.000000E+00,1.990782E+00,5.795984E+04,1.990782E+00,1.650153E+04,5.575493E+03,1.990782E+00,1.552353E+05,1.990782E+00,0.000000E+00,0.000000E+00,1.875871E-01,5.461429E+03,1.875871E-01,1.554903E+03,5.253665E+02,1.875871E-01,1.462748E+04,1.875871E-01,0.000000E+00,0.000000E+00,1.875871E-01,5.461429E+03,1.875871E-01,1.554903E+03,5.253665E+02,1.875871E-01,1.462748E+04,1.875871E-01,0.000000E+00,0.000000E+00
23:30:00,2.438871E-01,7.146302E+03,2.438871E-01,1.975826E+03,6.365966E+02,2.438871E-01,1.901759E+04,2.438871E-01,0.000000E+00,0.000000E+00,1.990782E+00,5.833326E+04,1.990782E+00,1.612811E+04,5.196360E+03,1.990782E+00,1.552353E+05,1.990782E+00,0.000000E+00,0.000000E+00,1.875871E-01,5.496615E+03,1.875871E-01,1.519717E+03,4.896416E+02,1.875871E-01,1.462748E+04,1.875871E-01,0.000000E+00,0.000000E+00,1.875871E-01,5.496615E+03,1.875871E-01,1.519717E+03,4.896416E+02,1.875871E-01,1.462748E+04,1.875871E-01,0.000000E+00,0.000000E+00
23:40:00,2.438871E-01,7.192048E+03,2.438871E-01,1.930079E+03,5.901460E+02,2.438871E-01,1.901759E+04,2.438871E-01,0.000000E+00,0.000000E+00,1.990782E+00,5.870668E+04,1.990782E+00,1.575469E+04,4.817197E+03,1.990782E+00,1.552353E+05,1.990782E+00,0.000000E+00,0.000000E+00,1.875871E-01,5.531802E+03,1.875871E-01,1.484530E+03,4.539139E+02,1.875871E-01,1.462748E+04,1.875871E-01,0.000000E+00,0.000000E+00,1.875871E-01,5.531802E+03,1.875871E-01,1.484530E+03,4.539139E+02,1.875871E-01,1.462748E+04,1.875871E-01,0.000000E+00,0.000000E+00
23:50:00,2.438871E-01,7.237795E+03,2.438871E-01,1.884332E+03,5.436994E+02,2.438871E-01,1.901759E+04,2.438871E-01,0.000000E+00,0.000000E+00,1.990782E+00,5.908009E+04,1.990782E+00,1.538127E+04,4.438066E+03,1.990782E+00,1.552353E+05,1.990782E+00,0.000000E+00,0.000000E+00,1.875871E-01,5.566988E+03,1.875871E-01,1.449344E+03,4.181893E+02,1.875871E-01,1.462748E+04,1.875871E-01,0.000000E+00,0.000000E+00,1.875871E-01,5.566988E+03,1.875871E-01,1.449344E+03,4.181893E+02,1.875871E-01,1.462748E+04,1.875871E-01,0.000000E+00,0.000000E+00
24:00:00,2.438871E-01,7.283542E+03,2.438871E-01,1.838585E+03,4.972530E+02,2.438871E-01,1.901759E+04,2.438871E-01,0.000000E+00,0.000000E+00,1.990782E+00,5.945351E+04,1.990782E+00,1.500786E+04,4.058937E+03,1.990782E+00,1.552353E+05,1.990782E+00,0.000000E+00,0.000000E+00,1.875871E-01,5.602174E+03,1.875871E-01,1.414157E+03,3.824647E+02,1.875871E-01,1.462748E+04,1.875871E-01,0.000000E+00,0.000000E+00,1.875871E-01,5.602174E+03,1.875871E-01,1.414157E+03,3.824647E+02,1.875871E-01,1.462748E+04,1.875871E-01,0.000000E+00,0.000000E+00
Coinc Peak   ,1.071225E+00,1.899819E+00,4.320783E+04,2.115269E+04,2.430721E+00,8.262560E+00,1.681049E+05,1.029107E+05,5.268088E-01,1.159649E+00,2.452518E+04,1.473965E+04,5.268294E-01,1.436139E+00,2.452578E+04,1.781907E+04
NonCoinc Peak,1.071225E+00,1.862431E+00,4.320783E+04,2.115269E+04,2.430721E+00,8.046956E+00,1.681049E+05,1.029107E+05,5.268088E-01,1.159649E+00,2.452518E+04,1.473965E+04,5.268294E-01,1.436139E+00,2.452578E+04,1.781907E+04
