Time,CORE_ZN ZN PSZ-AC-1:DesPer 1:Des Heat Mass Flow [kg/s],CORE_ZN ZN PSZ-AC-1:DesPer 1:Des Heat Cap [W],CORE_ZN ZN PSZ-AC-1:DesPer 1:Des Cool Mass Flow [kg/s],CORE_ZN ZN PSZ-AC-1:DesPer 1:Des Sens Cool Cap [W],CORE_ZN ZN PSZ-AC-1:DesPer 1:Des Tot Cool Cap [W],CORE_ZN ZN PSZ-AC-1:DesPer 2:Des Heat Mass Flow [kg/s],CORE_ZN ZN PSZ-AC-1:DesPer 2:Des Heat Cap [W],CORE_ZN ZN PSZ-AC-1:DesPer 2:Des Cool Mass Flow [kg/s],CORE_ZN ZN PSZ-AC-1:DesPer 2:Des Sens Cool Cap [W],CORE_ZN ZN PSZ-AC-1:DesPer 2:Des Tot Cool Cap [W],PERIMETER_ZN_1 ZN PSZ-AC-2:DesPer 1:Des Heat Mass Flow [kg/s],PERIMETER_ZN_1 ZN PSZ-AC-2:DesPer 1:Des Heat Cap [W],PERIMETER_ZN_1 ZN PSZ-AC-2:DesPer 1:Des Cool Mass Flow [kg/s],PERIMETER_ZN_1 ZN PSZ-AC-2:DesPer 1:Des Sens Cool Cap [W],PERIMETER_ZN_1 ZN PSZ-AC-2:DesPer 1:Des Tot Cool Cap [W],PERIMETER_ZN_1 ZN PSZ-AC-2:DesPer 2:Des Heat Mass Flow [kg/s],PERIMETER_ZN_1 ZN PSZ-AC-2:DesPer 2:Des Heat Cap [W],PERIMETER_ZN_1 ZN PSZ-AC-2:DesPer 2:Des Cool Mass Flow [kg/s],PERIMETER_ZN_1 ZN PSZ-AC-2:DesPer 2:Des Sens Cool Cap [W],PERIMETER_ZN_1 ZN PSZ-AC-2:DesPer 2:Des Tot Cool Cap [W],PERIMETER_ZN_2 ZN PSZ-AC-3:DesPer 1:Des Heat Mass Flow [kg/s],PERIMETER_ZN_2 ZN PSZ-AC-3:DesPer 1:Des Heat Cap [W],PERIMETER_ZN_2 ZN PSZ-AC-3:DesPer 1:Des Cool Mass Flow [kg/s],PERIMETER_ZN_2 ZN PSZ-AC-3:DesPer 1:Des Sens Cool Cap [W],PERIMETER_ZN_2 ZN PSZ-AC-3:DesPer 1:Des Tot Cool Cap [W],PERIMETER_ZN_2 ZN PSZ-AC-3:DesPer 2:Des Heat Mass Flow [kg/s],PERIMETER_ZN_2 ZN PSZ-AC-3:DesPer 2:Des Heat Cap [W],PERIMETER_ZN_2 ZN PSZ-AC-3:DesPer 2:Des Cool Mass Flow [kg/s],PERIMETER_ZN_2 ZN PSZ-AC-3:DesPer 2:Des Sens Cool Cap [W],PERIMETER_ZN_2 ZN PSZ-AC-3:DesPer 2:Des Tot Cool Cap [W],PERIMETER_ZN_3 ZN PSZ-AC-4:DesPer 1:Des Heat Mass Flow [kg/s],PERIMETER_ZN_3 ZN PSZ-AC-4:DesPer 1:Des Heat Cap [W],PERIMETER_ZN_3 ZN PSZ-AC-4:DesPer 1:Des Cool Mass Flow [kg/s],PERIMETER_ZN_3 ZN PSZ-AC-4:DesPer 1:Des Sens Cool Cap [W],PERIMETER_ZN_3 ZN PSZ-AC-4:DesPer 1:Des Tot Cool Cap [W],PERIMETER_ZN_3 ZN PSZ-AC-4:DesPer 2:Des Heat Mass Flow [kg/s],PERIMETER_ZN_3 ZN PSZ-AC-4:DesPer 2:Des Heat Cap [W],PERIMETER_ZN_3 ZN PSZ-AC-4:DesPer 2:Des Cool Mass Flow [kg/s],PERIMETER_ZN_3 ZN PSZ-AC-4:DesPer 2:Des Sens Cool Cap [W],PERIMETER_ZN_3 ZN PSZ-AC-4:DesPer 2:Des Tot Cool Cap [W],PERIMETER_ZN_4 ZN PSZ-AC-5:DesPer 1:Des Heat Mass Flow [kg/s],PERIMETER_ZN_4 ZN PSZ-AC-5:DesPer 1:Des Heat Cap [W],PERIMETER_ZN_4 ZN PSZ-AC-5:DesPer 1:Des Cool Mass Flow [kg/s],PERIMETER_ZN_4 ZN PSZ-AC-5:DesPer 1:Des Sens Cool Cap [W],PERIMETER_ZN_4 ZN PSZ-AC-5:DesPer 1:Des Tot Cool Cap [W],PERIMETER_ZN_4 ZN PSZ-AC-5:DesPer 2:Des Heat Mass Flow [kg/s],PERIMETER_ZN_4 ZN PSZ-AC-5:DesPer 2:Des Heat Cap [W],PERIMETER_ZN_4 ZN PSZ-AC-5:DesPer 2:Des Cool Mass Flow [kg/s],PERIMETER_ZN_4 ZN PSZ-AC-5:DesPer 2:Des Sens Cool Cap [W],PERIMETER_ZN_4 ZN PSZ-AC-5:DesPer 2:Des Tot Cool Cap [W]
00:10:00,6.805607E-02,2.043396E+03,3.287556E-01,3.412759E+03,3.510752E+03,6.805607E-02,5.306810E+03,6.805607E-02,0.000000E+00,0.000000E+00,5.159091E-02,1.549026E+03,2.340063E-01,2.417339E+03,2.396426E+03,1.540663E-01,6.997963E+03,5.159091E-02,0.000000E+00,0.000000E+00,3.060439E-02,9.189022E+02,1.423842E-01,1.473848E+03,1.457459E+03,9.410010E-02,4.229850E+03,3.060439E-02,0.000000E+00,0.000000E+00,5.159091E-02,1.549026E+03,2.169900E-01,2.227349E+03,2.193220E+03,1.542062E-01,7.002031E+03,5.159091E-02,0.000000E+00,0.000000E+00,3.060439E-02,9.189022E+02,1.611362E-01,1.683223E+03,1.675434E+03,9.478520E-02,4.249740E+03,3.060439E-02,0.000000E+00,0.000000E+00
00:20:00,6.805607E-02,2.054337E+03,3.281891E-01,3.395492E+03,3.492975E+03,6.805607E-02,5.306810E+03,6.805607E-02,0.000000E+00,0.000000E+00,5.159091E-02,1.557321E+03,2.321938E-01,2.388807E+03,2.366723E+03,1.540542E-01,6.997609E+03,5.159091E-02,0.000000E+00,0.000000E+00,3.060439E-02,9.238227E+02,1.411999E-01,1.455705E+03,1.438585E+03,9.409354E-02,4.229659E+03,3.060439E-02,0.000000E+00,0.000000E+00,5.159091E-02,1.557321E+03,2.152741E-01,2.199896E+03,2.164575E+03,1.541940E-01,7.001677E+03,5.159091E-02,0.000000E+00,0.000000E+00,3.060439E-02,9.238227E+02,1.594054E-01,1.658977E+03,1.650306E+03,9.477865E-02,4.249549E+03,3.060439E-02,0.000000E+00,0.000000E+00
00:30:00,6.805607E-02,2.065279E+03,3.276323E-01,3.378334E+03,3.475310E+03,6.805607E-02,5.306810E+03,6.805607E-02,0.000000E+00,0.000000E+00,5.159091E-02,1.565615E+03,2.304167E-01,2.360671E+03,2.337422E+03,1.540421E-01,6.997258E+03,5.159091E-02,0.000000E+00,0.000000E+00,3.060439E-02,9.287432E+02,1.400380E-01,1.437811E+03,1.419964E+03,9.408703E-02,4.229470E+03,3.060439E-02,0.000000E+00,0.000000E+00,5.159091E-02,1.565615E+03,2.135995E-01,2.172904E+03,2.136402E+03,1.541819E-01,7.001325E+03,5.159091E-02,0.000000E+00,0.000000E+00,3.060439E-02,9.287432E+02,1.577342E-01,1.635396E+03,1.625859E+03,9.477215E-02,4.249361E+03,3.060439E-02,0.000000E+00,0.000000E+00
00:40:00,6.805607E-02,2.076221E+03,3.270844E-01,3.361274E+03,3.457747E+03,6.805607E-02,5.306810E+03,6.805607E-02,0.000000E+00,0.000000E+00,5.159091E-02,1.573910E+03,2.286736E-01,2.332914E+03,2.308509E+03,1.540301E-01,6.996909E+03,5.159091E-02,0.000000E+00,0.000000E+00,3.060439E-02,9.336637E+02,1.388976E-01,1.420157E+03,1.401589E+03,9.408056E-02,4.229282E+03,3.060439E-02,0.000000E+00,0.000000E+00,5.159091E-02,1.573910E+03,2.119640E-01,2.146349E+03,2.108678E+03,1.541699E-01,7.000976E+03,5.159091E-02,0.000000E+00,0.000000E+00,3.060439E-02,9.336637E+02,1.561179E-01,1.612429E+03,1.602041E+03,9.476570E-02,4.249173E+03,3.060439E-02,0.000000E+00,0.000000E+00
00:50:00,6.805607E-02,2.087163E+03,3.265445E-01,3.344304E+03,3.440273E+03,6.805607E-02,5.306810E+03,6.805607E-02,0.000000E+00,0.000000E+00,5.159091E-02,1.582205E+03,2.269633E-01,2.305523E+03,2.279974E+03,1.540181E-01,6.996563E+03,5.159091E-02,0.000000E+00,0.000000E+00,3.060439E-02,9.385842E+02,1.377781E-01,1.402737E+03,1.383454E+03,9.407414E-02,4.229096E+03,3.060439E-02,0.000000E+00,0.000000E+00,5.159091E-02,1.582205E+03,2.103658E-01,2.120210E+03,2.081385E+03,1.541580E-01,7.000630E+03,5.159091E-02,0.000000E+00,0.000000E+00,3.060439E-02,9.385842E+02,1.545524E-01,1.590030E+03,1.578806E+03,9.475929E-02,4.248987E+03,3.060439E-02,0.000000E+00,0.000000E+00
01:00:00,6.805607E-02,2.098105E+03,3.260118E-01,3.327414E+03,3.422882E+03,6.805607E-02,5.306810E+03,6.805607E-02,0.000000E+00,0.000000E+00,5.159091E-02,1.590499E+03,2.252848E-01,2.278487E+03,2.251807E+03,1.540063E-01,6.996220E+03,5.159091E-02,0.000000E+00,0.000000E+00,3.060439E-02,9.435047E+02,1.366788E-01,1.385543E+03,1.365554E+03,9.406777E-02,4.228911E+03,3.060439E-02,0.000000E+00,0.000000E+00,5.159091E-02,1.590499E+03,2.088033E-01,2.094469E+03,2.054506E+03,1.541461E-01,7.000286E+03,5.159091E-02,0.000000E+00,0.000000E+00,3.060439E-02,9.435047E+02,1.530343E-01,1.568159E+03,1.556116E+03,9.475293E-02,4.248803E+03,3.060439E-02,0.000000E+00,0.000000E+00
01:10:00,6.805607E-02,2.105399E+03,3.255031E-01,3.314440E+03,3.409511E+03,6.805607E-02,5.306810E+03,6.805607E-02,0.000000E+00,0.000000E+00,5.159091E-02,1.596029E+03,2.236583E-01,2.254797E+03,2.227087E+03,1.540074E-01,6.996251E+03,5.159091E-02,0.000000E+00,0.000000E+00,3.060439E-02,9.467850E+02,1.356110E-01,1.370341E+03,1.349702E+03,9.406837E-02,4.228929E+03,3.060439E-02,0.000000E+00,0.000000E+00,5.159091E-02,1.596029E+03,2.072970E-01,2.072121E+03,2.031126E+03,1.541472E-01,7.000317E+03,5.159091E-02,0.000000E+00,0.000000E+00,3.060439E-02,9.467850E+02,1.515727E-01,1.548559E+03,1.535761E+03,9.475354E-02,4.248820E+03,3.060439E-02,0.000000E+00,0.000000E+00
01:20:00,6.805607E-02,2.112694E+03,3.250004E-01,3.301533E+03,3.396208E+03,6.805607E-02,5.306810E+03,6.805607E-02,0.000000E+00,0.000000E+00,5.159091E-02,1.601559E+03,2.220743E-01,2.231581E+03,2.202858E+03,1.540084E-01,6.996282E+03,5.159091E-02,0.000000E+00,0.000000E+00,3.060439E-02,9.500654E+02,1.345700E-01,1.355437E+03,1.334158E+03,9.406897E-02,4.228946E+03,3.060439E-02,0.000000E+00,0.000000E+00,5.159091E-02,1.601559E+03,2.058362E-01,2.050280E+03,2.008274E+03,1.541483E-01,7.000348E+03,5.159091E-02,0.000000E+00,0.000000E+00,3.060439E-02,9.500654E+02,1.501601E-01,1.529507E+03,1.515968E+03,9.475413E-02,4.248838E+03,3.060439E-02,0.000000E+00,0.000000E+00
01:30:00,6.805607E-02,2.119989E+03,3.245035E-01,3.288690E+03,3.382972E+03,6.805607E-02,5.306810E+03,6.805607E-02,0.000000E+00,0.000000E+00,5.159091E-02,1.607089E+03,2.205324E-01,2.208836E+03,2.179112E+03,1.540095E-01,6.996312E+03,5.159091E-02,0.000000E+00,0.000000E+00,3.060439E-02,9.533457E+02,1.335556E-01,1.340831E+03,1.318919E+03,9.406956E-02,4.228963E+03,3.060439E-02,0.000000E+00,0.000000E+00,5.159091E-02,1.607089E+03,2.044200E-01,2.028939E+03,1.985938E+03,1.541493E-01,7.000379E+03,5.159091E-02,0.000000E+00,0.000000E+00,3.060439E-02,9.533457E+02,1.487942E-01,1.510975E+03,1.496709E+03,9.475472E-02,4.248855E+03,3.060439E-02,0.000000E+00,0.000000E+00
01:40:00,6.805607E-02,2.127283E+03,3.240120E-01,3.275908E+03,3.369797E+03,6.805607E-02,5.306810E+03,6.805607E-02,0.000000E+00,0.000000E+00,5.159091E-02,1.612618E+03,2.190326E-01,2.186560E+03,2.155850E+03,1.540105E-01,6.996342E+03,5.159091E-02,0.000000E+00,0.000000E+00,3.060439E-02,9.566260E+02,1.325677E-01,1.326520E+03,1.303985E+03,9.407014E-02,4.228980E+03,3.060439E-02,0.000000E+00,0.000000E+00,5.159091E-02,1.612618E+03,2.030480E-01,2.008090E+03,1.964114E+03,1.541504E-01,7.000409E+03,5.159091E-02,0.000000E+00,0.000000E+00,3.060439E-02,9.566260E+02,1.474731E-01,1.492944E+03,1.477964E+03,9.475530E-02,4.248872E+03,3.060439E-02,0.000000E+00,0.000000E+00
01:50:00,6.805607E-02,2.134578E+03,3.235258E-01,3.263186E+03,3.356683E+03,6.805607E-02,5.306810E+03,6.805607E-02,0.000000E+00,0.000000E+00,5.159091E-02,1.618148E+03,2.175747E-01,2.164752E+03,2.133080E+03,1.540115E-01,6.996371E+03,5.159091E-02,0.000000E+00,0.000000E+00,3.060439E-02,9.599063E+02,1.316062E-01,1.312504E+03,1.289361E+03,9.407071E-02,4.228997E+03,3.060439E-02,0.000000E+00,0.000000E+00,5.159091E-02,1.618148E+03,2.017197E-01,1.987730E+03,1.942803E+03,1.541514E-01,7.000439E+03,5.159091E-02,0.000000E+00,0.000000E+00,3.060439E-02,9.599063E+02,1.461952E-01,1.475396E+03,1.459719E+03,9.475587E-02,4.248888E+03,3.060439E-02,0.000000E+00,0.000000E+00
02:00:00,6.805607E-02,2.141872E+03,3.230448E-01,3.250520E+03,3.343629E+03,6.805607E-02,5.306810E+03,6.805607E-02,0.000000E+00,0.000000E+00,5.159091E-02,1.623678E+03,2.161587E-01,2.143413E+03,2.110808E+03,1.540125E-01,6.996400E+03,5.159091E-02,0.000000E+00,0.000000E+00,3.060439E-02,9.631867E+02,1.306712E-01,1.298784E+03,1.275049E+03,9.407128E-02,4.229013E+03,3.060439E-02,0.000000E+00,0.000000E+00,5.159091E-02,1.623678E+03,2.004347E-01,1.967852E+03,1.922008E+03,1.541524E-01,7.000468E+03,5.159091E-02,0.000000E+00,0.000000E+00,3.060439E-02,9.631867E+02,1.449590E-01,1.458313E+03,1.441961E+03,9.475644E-02,4.248905E+03,3.060439E-02,0.000000E+00,0.000000E+00
02:10:00,6.805607E-02,2.147343E+03,3.225688E-01,3.239735E+03,3.332492E+03,6.805607E-02,5.306810E+03,6.805607E-02,0.000000E+00,0.000000E+00,5.159091E-02,1.627825E+03,2.147724E-01,2.123788E+03,2.090292E+03,1.540135E-01,6.996429E+03,5.159091E-02,0.000000E+00,0.000000E+00,3.060439E-02,9.656469E+02,1.297553E-01,1.286098E+03,1.261795E+03,9.407184E-02,4.229029E+03,3.060439E-02,0.000000E+00,0.000000E+00,5.159091E-02,1.627825E+03,1.991807E-01,1.949704E+03,1.902986E+03,1.541534E-01,7.000497E+03,5.159091E-02,0.000000E+00,0.000000E+00,3.060439E-02,9.656469E+02,1.437559E-01,1.442420E+03,1.425421E+03,9.475700E-02,4.248921E+03,3.060439E-02,0.000000E+00,0.000000E+00
02:20:00,6.805607E-02,2.152814E+03,3.220977E-01,3.229004E+03,3.321411E+03,6.805607E-02,5.306810E+03,6.805607E-02,0.000000E+00,0.000000E+00,5.159091E-02,1.631973E+03,2.134161E-01,2.104496E+03,2.070118E+03,1.540145E-01,6.996458E+03,5.159091E-02,0.000000E+00,0.000000E+00,3.060439E-02,9.681072E+02,1.288586E-01,1.273625E+03,1.248760E+03,9.407240E-02,4.229046E+03,3.060439E-02,0.000000E+00,0.000000E+00,5.159091E-02,1.631973E+03,1.979572E-01,1.931896E+03,1.884314E+03,1.541544E-01,7.000526E+03,5.159091E-02,0.000000E+00,0.000000E+00,3.060439E-02,9.681072E+02,1.425847E-01,1.426883E+03,1.409247E+03,9.475756E-02,4.248937E+03,3.060439E-02,0.000000E+00,0.000000E+00
02:30:00,6.805607E-02,2.158285E+03,3.216313E-01,3.218326E+03,3.310385E+03,6.805607E-02,5.306810E+03,6.805607E-02,0.000000E+00,0.000000E+00,5.159091E-02,1.636120E+03,2.120893E-01,2.085535E+03,2.050282E+03,1.540155E-01,6.996486E+03,5.159091E-02,0.000000E+00,0.000000E+00,3.060439E-02,9.705674E+02,1.279808E-01,1.261364E+03,1.235942E+03,9.407295E-02,4.229061E+03,3.060439E-02,0.000000E+00,0.000000E+00,5.159091E-02,1.636120E+03,1.967636E-01,1.914421E+03,1.865985E+03,1.541554E-01,7.000554E+03,5.159091E-02,0.000000E+00,0.000000E+00,3.060439E-02,9.705674E+02,1.414442E-01,1.411689E+03,1.393423E+03,9.475811E-02,4.248953E+03,3.060439E-02,0.000000E+00,0.000000E+00
02:40:00,6.805607E-02,2.163756E+03,3.211696E-01,3.207700E+03,3.299412E+03,6.805607E-02,5.306810E+03,6.805607E-02,0.000000E+00,0.000000E+00,5.159091E-02,1.640267E+03,2.107918E-01,2.066901E+03,2.030783E+03,1.540164E-01,6.996514E+03,5.159091E-02,0.000000E+00,0.000000E+00,3.060439E-02,9.730277E+02,1.271219E-01,1.249314E+03,1.223340E+03,9.407349E-02,4.229077E+03,3.060439E-02,0.000000E+00,0.000000E+00,5.159091E-02,1.640267E+03,1.955992E-01,1.897274E+03,1.847993E+03,1.541564E-01,7.000582E+03,5.159091E-02,0.000000E+00,0.000000E+00,3.060439E-02,9.730277E+02,1.403334E-01,1.396825E+03,1.377938E+03,9.475865E-02,4.248969E+03,3.060439E-02,0.000000E+00,0.000000E+00
02:50:00,6.805607E-02,2.169227E+03,3.207123E-01,3.197123E+03,3.288493E+03,6.805607E-02,5.306810E+03,6.805607E-02,0.000000E+00,0.000000E+00,5.159091E-02,1.644415E+03,2.095234E-01,2.048591E+03,2.011622E+03,1.540174E-01,6.996542E+03,5.159091E-02,0.000000E+00,0.000000E+00,3.060439E-02,9.754879E+02,1.262817E-01,1.237473E+03,1.210956E+03,9.407403E-02,4.229093E+03,3.060439E-02,0.000000E+00,0.000000E+00,5.159091E-02,1.644415E+03,1.944638E-01,1.880449E+03,1.830340E+03,1.541573E-01,7.000610E+03,5.159091E-02,0.000000E+00,0.000000E+00,3.060439E-02,9.754879E+02,1.392512E-01,1.382282E+03,1.362784E+03,9.475919E-02,4.248984E+03,3.060439E-02,0.000000E+00,0.000000E+00
03:00:00,6.805607E-02,2.174698E+03,3.202594E-01,3.186596E+03,3.277622E+03,6.805607E-02,5.306810E+03,6.805607E-02,0.000000E+00,0.000000E+00,5.159091E-02,1.648562E+03,2.082838E-01,2.030604E+03,1.992799E+03,1.540183E-01,6.996569E+03,5.159091E-02,0.000000E+00,0.000000E+00,3.060439E-02,9.779482E+02,1.254601E-01,1.225839E+03,1.198789E+03,9.407456E-02,4.229108E+03,3.060439E-02,0.000000E+00,0.000000E+00,5.159091E-02,1.648562E+03,1.933568E-01,1.863942E+03,1.813022E+03,1.541583E-01,7.000638E+03,5.159091E-02,0.000000E+00,0.000000E+00,3.060439E-02,9.779482E+02,1.381966E-01,1.368047E+03,1.347951E+03,9.475972E-02,4.249000E+03,3.060439E-02,0.000000E+00,0.000000E+00
03:10:00,6.805607E-02,2.180169E+03,3.198109E-01,3.176117E+03,3.266801E+03,6.805607E-02,5.306810E+03,6.805607E-02,0.000000E+00,0.000000E+00,5.159091E-02,1.652709E+03,2.070602E-01,2.012795E+03,1.974155E+03,1.540193E-01,6.996596E+03,5.159091E-02,0.000000E+00,0.000000E+00,3.060439E-02,9.804084E+02,1.246494E-01,1.214327E+03,1.186743E+03,9.407509E-02,4.229124E+03,3.060439E-02,0.000000E+00,0.000000E+00,5.159091E-02,1.652709E+03,1.922657E-01,1.847612E+03,1.795881E+03,1.541592E-01,7.000665E+03,5.159091E-02,0.000000E+00,0.000000E+00,3.060439E-02,9.804084E+02,1.371614E-01,1.354028E+03,1.333336E+03,9.476024E-02,4.249015E+03,3.060439E-02,0.000000E+00,0.000000E+00
03:20:00,6.805607E-02,2.185640E+03,3.193664E-01,3.165683E+03,3.256028E+03,6.805607E-02,5.306810E+03,6.805607E-02,0.000000E+00,0.000000E+00,5.159091E-02,1.656857E+03,2.058526E-01,1.995163E+03,1.955689E+03,1.540202E-01,6.996623E+03,5.159091E-02,0.000000E+00,0.000000E+00,3.060439E-02,9.828686E+02,1.238495E-01,1.202935E+03,1.174820E+03,9.407561E-02,4.229139E+03,3.060439E-02,0.000000E+00,0.000000E+00,5.159091E-02,1.656857E+03,1.911900E-01,1.831454E+03,1.778913E+03,1.541601E-01,7.000692E+03,5.159091E-02,0.000000E+00,0.000000E+00,3.060439E-02,9.828686E+02,1.361448E-01,1.340217E+03,1.318932E+03,9.476076E-02,4.249030E+03,3.060439E-02,0.000000E+00,0.000000E+00
03:30:00,6.805607E-02,2.191111E+03,3.189258E-01,3.155294E+03,3.245300E+03,6.805607E-02,5.306810E+03,6.805607E-02,0.000000E+00,0.000000E+00,5.159091E-02,1.661004E+03,2.046602E-01,1.977703E+03,1.937397E+03,1.540211E-01,6.996650E+03,5.159091E-02,0.000000E+00,0.000000E+00,3.060439E-02,9.853289E+02,1.230600E-01,1.191661E+03,1.163014E+03,9.407613E-02,4.229154E+03,3.060439E-02,0.000000E+00,0.000000E+00,5.159091E-02,1.661004E+03,1.901289E-01,1.815459E+03,1.762110E+03,1.541611E-01,7.000719E+03,5.159091E-02,0.000000E+00,0.000000E+00,3.060439E-02,9.853289E+02,1.351459E-01,1.326604E+03,1.304730E+03,9.476128E-02,4.249045E+03,3.060439E-02,0.000000E+00,0.000000E+00
03:40:00,6.805607E-02,2.196582E+03,3.184891E-01,3.144946E+03,3.234616E+03,6.805607E-02,5.306810E+03,6.805607E-02,0.000000E+00,0.000000E+00,5.159091E-02,1.665151E+03,2.034826E-01,1.960408E+03,1.919270E+03,1.540220E-01,6.996676E+03,5.159091E-02,0.000000E+00,0.000000E+00,3.060439E-02,9.877891E+02,1.222807E-01,1.180499E+03,1.151323E+03,9.407664E-02,4.229169E+03,3.060439E-02,0.000000E+00,0.000000E+00,5.159091E-02,1.665151E+03,1.890818E-01,1.799620E+03,1.745464E+03,1.541620E-01,7.000746E+03,5.159091E-02,0.000000E+00,0.000000E+00,3.060439E-02,9.877891E+02,1.341639E-01,1.313179E+03,1.290720E+03,9.476179E-02,4.249060E+03,3.060439E-02,0.000000E+00,0.000000E+00
03:50:00,6.805607E-02,2.202053E+03,3.180558E-01,3.134638E+03,3.223972E+03,6.805607E-02,5.306810E+03,6.805607E-02,0.000000E+00,0.000000E+00,5.159091E-02,1.669299E+03,2.023191E-01,1.943270E+03,1.901303E+03,1.540229E-01,6.996702E+03,5.159091E-02,0.000000E+00,0.000000E+00,3.060439E-02,9.902494E+02,1.215111E-01,1.169446E+03,1.139742E+03,9.407714E-02,4.229183E+03,3.060439E-02,0.000000E+00,0.000000E+00,5.159091E-02,1.669299E+03,1.880479E-01,1.783930E+03,1.728969E+03,1.541629E-01,7.000772E+03,5.159091E-02,0.000000E+00,0.000000E+00,3.060439E-02,9.902494E+02,1.331980E-01,1.299934E+03,1.276893E+03,9.476229E-02,4.249075E+03,3.060439E-02,0.000000E+00,0.000000E+00
04:00:00,6.805607E-02,2.207524E+03,3.176260E-01,3.124368E+03,3.213368E+03,6.805607E-02,5.306810E+03,6.805607E-02,0.000000E+00,0.000000E+00,5.159091E-02,1.673446E+03,2.011692E-01,1.926283E+03,1.883490E+03,1.540238E-01,6.996728E+03,5.159091E-02,0.000000E+00,0.000000E+00,3.060439E-02,9.927096E+02,1.207510E-01,1.158498E+03,1.128268E+03,9.407765E-02,4.229198E+03,3.060439E-02,0.000000E+00,0.000000E+00,5.159091E-02,1.673446E+03,1.870267E-01,1.768381E+03,1.712618E+03,1.541638E-01,7.000798E+03,5.159091E-02,0.000000E+00,0.000000E+00,3.060439E-02,9.927096E+02,1.322474E-01,1.286860E+03,1.263240E+03,9.476279E-02,4.249089E+03,3.060439E-02,0.000000E+00,0.000000E+00
04:10:00,6.805607E-02,2.211171E+03,3.171995E-01,3.115958E+03,3.204660E+03,6.805607E-02,5.306810E+03,6.805607E-02,0.000000E+00,0.000000E+00,5.159091E-02,1.676211E+03,2.000449E-01,1.910965E+03,1.867394E+03,1.540247E-01,6.996754E+03,5.159091E-02,0.000000E+00,0.000000E+00,3.060439E-02,9.943498E+02,1.200074E-01,1.148556E+03,1.117828E+03,9.407814E-02,4.229212E+03,3.060439E-02,0.000000E+00,0.000000E+00,5.159091E-02,1.676211E+03,1.860300E-01,1.754487E+03,1.697971E+03,1.541647E-01,7.000824E+03,5.159091E-02,0.000000E+00,0.000000E+00,3.060439E-02,9.943498E+02,1.313192E-01,1.274856E+03,1.250687E+03,9.476329E-02,4.249103E+03,3.060439E-02,0.000000E+00,0.000000E+00
04:20:00,6.805607E-02,2.214818E+03,3.167761E-01,3.107584E+03,3.195990E+03,6.805607E-02,5.306810E+03,6.805607E-02,0.000000E+00,0.000000E+00,5.159091E-02,1.678976E+03,1.989456E-01,1.895926E+03,1.851590E+03,1.540256E-01,6.996779E+03,5.159091E-02,0.000000E+00,0.000000E+00,3.060439E-02,9.959900E+02,1.192801E-01,1.138795E+03,1.107577E+03,9.407863E-02,4.229226E+03,3.060439E-02,0.000000E+00,0.000000E+00,5.159091E-02,1.678976E+03,1.850574E-01,1.740863E+03,1.683609E+03,1.541656E-01,7.000850E+03,5.159091E-02,0.000000E+00,0.000000E+00,3.060439E-02,9.959900E+02,1.304126E-01,1.263093E+03,1.238384E+03,9.476378E-02,4.249118E+03,3.060439E-02,0.000000E+00,0.000000E+00
04:30:00,6.805607E-02,2.218466E+03,3.163558E-01,3.099245E+03,3.187355E+03,6.805607E-02,5.306810E+03,6.805607E-02,0.000000E+00,0.000000E+00,5.159091E-02,1.681741E+03,1.978711E-01,1.881164E+03,1.836073E+03,1.540265E-01,6.996804E+03,5.159091E-02,0.000000E+00,0.000000E+00,3.060439E-02,9.976301E+02,1.185688E-01,1.129214E+03,1.097512E+03,9.407912E-02,4.229241E+03,3.060439E-02,0.000000E+00,0.000000E+00,5.159091E-02,1.681741E+03,1.841088E-01,1.727506E+03,1.669526E+03,1.541664E-01,7.000875E+03,5.159091E-02,0.000000E+00,0.000000E+00,3.060439E-02,9.976301E+02,1.295271E-01,1.251567E+03,1.226324E+03,9.476427E-02,4.249132E+03,3.060439E-02,0.000000E+00,0.000000E+00
04:40:00,6.805607E-02,2.222113E+03,3.159388E-01,3.090941E+03,3.178756E+03,6.805607E-02,5.306810E+03,6.805607E-02,0.000000E+00,0.000000E+00,5.159091E-02,1.684505E+03,1.968212E-01,1.866677E+03,1.820842E+03,1.540273E-01,6.996829E+03,5.159091E-02,0.000000E+00,0.000000E+00,3.060439E-02,9.992703E+02,1.178736E-01,1.119811E+03,1.087633E+03,9.407960E-02,4.229255E+03,3.060439E-02,0.000000E+00,0.000000E+00,5.159091E-02,1.684505E+03,1.831841E-01,1.714416E+03,1.655722E+03,1.541673E-01,7.000900E+03,5.159091E-02,0.000000E+00,0.000000E+00,3.060439E-02,9.992703E+02,1.286625E-01,1.240273E+03,1.214503E+03,9.476475E-02,4.249146E+03,3.060439E-02,0.000000E+00,0.000000E+00
04:50:00,6.805607E-02,2.225760E+03,3.155248E-01,3.082672E+03,3.170195E+03,6.805607E-02,5.306810E+03,6.805607E-02,0.000000E+00,0.000000E+00,5.159091E-02,1.687270E+03,1.957959E-01,1.852464E+03,1.805902E+03,1.540282E-01,6.996854E+03,5.159091E-02,0.000000E+00,0.000000E+00,3.060439E-02,1.000910E+03,1.171943E-01,1.110586E+03,1.077940E+03,9.408008E-02,4.229268E+03,3.060439E-02,0.000000E+00,0.000000E+00,5.159091E-02,1.687270E+03,1.822831E-01,1.701592E+03,1.642201E+03,1.541682E-01,7.000925E+03,5.159091E-02,0.000000E+00,0.000000E+00,3.060439E-02,1.000910E+03,1.278185E-01,1.229209E+03,1.202923E+03,9.476522E-02,4.249160E+03,3.060439E-02,0.000000E+00,0.000000E+00
05:00:00,6.805607E-02,2.229407E+03,3.151205E-01,3.074510E+03,3.161754E+03,6.805607E-02,5.306810E+03,6.805607E-02,0.000000E+00,0.000000E+00,5.159091E-02,1.690035E+03,1.949516E-01,1.840272E+03,1.793262E+03,1.540290E-01,6.996879E+03,5.159091E-02,0.000000E+00,0.000000E+00,3.060439E-02,1.002551E+03,1.170273E-01,1.107081E+03,1.074772E+03,9.408055E-02,4.229282E+03,3.060439E-02,0.000000E+00,0.000000E+00,5.159091E-02,1.690035E+03,1.819608E-01,1.695228E+03,1.636129E+03,1.541690E-01,7.000950E+03,5.159091E-02,0.000000E+00,0.000000E+00,3.060439E-02,1.002551E+03,1.270801E-01,1.219324E+03,1.192660E+03,9.476570E-02,4.249173E+03,3.060439E-02,0.000000E+00,0.000000E+00
05:10:00,6.805607E-02,2.225760E+03,3.147526E-01,3.074050E+03,3.161212E+03,6.805607E-02,5.306810E+03,6.805607E-02,0.000000E+00,0.000000E+00,5.159091E-02,1.687270E+03,1.943287E-01,1.836082E+03,1.788949E+03,1.540298E-01,6.996903E+03,5.159091E-02,0.000000E+00,0.000000E+00,3.060439E-02,1.000910E+03,1.177223E-01,1.116481E+03,1.085533E+03,9.408102E-02,4.229296E+03,3.060439E-02,0.000000E+00,0.000000E+00,5.159091E-02,1.687270E+03,1.825423E-01,1.704486E+03,1.646897E+03,1.541698E-01,7.000974E+03,5.159091E-02,0.000000E+00,0.000000E+00,3.060439E-02,1.000910E+03,1.264738E-01,1.214195E+03,1.187326E+03,9.476616E-02,4.249187E+03,3.060439E-02,0.000000E+00,0.000000E+00
05:20:00,6.805607E-02,2.222113E+03,3.144653E-01,3.074489E+03,3.161673E+03,6.805607E-02,5.306810E+03,6.805607E-02,0.000000E+00,0.000000E+00,5.159091E-02,1.684505E+03,1.939564E-01,1.834690E+03,1.787613E+03,1.540307E-01,6.996927E+03,5.159091E-02,0.000000E+00,0.000000E+00,3.060439E-02,9.992703E+02,1.196251E-01,1.139365E+03,1.110825E+03,9.408148E-02,4.229309E+03,3.060439E-02,0.000000E+00,0.000000E+00,5.159091E-02,1.684505E+03,1.840692E-01,1.724298E+03,1.668938E+03,1.541707E-01,7.000998E+03,5.159091E-02,0.000000E+00,0.000000E+00,3.060439E-02,9.992703E+02,1.260172E-01,1.210737E+03,1.183749E+03,9.476663E-02,4.249200E+03,3.060439E-02,0.000000E+00,0.000000E+00
05:30:00,6.805607E-02,2.218466E+03,3.143088E-01,3.076390E+03,3.163728E+03,6.805607E-02,5.306810E+03,6.805607E-02,0.000000E+00,0.000000E+00,5.159091E-02,1.681741E+03,1.939054E-01,1.836885E+03,1.790143E+03,1.540315E-01,6.996951E+03,5.159091E-02,0.000000E+00,0.000000E+00,3.060439E-02,9.976301E+02,1.233525E-01,1.182621E+03,1.158079E+03,9.408194E-02,4.229323E+03,3.060439E-02,0.000000E+00,0.000000E+00,5.159091E-02,1.681741E+03,1.868207E-01,1.757781E+03,1.705720E+03,1.541715E-01,7.001022E+03,5.159091E-02,0.000000E+00,0.000000E+00,3.060439E-02,9.976301E+02,1.257493E-01,1.209386E+03,1.182417E+03,9.476708E-02,4.249214E+03,3.060439E-02,0.000000E+00,0.000000E+00
05:40:00,6.805607E-02,2.214818E+03,3.143250E-01,3.080217E+03,3.167845E+03,6.805607E-02,5.306810E+03,6.805607E-02,0.000000E+00,0.000000E+00,5.159091E-02,1.678976E+03,1.942055E-01,1.843000E+03,1.796898E+03,1.540323E-01,6.996974E+03,5.159091E-02,0.000000E+00,0.000000E+00,3.060439E-02,9.959900E+02,1.287604E-01,1.244639E+03,1.224785E+03,9.408240E-02,4.229336E+03,3.060439E-02,0.000000E+00,0.000000E+00,5.159091E-02,1.678976E+03,1.905647E-01,1.802347E+03,1.754100E+03,1.541723E-01,7.001046E+03,5.159091E-02,0.000000E+00,0.000000E+00,3.060439E-02,9.959900E+02,1.256859E-01,1.210317E+03,1.183515E+03,9.476754E-02,4.249227E+03,3.060439E-02,0.000000E+00,0.000000E+00
05:50:00,6.805607E-02,2.211171E+03,3.145344E-01,3.086202E+03,3.174240E+03,6.805607E-02,5.306810E+03,6.805607E-02,0.000000E+00,0.000000E+00,5.159091E-02,1.676211E+03,1.948881E-01,1.853385E+03,1.808284E+03,1.540331E-01,6.996998E+03,5.159091E-02,0.000000E+00,0.000000E+00,3.060439E-02,9.943498E+02,1.359087E-01,1.326089E+03,1.311581E+03,9.408285E-02,4.229349E+03,3.060439E-02,0.000000E+00,0.000000E+00,5.159091E-02,1.676211E+03,1.951224E-01,1.855996E+03,1.812006E+03,1.541731E-01,7.001070E+03,5.159091E-02,0.000000E+00,0.000000E+00,3.060439E-02,9.943498E+02,1.258401E-01,1.213679E+03,1.187219E+03,9.476799E-02,4.249240E+03,3.060439E-02,0.000000E+00,0.000000E+00
06:00:00,6.805607E-02,2.207524E+03,3.149385E-01,3.094360E+03,3.182926E+03,6.805607E-02,5.306810E+03,6.805607E-02,0.000000E+00,0.000000E+00,5.159091E-02,1.673446E+03,1.958211E-01,1.866567E+03,1.822617E+03,1.540339E-01,6.997021E+03,5.159091E-02,0.000000E+00,0.000000E+00,3.060439E-02,9.927096E+02,1.443603E-01,1.422088E+03,1.413021E+03,9.408330E-02,4.229362E+03,3.060439E-02,0.000000E+00,0.000000E+00,5.159091E-02,1.673446E+03,1.998100E-01,1.911097E+03,1.871054E+03,1.541739E-01,7.001093E+03,5.159091E-02,0.000000E+00,0.000000E+00,3.060439E-02,9.927096E+02,1.261295E-01,1.218549E+03,1.192497E+03,9.476844E-02,4.249253E+03,3.060439E-02,0.000000E+00,0.000000E+00
06:10:00,6.805607E-02,2.194758E+03,3.155149E-01,3.113560E+03,3.202940E+03,6.805607E-02,5.306810E+03,6.805607E-02,0.000000E+00,0.000000E+00,5.159091E-02,1.663769E+03,1.970876E-01,1.890384E+03,1.848026E+03,1.540347E-01,6.997044E+03,5.159091E-02,0.000000E+00,0.000000E+00,3.060439E-02,9.869691E+02,1.539146E-01,1.534499E+03,1.530911E+03,9.408374E-02,4.229375E+03,3.060439E-02,0.000000E+00,0.000000E+00,5.159091E-02,1.663769E+03,2.043452E-01,1.971408E+03,1.935041E+03,1.541747E-01,7.001116E+03,5.159091E-02,0.000000E+00,0.000000E+00,3.060439E-02,9.869691E+02,1.265833E-01,1.229357E+03,1.203922E+03,9.476888E-02,4.249266E+03,3.060439E-02,0.000000E+00,0.000000E+00
06:20:00,6.805607E-02,2.181993E+03,3.162244E-01,3.134247E+03,3.224516E+03,6.805607E-02,5.306810E+03,6.805607E-02,0.000000E+00,0.000000E+00,5.159091E-02,1.654092E+03,1.986331E-01,1.917315E+03,1.876688E+03,1.540355E-01,6.997067E+03,5.159091E-02,0.000000E+00,0.000000E+00,3.060439E-02,9.812285E+02,1.641125E-01,1.654097E+03,1.655401E+03,9.408418E-02,4.229387E+03,3.060439E-02,0.000000E+00,0.000000E+00,5.159091E-02,1.654092E+03,2.085290E-01,2.027797E+03,1.994502E+03,1.541755E-01,7.001139E+03,5.159091E-02,0.000000E+00,0.000000E+00,3.060439E-02,9.812285E+02,1.271581E-01,1.241515E+03,1.216739E+03,9.476931E-02,4.249278E+03,3.060439E-02,0.000000E+00,0.000000E+00
06:30:00,6.805607E-02,2.169227E+03,3.170161E-01,3.155851E+03,3.247033E+03,6.805607E-02,5.306810E+03,6.805607E-02,0.000000E+00,0.000000E+00,5.159091E-02,1.644415E+03,2.003747E-01,1.946437E+03,1.907557E+03,1.540363E-01,6.997089E+03,5.159091E-02,0.000000E+00,0.000000E+00,3.060439E-02,9.754879E+02,1.742547E-01,1.773075E+03,1.778129E+03,9.408461E-02,4.229400E+03,3.060439E-02,0.000000E+00,0.000000E+00,5.159091E-02,1.644415E+03,2.119524E-01,2.075696E+03,2.044376E+03,1.541763E-01,7.001162E+03,5.159091E-02,0.000000E+00,0.000000E+00,3.060439E-02,9.754879E+02,1.278010E-01,1.254433E+03,1.230302E+03,9.476975E-02,4.249291E+03,3.060439E-02,0.000000E+00,0.000000E+00
06:40:00,6.805607E-02,2.156462E+03,3.178219E-01,3.177624E+03,3.269602E+03,6.805607E-02,5.306810E+03,6.805607E-02,0.000000E+00,0.000000E+00,5.159091E-02,1.634738E+03,2.022684E-01,1.977261E+03,1.940043E+03,1.540370E-01,6.997112E+03,5.159091E-02,0.000000E+00,0.000000E+00,3.060439E-02,9.697473E+02,1.843823E-01,1.891895E+03,1.899774E+03,9.408504E-02,4.229413E+03,3.060439E-02,0.000000E+00,0.000000E+00,5.159091E-02,1.634738E+03,2.145419E-01,2.114291E+03,2.083984E+03,1.541771E-01,7.001184E+03,5.159091E-02,0.000000E+00,0.000000E+00,3.060439E-02,9.697473E+02,1.284828E-01,1.267788E+03,1.244260E+03,9.477018E-02,4.249303E+03,3.060439E-02,0.000000E+00,0.000000E+00
06:50:00,6.805607E-02,2.143696E+03,3.186231E-01,3.199356E+03,3.292325E+03,6.805607E-02,5.306810E+03,6.805607E-02,0.000000E+00,0.000000E+00,5.159091E-02,1.625060E+03,2.042876E-01,2.009492E+03,1.974402E+03,1.540378E-01,6.997134E+03,5.159091E-02,0.000000E+00,0.000000E+00,3.060439E-02,9.640068E+02,1.943539E-01,2.008981E+03,2.021568E+03,9.408547E-02,4.229425E+03,3.060439E-02,0.000000E+00,0.000000E+00,5.159091E-02,1.625060E+03,2.163662E-01,2.144348E+03,2.115472E+03,1.541779E-01,7.001207E+03,5.159091E-02,0.000000E+00,0.000000E+00,3.060439E-02,9.640068E+02,1.291954E-01,1.281491E+03,1.258711E+03,9.477060E-02,4.249316E+03,3.060439E-02,0.000000E+00,0.000000E+00
07:00:00,6.805607E-02,2.130931E+03,3.193903E-01,3.220711E+03,3.314253E+03,6.805607E-02,5.306810E+03,6.805607E-02,0.000000E+00,0.000000E+00,5.159091E-02,1.615383E+03,2.064090E-01,2.042865E+03,2.009343E+03,1.540386E-01,6.997156E+03,5.159091E-02,0.000000E+00,0.000000E+00,3.060439E-02,9.582662E+02,2.040053E-01,2.122494E+03,2.136059E+03,9.408589E-02,4.229437E+03,3.060439E-02,0.000000E+00,0.000000E+00,5.159091E-02,1.615383E+03,2.174816E-01,2.166492E+03,2.137480E+03,1.541786E-01,7.001229E+03,5.159091E-02,0.000000E+00,0.000000E+00,3.060439E-02,9.582662E+02,1.299305E-01,1.295444E+03,1.273235E+03,9.477103E-02,4.249328E+03,3.060439E-02,0.000000E+00,0.000000E+00
07:10:00,6.805607E-02,2.099929E+03,3.200877E-01,3.259522E+03,3.353955E+03,6.805607E-02,5.306810E+03,6.805607E-02,0.000000E+00,0.000000E+00,5.159091E-02,1.591882E+03,2.094046E-01,2.099823E+03,2.071672E+03,1.518415E-01,6.933372E+03,5.159091E-02,0.000000E+00,0.000000E+00,3.060439E-02,9.443248E+02,2.136913E-01,2.244597E+03,2.262743E+03,9.262114E-02,4.186912E+03,3.060439E-02,0.000000E+00,0.000000E+00,5.159091E-02,1.591882E+03,2.187860E-01,2.204569E+03,2.179167E+03,1.518801E-01,6.934497E+03,5.159091E-02,0.000000E+00,0.000000E+00,3.060439E-02,9.443248E+02,1.312307E-01,1.323909E+03,1.304788E+03,9.330627E-02,4.206803E+03,3.060439E-02,0.000000E+00,0.000000E+00
07:20:00,6.805607E-02,2.068927E+03,3.206807E-01,3.297167E+03,3.392424E+03,6.805607E-02,5.306810E+03,6.805607E-02,0.000000E+00,0.000000E+00,5.159091E-02,1.568380E+03,2.124273E-01,2.157082E+03,2.142635E+03,1.496433E-01,6.869550E+03,5.159091E-02,0.000000E+00,0.000000E+00,3.060439E-02,9.303834E+02,2.227975E-01,2.360226E+03,2.392304E+03,9.115551E-02,4.144361E+03,3.060439E-02,0.000000E+00,0.000000E+00,5.159091E-02,1.568380E+03,2.196110E-01,2.237293E+03,2.224347E+03,1.495802E-01,6.867724E+03,5.159091E-02,0.000000E+00,0.000000E+00,3.060439E-02,9.303834E+02,1.325396E-01,1.352469E+03,1.342249E+03,9.184065E-02,4.164252E+03,3.060439E-02,0.000000E+00,0.000000E+00
07:30:00,6.805607E-02,2.037925E+03,3.211432E-01,3.333357E+03,3.429349E+03,6.805607E-02,5.306810E+03,6.805607E-02,0.000000E+00,0.000000E+00,5.159091E-02,1.544879E+03,2.155022E-01,2.214925E+03,2.215768E+03,1.474446E-01,6.805714E+03,5.159091E-02,0.000000E+00,0.000000E+00,3.060439E-02,9.164420E+02,2.312796E-01,2.468886E+03,2.515106E+03,8.968965E-02,4.101801E+03,3.060439E-02,0.000000E+00,0.000000E+00,5.159091E-02,1.544879E+03,2.202834E-01,2.268312E+03,2.269235E+03,1.472799E-01,6.800938E+03,5.159091E-02,0.000000E+00,0.000000E+00,3.060439E-02,9.164420E+02,1.338836E-01,1.381421E+03,1.381080E+03,9.037479E-02,4.121692E+03,3.060439E-02,0.000000E+00,0.000000E+00
07:40:00,6.805607E-02,2.006923E+03,3.214817E-01,3.368151E+03,3.464819E+03,6.805607E-02,5.306810E+03,6.805607E-02,0.000000E+00,0.000000E+00,5.159091E-02,1.521377E+03,2.186506E-01,2.273582E+03,2.286757E+03,1.452447E-01,6.741842E+03,5.159091E-02,0.000000E+00,0.000000E+00,3.060439E-02,9.025006E+02,2.391469E-01,2.570675E+03,2.626266E+03,8.822302E-02,4.059218E+03,3.060439E-02,0.000000E+00,0.000000E+00,5.159091E-02,1.521377E+03,2.211962E-01,2.302008E+03,2.313685E+03,1.449783E-01,6.734115E+03,5.159091E-02,0.000000E+00,0.000000E+00,3.060439E-02,9.025006E+02,1.352884E-01,1.411049E+03,1.418445E+03,8.890815E-02,4.079109E+03,3.060439E-02,0.000000E+00,0.000000E+00
07:50:00,6.805607E-02,1.975921E+03,3.216904E-01,3.401484E+03,3.498751E+03,6.805607E-02,5.306810E+03,6.805607E-02,0.000000E+00,0.000000E+00,5.159091E-02,1.497876E+03,2.218685E-01,2.333009E+03,2.356129E+03,1.430439E-01,6.677941E+03,5.159091E-02,0.000000E+00,0.000000E+00,3.060439E-02,8.885592E+02,2.464423E-01,2.666070E+03,2.727988E+03,8.675578E-02,4.016616E+03,3.060439E-02,0.000000E+00,0.000000E+00,5.159091E-02,1.497876E+03,2.225013E-01,2.340078E+03,2.360261E+03,1.426758E-01,6.667261E+03,5.159091E-02,0.000000E+00,0.000000E+00,3.060439E-02,8.885592E+02,1.367597E-01,1.441415E+03,1.454882E+03,8.744090E-02,4.036507E+03,3.060439E-02,0.000000E+00,0.000000E+00
08:00:00,6.805607E-02,1.944919E+03,3.218059E-01,3.433776E+03,3.531599E+03,6.805607E-02,5.306810E+03,6.805607E-02,0.000000E+00,0.000000E+00,5.159091E-02,1.474374E+03,2.251565E-01,2.393218E+03,2.424653E+03,1.408422E-01,6.614014E+03,5.159091E-02,0.000000E+00,0.000000E+00,3.060439E-02,8.746178E+02,2.532118E-01,2.755592E+03,2.822139E+03,8.528802E-02,3.973998E+03,3.060439E-02,0.000000E+00,0.000000E+00,5.159091E-02,1.474374E+03,2.242950E-01,2.383603E+03,2.411076E+03,1.403725E-01,6.600382E+03,5.159091E-02,0.000000E+00,0.000000E+00,3.060439E-02,8.746178E+02,1.383126E-01,1.472692E+03,1.491146E+03,8.597313E-02,3.993888E+03,3.060439E-02,0.000000E+00,0.000000E+00
08:10:00,6.805607E-02,1.910269E+03,3.218717E-01,3.469166E+03,3.567636E+03,6.805607E-02,5.306810E+03,6.805607E-02,0.000000E+00,0.000000E+00,5.159091E-02,1.448108E+03,2.276129E-01,2.446911E+03,2.483646E+03,1.408377E-01,6.613871E+03,5.159091E-02,0.000000E+00,0.000000E+00,3.060439E-02,8.590362E+02,2.588656E-01,2.834302E+03,2.904326E+03,8.528495E-02,3.973902E+03,3.060439E-02,0.000000E+00,0.000000E+00,5.159091E-02,1.448108E+03,2.256429E-01,2.424920E+03,2.456795E+03,1.403677E-01,6.600232E+03,5.159091E-02,0.000000E+00,0.000000E+00,3.060439E-02,8.590362E+02,1.393531E-01,1.499892E+03,1.521246E+03,8.597005E-02,3.993791E+03,3.060439E-02,0.000000E+00,0.000000E+00
08:20:00,6.805607E-02,1.875620E+03,3.219471E-01,3.504669E+03,3.603772E+03,6.805607E-02,5.306810E+03,6.805607E-02,0.000000E+00,0.000000E+00,5.159091E-02,1.421841E+03,2.301135E-01,2.501102E+03,2.542226E+03,1.408337E-01,6.613745E+03,5.159091E-02,0.000000E+00,0.000000E+00,3.060439E-02,8.434547E+02,2.640417E-01,2.907681E+03,2.979984E+03,8.528233E-02,3.973819E+03,3.060439E-02,0.000000E+00,0.000000E+00,5.159091E-02,1.421841E+03,2.273879E-01,2.470672E+03,2.506653E+03,1.403637E-01,6.600103E+03,5.159091E-02,0.000000E+00,0.000000E+00,3.060439E-02,8.434547E+02,1.404761E-01,1.528014E+03,1.551812E+03,8.596742E-02,3.993708E+03,3.060439E-02,0.000000E+00,0.000000E+00
08:30:00,6.805607E-02,1.840971E+03,3.220714E-01,3.540716E+03,3.640455E+03,6.805607E-02,5.306810E+03,6.805607E-02,0.000000E+00,0.000000E+00,5.159091E-02,1.395575E+03,2.326348E-01,2.555524E+03,2.600446E+03,1.408295E-01,6.613615E+03,5.159091E-02,0.000000E+00,0.000000E+00,3.060439E-02,8.278731E+02,2.687679E-01,2.976040E+03,3.049768E+03,8.527956E-02,3.973732E+03,3.060439E-02,0.000000E+00,0.000000E+00,5.159091E-02,1.395575E+03,2.293384E-01,2.518721E+03,2.558686E+03,1.403593E-01,6.599968E+03,5.159091E-02,0.000000E+00,0.000000E+00,3.060439E-02,8.278731E+02,1.416749E-01,1.556982E+03,1.583048E+03,8.596463E-02,3.993621E+03,3.060439E-02,0.000000E+00,0.000000E+00
08:40:00,6.805607E-02,1.806322E+03,3.222759E-01,3.577660E+03,3.678117E+03,6.805607E-02,5.306810E+03,6.805607E-02,0.000000E+00,0.000000E+00,5.159091E-02,1.369309E+03,2.352868E-01,2.611407E+03,2.659750E+03,1.408260E-01,6.613505E+03,5.159091E-02,0.000000E+00,0.000000E+00,3.060439E-02,8.122915E+02,2.729584E-01,3.038418E+03,3.113594E+03,8.527721E-02,3.973658E+03,3.060439E-02,0.000000E+00,0.000000E+00,5.159091E-02,1.369309E+03,2.315007E-01,2.569135E+03,2.612671E+03,1.403557E-01,6.599854E+03,5.159091E-02,0.000000E+00,0.000000E+00,3.060439E-02,8.122915E+02,1.429944E-01,1.587301E+03,1.615374E+03,8.596228E-02,3.993547E+03,3.060439E-02,0.000000E+00,0.000000E+00
08:50:00,6.805607E-02,1.771672E+03,3.225752E-01,3.615661E+03,3.716936E+03,6.805607E-02,5.306810E+03,6.805607E-02,0.000000E+00,0.000000E+00,5.159091E-02,1.343042E+03,2.380434E-01,2.668457E+03,2.719807E+03,1.408230E-01,6.613411E+03,5.159091E-02,0.000000E+00,0.000000E+00,3.060439E-02,7.967100E+02,2.766386E-01,3.095100E+03,3.171768E+03,8.527515E-02,3.973594E+03,3.060439E-02,0.000000E+00,0.000000E+00,5.159091E-02,1.343042E+03,2.337800E-01,2.620856E+03,2.667481E+03,1.403526E-01,6.599756E+03,5.159091E-02,0.000000E+00,0.000000E+00,3.060439E-02,7.967100E+02,1.443953E-01,1.618527E+03,1.648341E+03,8.596021E-02,3.993482E+03,3.060439E-02,0.000000E+00,0.000000E+00
09:00:00,6.805607E-02,1.737023E+03,3.229616E-01,3.654635E+03,3.756811E+03,6.805607E-02,5.306810E+03,6.805607E-02,0.000000E+00,0.000000E+00,5.159091E-02,1.316776E+03,2.409085E-01,2.726721E+03,2.780807E+03,1.408204E-01,6.613329E+03,5.159091E-02,0.000000E+00,0.000000E+00,3.060439E-02,7.811284E+02,2.798056E-01,3.146051E+03,3.224097E+03,8.527334E-02,3.973538E+03,3.060439E-02,0.000000E+00,0.000000E+00,5.159091E-02,1.316776E+03,2.361388E-01,2.673465E+03,2.722849E+03,1.403498E-01,6.599671E+03,5.159091E-02,0.000000E+00,0.000000E+00,3.060439E-02,7.811284E+02,1.458641E-01,1.650512E+03,1.681899E+03,8.595840E-02,3.993426E+03,3.060439E-02,0.000000E+00,0.000000E+00
09:10:00,6.805607E-02,1.706021E+03,3.234294E-01,3.690864E+03,3.793945E+03,6.805607E-02,5.306810E+03,6.805607E-02,0.000000E+00,0.000000E+00,5.159091E-02,1.293274E+03,2.441435E-01,2.786344E+03,2.843276E+03,1.408181E-01,6.613258E+03,5.159091E-02,0.000000E+00,0.000000E+00,3.060439E-02,7.671870E+02,2.824581E-01,3.189614E+03,3.268823E+03,8.527176E-02,3.973490E+03,3.060439E-02,0.000000E+00,0.000000E+00,5.159091E-02,1.293274E+03,2.385440E-01,2.723824E+03,2.775684E+03,1.403474E-01,6.599597E+03,5.159091E-02,0.000000E+00,0.000000E+00,3.060439E-02,7.671870E+02,1.473822E-01,1.681405E+03,1.714224E+03,8.595682E-02,3.993377E+03,3.060439E-02,0.000000E+00,0.000000E+00
09:20:00,6.805607E-02,1.675019E+03,3.239549E-01,3.727733E+03,3.831755E+03,6.805607E-02,5.306810E+03,6.805607E-02,0.000000E+00,0.000000E+00,5.159091E-02,1.269773E+03,2.478780E-01,2.851543E+03,2.911391E+03,1.408161E-01,6.613197E+03,5.159091E-02,0.000000E+00,0.000000E+00,3.060439E-02,7.532456E+02,2.846214E-01,3.227710E+03,3.307922E+03,8.527038E-02,3.973447E+03,3.060439E-02,0.000000E+00,0.000000E+00,5.159091E-02,1.269773E+03,2.409766E-01,2.774487E+03,2.828659E+03,1.403453E-01,6.599533E+03,5.159091E-02,0.000000E+00,0.000000E+00,3.060439E-02,7.532456E+02,1.489391E-01,1.712729E+03,1.746906E+03,8.595543E-02,3.993335E+03,3.060439E-02,0.000000E+00,0.000000E+00
09:30:00,6.805607E-02,1.644017E+03,3.245313E-01,3.765171E+03,3.870163E+03,6.805607E-02,5.306810E+03,6.805607E-02,0.000000E+00,0.000000E+00,5.159091E-02,1.246271E+03,2.522067E-01,2.923376E+03,2.986242E+03,1.408144E-01,6.613145E+03,5.159091E-02,0.000000E+00,0.000000E+00,3.060439E-02,7.393042E+02,2.862966E-01,3.260356E+03,3.341416E+03,8.526918E-02,3.973411E+03,3.060439E-02,0.000000E+00,0.000000E+00,5.159091E-02,1.246271E+03,2.434297E-01,2.825378E+03,2.881742E+03,1.403436E-01,6.599479E+03,5.159091E-02,0.000000E+00,0.000000E+00,3.060439E-02,7.393042E+02,1.505307E-01,1.744442E+03,1.779927E+03,8.595424E-02,3.993298E+03,3.060439E-02,0.000000E+00,0.000000E+00
09:40:00,6.805607E-02,1.613015E+03,3.251519E-01,3.803103E+03,3.909087E+03,6.805607E-02,5.306810E+03,6.805607E-02,0.000000E+00,0.000000E+00,5.159091E-02,1.222770E+03,2.570851E-01,3.001348E+03,3.067274E+03,1.408129E-01,6.613101E+03,5.159091E-02,0.000000E+00,0.000000E+00,3.060439E-02,7.253628E+02,2.873973E-01,3.286589E+03,3.368384E+03,8.526814E-02,3.973379E+03,3.060439E-02,0.000000E+00,0.000000E+00,5.159091E-02,1.222770E+03,2.458058E-01,2.875409E+03,2.933717E+03,1.403421E-01,6.599433E+03,5.159091E-02,0.000000E+00,0.000000E+00,3.060439E-02,7.253628E+02,1.521011E-01,1.775918E+03,1.812586E+03,8.595321E-02,3.993267E+03,3.060439E-02,0.000000E+00,0.000000E+00
09:50:00,6.805607E-02,1.582013E+03,3.258098E-01,3.841451E+03,3.948439E+03,6.805607E-02,5.306810E+03,6.805607E-02,0.000000E+00,0.000000E+00,5.159091E-02,1.199268E+03,2.626000E-01,3.086426E+03,3.155643E+03,1.408117E-01,6.613063E+03,5.159091E-02,0.000000E+00,0.000000E+00,3.060439E-02,7.114214E+02,2.878091E-01,3.305129E+03,3.387647E+03,8.526726E-02,3.973352E+03,3.060439E-02,0.000000E+00,0.000000E+00,5.159091E-02,1.199268E+03,2.481530E-01,2.925119E+03,2.985236E+03,1.403408E-01,6.599393E+03,5.159091E-02,0.000000E+00,0.000000E+00,3.060439E-02,7.114214E+02,1.536802E-01,1.807491E+03,1.845283E+03,8.595232E-02,3.993240E+03,3.060439E-02,0.000000E+00,0.000000E+00
10:00:00,6.805607E-02,1.551011E+03,3.264993E-01,3.880151E+03,3.988153E+03,6.805607E-02,5.306810E+03,6.805607E-02,0.000000E+00,0.000000E+00,5.159091E-02,1.175767E+03,2.687768E-01,3.178894E+03,3.251728E+03,1.408107E-01,6.613032E+03,5.159091E-02,0.000000E+00,0.000000E+00,3.060439E-02,6.974800E+02,2.874884E-01,3.315490E+03,3.398650E+03,8.526650E-02,3.973329E+03,3.060439E-02,0.000000E+00,0.000000E+00,5.159091E-02,1.175767E+03,2.504795E-01,2.974597E+03,3.036435E+03,1.403397E-01,6.599361E+03,5.159091E-02,0.000000E+00,0.000000E+00,3.060439E-02,6.974800E+02,1.552723E-01,1.839208E+03,1.878087E+03,8.595157E-02,3.993217E+03,3.060439E-02,0.000000E+00,0.000000E+00
10:10:00,6.805607E-02,1.523656E+03,3.272237E-01,3.915589E+03,4.025012E+03,6.805607E-02,5.306810E+03,6.805607E-02,0.000000E+00,0.000000E+00,5.159091E-02,1.155030E+03,2.753709E-01,3.273253E+03,3.353443E+03,1.408099E-01,6.613006E+03,5.159091E-02,0.000000E+00,0.000000E+00,3.060439E-02,6.851788E+02,2.864111E-01,3.315759E+03,3.398770E+03,8.526587E-02,3.973310E+03,3.060439E-02,0.000000E+00,0.000000E+00,5.159091E-02,1.155030E+03,2.527864E-01,3.021088E+03,3.085932E+03,1.403388E-01,6.599333E+03,5.159091E-02,0.000000E+00,0.000000E+00,3.060439E-02,6.851788E+02,1.568780E-01,1.869436E+03,1.910278E+03,8.595093E-02,3.993198E+03,3.060439E-02,0.000000E+00,0.000000E+00
10:20:00,6.805607E-02,1.496302E+03,3.279596E-01,3.951156E+03,4.061882E+03,6.805607E-02,5.306810E+03,6.805607E-02,0.000000E+00,0.000000E+00,5.159091E-02,1.134294E+03,2.822560E-01,3.370861E+03,3.457400E+03,1.408092E-01,6.612985E+03,5.159091E-02,0.000000E+00,0.000000E+00,3.060439E-02,6.728775E+02,2.845364E-01,3.307127E+03,3.389877E+03,8.526533E-02,3.973294E+03,3.060439E-02,0.000000E+00,0.000000E+00,5.159091E-02,1.134294E+03,2.550577E-01,3.067182E+03,3.134615E+03,1.403381E-01,6.599311E+03,5.159091E-02,0.000000E+00,0.000000E+00,3.060439E-02,6.728775E+02,1.584863E-01,1.899694E+03,1.942232E+03,8.595040E-02,3.993182E+03,3.060439E-02,0.000000E+00,0.000000E+00
10:30:00,6.805607E-02,1.468947E+03,3.287119E-01,3.986911E+03,4.098522E+03,6.805607E-02,5.306810E+03,6.805607E-02,0.000000E+00,0.000000E+00,5.159091E-02,1.113557E+03,2.893660E-01,3.470984E+03,3.560160E+03,1.408086E-01,6.612968E+03,5.159091E-02,0.000000E+00,0.000000E+00,3.060439E-02,6.605763E+02,2.818706E-01,3.289663E+03,3.372426E+03,8.526488E-02,3.973280E+03,3.060439E-02,0.000000E+00,0.000000E+00,5.159091E-02,1.113557E+03,2.572998E-01,3.112953E+03,3.181641E+03,1.403375E-01,6.599293E+03,5.159091E-02,0.000000E+00,0.000000E+00,3.060439E-02,6.605763E+02,1.600981E-01,1.929991E+03,1.973340E+03,8.594996E-02,3.993168E+03,3.060439E-02,0.000000E+00,0.000000E+00
10:40:00,6.805607E-02,1.441592E+03,3.294746E-01,4.022782E+03,4.135128E+03,6.805607E-02,5.306810E+03,6.805607E-02,0.000000E+00,0.000000E+00,5.159091E-02,1.092820E+03,2.966294E-01,3.572820E+03,3.663280E+03,1.408082E-01,6.612955E+03,5.159091E-02,0.000000E+00,0.000000E+00,3.060439E-02,6.482751E+02,2.785949E-01,3.265390E+03,3.348127E+03,8.526451E-02,3.973269E+03,3.060439E-02,0.000000E+00,0.000000E+00,5.159091E-02,1.092820E+03,2.595129E-01,3.158400E+03,3.227873E+03,1.403370E-01,6.599278E+03,5.159091E-02,0.000000E+00,0.000000E+00,3.060439E-02,6.482751E+02,1.617090E-01,1.960279E+03,2.004135E+03,8.594959E-02,3.993157E+03,3.060439E-02,0.000000E+00,0.000000E+00
10:50:00,6.805607E-02,1.414238E+03,3.302517E-01,4.058808E+03,4.172551E+03,6.805607E-02,5.306810E+03,6.805607E-02,0.000000E+00,0.000000E+00,5.159091E-02,1.072084E+03,3.039832E-01,3.675660E+03,3.772819E+03,1.408078E-01,6.612945E+03,5.159091E-02,0.000000E+00,0.000000E+00,3.060439E-02,6.359738E+02,2.747610E-01,3.234880E+03,3.315686E+03,8.526421E-02,3.973260E+03,3.060439E-02,0.000000E+00,0.000000E+00,5.159091E-02,1.072084E+03,2.617065E-01,3.203625E+03,3.275656E+03,1.403366E-01,6.599267E+03,5.159091E-02,0.000000E+00,0.000000E+00,3.060439E-02,6.359738E+02,1.633183E-01,1.990546E+03,2.036148E+03,8.594929E-02,3.993148E+03,3.060439E-02,0.000000E+00,0.000000E+00
11:00:00,6.805607E-02,1.386883E+03,3.310310E-01,4.094852E+03,4.209678E+03,6.805607E-02,5.306810E+03,6.805607E-02,0.000000E+00,0.000000E+00,5.159091E-02,1.051347E+03,3.112486E-01,3.777508E+03,3.878489E+03,1.408076E-01,6.612937E+03,5.159091E-02,0.000000E+00,0.000000E+00,3.060439E-02,6.236726E+02,2.703532E-01,3.197959E+03,3.277640E+03,8.526397E-02,3.973253E+03,3.060439E-02,0.000000E+00,0.000000E+00,5.159091E-02,1.051347E+03,2.639261E-01,3.249137E+03,3.322939E+03,1.403364E-01,6.599258E+03,5.159091E-02,0.000000E+00,0.000000E+00,3.060439E-02,6.236726E+02,1.649451E-01,2.021007E+03,2.067790E+03,8.594905E-02,3.993141E+03,3.060439E-02,0.000000E+00,0.000000E+00
11:10:00,6.805607E-02,1.368646E+03,3.317992E-01,4.121661E+03,4.236958E+03,6.805607E-02,5.306810E+03,6.805607E-02,0.000000E+00,0.000000E+00,5.159091E-02,1.037523E+03,3.184108E-01,3.871297E+03,3.972473E+03,1.408074E-01,6.612932E+03,5.159091E-02,0.000000E+00,0.000000E+00,3.060439E-02,6.154718E+02,2.654504E-01,3.151414E+03,3.230695E+03,8.526378E-02,3.973247E+03,3.060439E-02,0.000000E+00,0.000000E+00,5.159091E-02,1.037523E+03,2.661178E-01,3.287429E+03,3.361666E+03,1.403362E-01,6.599252E+03,5.159091E-02,0.000000E+00,0.000000E+00,3.060439E-02,6.154718E+02,1.665482E-01,2.047105E+03,2.094157E+03,8.594887E-02,3.993135E+03,3.060439E-02,0.000000E+00,0.000000E+00
11:20:00,6.805607E-02,1.350410E+03,3.325724E-01,4.148523E+03,4.264383E+03,6.805607E-02,5.306810E+03,6.805607E-02,0.000000E+00,0.000000E+00,5.159091E-02,1.023698E+03,3.254503E-01,3.963715E+03,4.065902E+03,1.408073E-01,6.612928E+03,5.159091E-02,0.000000E+00,0.000000E+00,3.060439E-02,6.072709E+02,2.601349E-01,3.100259E+03,3.178634E+03,8.526364E-02,3.973243E+03,3.060439E-02,0.000000E+00,0.000000E+00,5.159091E-02,1.023698E+03,2.682756E-01,3.325341E+03,3.400221E+03,1.403360E-01,6.599248E+03,5.159091E-02,0.000000E+00,0.000000E+00,3.060439E-02,6.072709E+02,1.681273E-01,2.072934E+03,2.120416E+03,8.594872E-02,3.993131E+03,3.060439E-02,0.000000E+00,0.000000E+00
11:30:00,6.805607E-02,1.332174E+03,3.333372E-01,4.175288E+03,4.291763E+03,6.805607E-02,5.306810E+03,6.805607E-02,0.000000E+00,0.000000E+00,5.159091E-02,1.009874E+03,3.323150E-01,4.054178E+03,4.157828E+03,1.408073E-01,6.612927E+03,5.159091E-02,0.000000E+00,0.000000E+00,3.060439E-02,5.990701E+02,2.545089E-01,3.045637E+03,3.122758E+03,8.526353E-02,3.973239E+03,3.060439E-02,0.000000E+00,0.000000E+00,5.159091E-02,1.009874E+03,2.704000E-01,3.362878E+03,3.438601E+03,1.403360E-01,6.599246E+03,5.159091E-02,0.000000E+00,0.000000E+00,3.060439E-02,5.990701E+02,1.696732E-01,2.098391E+03,2.146427E+03,8.594862E-02,3.993128E+03,3.060439E-02,0.000000E+00,0.000000E+00
11:40:00,6.805607E-02,1.313937E+03,3.340929E-01,4.201951E+03,4.319073E+03,6.805607E-02,5.306810E+03,6.805607E-02,0.000000E+00,0.000000E+00,5.159091E-02,9.960494E+02,3.389653E-01,4.142246E+03,4.247558E+03,1.408073E-01,6.612926E+03,5.159091E-02,0.000000E+00,0.000000E+00,3.060439E-02,5.908693E+02,2.491783E-01,2.994311E+03,3.070302E+03,8.526346E-02,3.973237E+03,3.060439E-02,0.000000E+00,0.000000E+00,5.159091E-02,9.960494E+02,2.724782E-01,3.399898E+03,3.476569E+03,1.403359E-01,6.599245E+03,5.159091E-02,0.000000E+00,0.000000E+00,3.060439E-02,5.908693E+02,1.711821E-01,2.123434E+03,2.172095E+03,8.594855E-02,3.993126E+03,3.060439E-02,0.000000E+00,0.000000E+00
11:50:00,6.805607E-02,1.295701E+03,3.348321E-01,4.228435E+03,4.346212E+03,6.805607E-02,5.306810E+03,6.805607E-02,0.000000E+00,0.000000E+00,5.159091E-02,9.822249E+02,3.453600E-01,4.227466E+03,4.334502E+03,1.408073E-01,6.612927E+03,5.159091E-02,0.000000E+00,0.000000E+00,3.060439E-02,5.826685E+02,2.443966E-01,2.949118E+03,3.023732E+03,8.526342E-02,3.973236E+03,3.060439E-02,0.000000E+00,0.000000E+00,5.159091E-02,9.822249E+02,2.745135E-01,3.436443E+03,3.514124E+03,1.403360E-01,6.599245E+03,5.159091E-02,0.000000E+00,0.000000E+00,3.060439E-02,5.826685E+02,1.726472E-01,2.147991E+03,2.197303E+03,8.594850E-02,3.993124E+03,3.060439E-02,0.000000E+00,0.000000E+00
12:00:00,6.805607E-02,1.277464E+03,3.355653E-01,4.254858E+03,4.373305E+03,6.805607E-02,5.306810E+03,6.805607E-02,0.000000E+00,0.000000E+00,5.159091E-02,9.684005E+02,3.516004E-01,4.310969E+03,4.419873E+03,1.408074E-01,6.612930E+03,5.159091E-02,0.000000E+00,0.000000E+00,3.060439E-02,5.744677E+02,2.403402E-01,2.912026E+03,2.985064E+03,8.526340E-02,3.973235E+03,3.060439E-02,0.000000E+00,0.000000E+00,5.159091E-02,9.684005E+02,2.764519E-01,3.471912E+03,3.550537E+03,1.403360E-01,6.599247E+03,5.159091E-02,0.000000E+00,0.000000E+00,3.060439E-02,5.744677E+02,1.740424E-01,2.171770E+03,2.221700E+03,8.594849E-02,3.993124E+03,3.060439E-02,0.000000E+00,0.000000E+00
12:10:00,6.805607E-02,1.262875E+03,3.362964E-01,4.277611E+03,4.396667E+03,6.805607E-02,5.306810E+03,6.805607E-02,0.000000E+00,0.000000E+00,5.159091E-02,9.573410E+02,3.576158E-01,4.389194E+03,4.499943E+03,1.408075E-01,6.612933E+03,5.159091E-02,0.000000E+00,0.000000E+00,3.060439E-02,5.679070E+02,2.370629E-01,2.881994E+03,2.953571E+03,8.526340E-02,3.973235E+03,3.060439E-02,0.000000E+00,0.000000E+00,5.159091E-02,9.573410E+02,2.783517E-01,3.504183E+03,3.583710E+03,1.403361E-01,6.599250E+03,5.159091E-02,0.000000E+00,0.000000E+00,3.060439E-02,5.679070E+02,1.754018E-01,2.193510E+03,2.244031E+03,8.594849E-02,3.993124E+03,3.060439E-02,0.000000E+00,0.000000E+00
12:20:00,6.805607E-02,1.248286E+03,3.370262E-01,4.300348E+03,4.420021E+03,6.805607E-02,5.306810E+03,6.805607E-02,0.000000E+00,0.000000E+00,5.159091E-02,9.462815E+02,3.633574E-01,4.464362E+03,4.576930E+03,1.408076E-01,6.612936E+03,5.159091E-02,0.000000E+00,0.000000E+00,3.060439E-02,5.613463E+02,2.346134E-01,2.861204E+03,2.931787E+03,8.526343E-02,3.973236E+03,3.060439E-02,0.000000E+00,0.000000E+00,5.159091E-02,9.462815E+02,2.802278E-01,3.536190E+03,3.616648E+03,1.403362E-01,6.599253E+03,5.159091E-02,0.000000E+00,0.000000E+00,3.060439E-02,5.613463E+02,1.767254E-01,2.214849E+03,2.265966E+03,8.594851E-02,3.993124E+03,3.060439E-02,0.000000E+00,0.000000E+00
12:30:00,6.805607E-02,1.233697E+03,3.377559E-01,4.323084E+03,4.443379E+03,6.805607E-02,5.306810E+03,6.805607E-02,0.000000E+00,0.000000E+00,5.159091E-02,9.352219E+02,3.687965E-01,4.536153E+03,4.650495E+03,1.408078E-01,6.612941E+03,5.159091E-02,0.000000E+00,0.000000E+00,3.060439E-02,5.547857E+02,2.330030E-01,2.849782E+03,2.920015E+03,8.526346E-02,3.973237E+03,3.060439E-02,0.000000E+00,0.000000E+00,5.159091E-02,9.352219E+02,2.820692E-01,3.567810E+03,3.649202E+03,1.403364E-01,6.599257E+03,5.159091E-02,0.000000E+00,0.000000E+00,3.060439E-02,5.547857E+02,1.780122E-01,2.235777E+03,2.287490E+03,8.594855E-02,3.993125E+03,3.060439E-02,0.000000E+00,0.000000E+00
12:40:00,6.805607E-02,1.219107E+03,3.384853E-01,4.345818E+03,4.466740E+03,6.805607E-02,5.306810E+03,6.805607E-02,0.000000E+00,0.000000E+00,5.159091E-02,9.241624E+02,3.739066E-01,4.604270E+03,4.720316E+03,1.408080E-01,6.612946E+03,5.159091E-02,0.000000E+00,0.000000E+00,3.060439E-02,5.482250E+02,2.317313E-01,2.842144E+03,2.912189E+03,8.526351E-02,3.973238E+03,3.060439E-02,0.000000E+00,0.000000E+00,5.159091E-02,9.241624E+02,2.838857E-01,3.599152E+03,3.681488E+03,1.403366E-01,6.599262E+03,5.159091E-02,0.000000E+00,0.000000E+00,3.060439E-02,5.482250E+02,1.792614E-01,2.256285E+03,2.308588E+03,8.594860E-02,3.993127E+03,3.060439E-02,0.000000E+00,0.000000E+00
12:50:00,6.805607E-02,1.204518E+03,3.392121E-01,4.368523E+03,4.490075E+03,6.805607E-02,5.306810E+03,6.805607E-02,0.000000E+00,0.000000E+00,5.159091E-02,9.131029E+02,3.786609E-01,4.668415E+03,4.786077E+03,1.408082E-01,6.612952E+03,5.159091E-02,0.000000E+00,0.000000E+00,3.060439E-02,5.416644E+02,2.306392E-01,2.836509E+03,2.906398E+03,8.526358E-02,3.973240E+03,3.060439E-02,0.000000E+00,0.000000E+00,5.159091E-02,9.131029E+02,2.856639E-01,3.630066E+03,3.713329E+03,1.403367E-01,6.599267E+03,5.159091E-02,0.000000E+00,0.000000E+00,3.060439E-02,5.416644E+02,1.804722E-01,2.276366E+03,2.329246E+03,8.594867E-02,3.993129E+03,3.060439E-02,0.000000E+00,0.000000E+00
13:00:00,6.805607E-02,1.189929E+03,3.399327E-01,4.391157E+03,4.513338E+03,6.805607E-02,5.306810E+03,6.805607E-02,0.000000E+00,0.000000E+00,5.159091E-02,9.020433E+02,3.830337E-01,4.728299E+03,4.847468E+03,1.408084E-01,6.612958E+03,5.159091E-02,0.000000E+00,0.000000E+00,3.060439E-02,5.351037E+02,2.296878E-01,2.832447E+03,2.902199E+03,8.526365E-02,3.973242E+03,3.060439E-02,0.000000E+00,0.000000E+00,5.159091E-02,9.020433E+02,2.874110E-01,3.660633E+03,3.744808E+03,1.403369E-01,6.599273E+03,5.159091E-02,0.000000E+00,0.000000E+00,3.060439E-02,5.351037E+02,1.816438E-01,2.296008E+03,2.349447E+03,8.594874E-02,3.993131E+03,3.060439E-02,0.000000E+00,0.000000E+00
13:10:00,6.805607E-02,1.180811E+03,3.406433E-01,4.408210E+03,4.530905E+03,6.805607E-02,5.306810E+03,6.805607E-02,0.000000E+00,0.000000E+00,5.159091E-02,8.951311E+02,3.869823E-01,4.779300E+03,4.899764E+03,1.408086E-01,6.612964E+03,5.159091E-02,0.000000E+00,0.000000E+00,3.060439E-02,5.310033E+02,2.288467E-01,2.827156E+03,2.896736E+03,8.526373E-02,3.973244E+03,3.060439E-02,0.000000E+00,0.000000E+00,5.159091E-02,8.951311E+02,2.891036E-01,3.686443E+03,3.771410E+03,1.403371E-01,6.599279E+03,5.159091E-02,0.000000E+00,0.000000E+00,3.060439E-02,5.310033E+02,1.827660E-01,2.312638E+03,2.366559E+03,8.594882E-02,3.993133E+03,3.060439E-02,0.000000E+00,0.000000E+00
13:20:00,6.805607E-02,1.171693E+03,3.413640E-01,4.425375E+03,4.548736E+03,6.805607E-02,5.306810E+03,6.805607E-02,0.000000E+00,0.000000E+00,5.159091E-02,8.882189E+02,3.905080E-01,4.825579E+03,4.947596E+03,1.408088E-01,6.612971E+03,5.159091E-02,0.000000E+00,0.000000E+00,3.060439E-02,5.269029E+02,2.281134E-01,2.823068E+03,2.892442E+03,8.526382E-02,3.973247E+03,3.060439E-02,0.000000E+00,0.000000E+00,5.159091E-02,8.882189E+02,2.907590E-01,3.711839E+03,3.797840E+03,1.403374E-01,6.599285E+03,5.159091E-02,0.000000E+00,0.000000E+00,3.060439E-02,5.269029E+02,1.838506E-01,2.328849E+03,2.383397E+03,8.594891E-02,3.993136E+03,3.060439E-02,0.000000E+00,0.000000E+00
13:30:00,6.805607E-02,1.162574E+03,3.420523E-01,4.442156E+03,4.566210E+03,6.805607E-02,5.306810E+03,6.805607E-02,0.000000E+00,0.000000E+00,5.159091E-02,8.813067E+02,3.935670E-01,4.866625E+03,4.990267E+03,1.408091E-01,6.612978E+03,5.159091E-02,0.000000E+00,0.000000E+00,3.060439E-02,5.228025E+02,2.274614E-01,2.819878E+03,2.889008E+03,8.526392E-02,3.973250E+03,3.060439E-02,0.000000E+00,0.000000E+00,5.159091E-02,8.813067E+02,2.923473E-01,3.736469E+03,3.823634E+03,1.403376E-01,6.599292E+03,5.159091E-02,0.000000E+00,0.000000E+00,3.060439E-02,5.228025E+02,1.848822E-01,2.344458E+03,2.399710E+03,8.594901E-02,3.993138E+03,3.060439E-02,0.000000E+00,0.000000E+00
13:40:00,6.805607E-02,1.153456E+03,3.427288E-01,4.458804E+03,4.583333E+03,6.805607E-02,5.306810E+03,6.805607E-02,0.000000E+00,0.000000E+00,5.159091E-02,8.743945E+02,3.961536E-01,4.902395E+03,5.026812E+03,1.408093E-01,6.612985E+03,5.159091E-02,0.000000E+00,0.000000E+00,3.060439E-02,5.187021E+02,2.268852E-01,2.817532E+03,2.886596E+03,8.526402E-02,3.973253E+03,3.060439E-02,0.000000E+00,0.000000E+00,5.159091E-02,8.743945E+02,2.938795E-01,3.760471E+03,3.848348E+03,1.403378E-01,6.599299E+03,5.159091E-02,0.000000E+00,0.000000E+00,3.060439E-02,5.187021E+02,1.863297E-01,2.364709E+03,2.421028E+03,8.594911E-02,3.993141E+03,3.060439E-02,0.000000E+00,0.000000E+00
13:50:00,6.805607E-02,1.144338E+03,3.433836E-01,4.475209E+03,4.600201E+03,6.805607E-02,5.306810E+03,6.805607E-02,0.000000E+00,0.000000E+00,5.159091E-02,8.674823E+02,3.982487E-01,4.932676E+03,5.057729E+03,1.408096E-01,6.612992E+03,5.159091E-02,0.000000E+00,0.000000E+00,3.060439E-02,5.146016E+02,2.263700E-01,2.815866E+03,2.884876E+03,8.526412E-02,3.973256E+03,3.060439E-02,0.000000E+00,0.000000E+00,5.159091E-02,8.674823E+02,2.953474E-01,3.783754E+03,3.872312E+03,1.403381E-01,6.599306E+03,5.159091E-02,0.000000E+00,0.000000E+00,3.060439E-02,5.146016E+02,1.884358E-01,2.392312E+03,2.450105E+03,8.594921E-02,3.993144E+03,3.060439E-02,0.000000E+00,0.000000E+00
14:00:00,6.805607E-02,1.135220E+03,3.440195E-01,4.491402E+03,4.616854E+03,6.805607E-02,5.306810E+03,6.805607E-02,0.000000E+00,0.000000E+00,5.159091E-02,8.605701E+02,3.998425E-01,4.957359E+03,5.082901E+03,1.408098E-01,6.613000E+03,5.159091E-02,0.000000E+00,0.000000E+00,3.060439E-02,5.105012E+02,2.259047E-01,2.814759E+03,2.883721E+03,8.526423E-02,3.973259E+03,3.060439E-02,0.000000E+00,0.000000E+00,5.159091E-02,8.605701E+02,2.967508E-01,3.806316E+03,3.895520E+03,1.403383E-01,6.599313E+03,5.159091E-02,0.000000E+00,0.000000E+00,3.060439E-02,5.105012E+02,1.913178E-01,2.428579E+03,2.487915E+03,8.594932E-02,3.993148E+03,3.060439E-02,0.000000E+00,0.000000E+00
14:10:00,6.805607E-02,1.135220E+03,3.446388E-01,4.498292E+03,4.624023E+03,6.805607E-02,5.306810E+03,6.805607E-02,0.000000E+00,0.000000E+00,5.159091E-02,8.605701E+02,4.010333E-01,4.970631E+03,5.096487E+03,1.408101E-01,6.613007E+03,5.159091E-02,0.000000E+00,0.000000E+00,3.060439E-02,5.105012E+02,2.254380E-01,2.809535E+03,2.878323E+03,8.526434E-02,3.973262E+03,3.060439E-02,0.000000E+00,0.000000E+00,5.159091E-02,8.605701E+02,2.980210E-01,3.820479E+03,3.910050E+03,1.403386E-01,6.599321E+03,5.159091E-02,0.000000E+00,0.000000E+00,3.060439E-02,5.105012E+02,1.951234E-01,2.471054E+03,2.531982E+03,8.594943E-02,3.993151E+03,3.060439E-02,0.000000E+00,0.000000E+00
14:20:00,6.805607E-02,1.135220E+03,3.452207E-01,4.504764E+03,4.630730E+03,6.805607E-02,5.306810E+03,6.805607E-02,0.000000E+00,0.000000E+00,5.159091E-02,8.605701E+02,4.016988E-01,4.978038E+03,5.103936E+03,1.408104E-01,6.613015E+03,5.159091E-02,0.000000E+00,0.000000E+00,3.060439E-02,5.105012E+02,2.249719E-01,2.804317E+03,2.872958E+03,8.526446E-02,3.973265E+03,3.060439E-02,0.000000E+00,0.000000E+00,5.159091E-02,8.605701E+02,2.991745E-01,3.833339E+03,3.923265E+03,1.403388E-01,6.599328E+03,5.159091E-02,0.000000E+00,0.000000E+00,3.060439E-02,5.105012E+02,1.998781E-01,2.524127E+03,2.586834E+03,8.594955E-02,3.993154E+03,3.060439E-02,0.000000E+00,0.000000E+00
14:30:00,6.805607E-02,1.135220E+03,3.458066E-01,4.511303E+03,4.637527E+03,6.805607E-02,5.306810E+03,6.805607E-02,0.000000E+00,0.000000E+00,5.159091E-02,8.605701E+02,4.018373E-01,4.979582E+03,5.105336E+03,1.408106E-01,6.613023E+03,5.159091E-02,0.000000E+00,0.000000E+00,3.060439E-02,5.105012E+02,2.245121E-01,2.799182E+03,2.867706E+03,8.526458E-02,3.973269E+03,3.060439E-02,0.000000E+00,0.000000E+00,5.159091E-02,8.605701E+02,3.002443E-01,3.845282E+03,3.935593E+03,1.403391E-01,6.599336E+03,5.159091E-02,0.000000E+00,0.000000E+00,3.060439E-02,5.105012E+02,2.056616E-01,2.588697E+03,2.653643E+03,8.594967E-02,3.993158E+03,3.060439E-02,0.000000E+00,0.000000E+00
14:40:00,6.805607E-02,1.135220E+03,3.463745E-01,4.517643E+03,4.644109E+03,6.805607E-02,5.306810E+03,6.805607E-02,0.000000E+00,0.000000E+00,5.159091E-02,8.605701E+02,4.014289E-01,4.975024E+03,5.100513E+03,1.408109E-01,6.613030E+03,5.159091E-02,0.000000E+00,0.000000E+00,3.060439E-02,5.105012E+02,2.240427E-01,2.793941E+03,2.862340E+03,8.526470E-02,3.973272E+03,3.060439E-02,0.000000E+00,0.000000E+00,5.159091E-02,8.605701E+02,3.012179E-01,3.856153E+03,3.946813E+03,1.403394E-01,6.599343E+03,5.159091E-02,0.000000E+00,0.000000E+00,3.060439E-02,5.105012E+02,2.120552E-01,2.660079E+03,2.727333E+03,8.594978E-02,3.993161E+03,3.060439E-02,0.000000E+00,0.000000E+00
14:50:00,6.805607E-02,1.135220E+03,3.469328E-01,4.523878E+03,4.650582E+03,6.805607E-02,5.306810E+03,6.805607E-02,0.000000E+00,0.000000E+00,5.159091E-02,8.605701E+02,4.004739E-01,4.964363E+03,5.089479E+03,1.408112E-01,6.613038E+03,5.159091E-02,0.000000E+00,0.000000E+00,3.060439E-02,5.105012E+02,2.235565E-01,2.788512E+03,2.856757E+03,8.526482E-02,3.973276E+03,3.060439E-02,0.000000E+00,0.000000E+00,5.159091E-02,8.605701E+02,3.021019E-01,3.866023E+03,3.956972E+03,1.403396E-01,6.599351E+03,5.159091E-02,0.000000E+00,0.000000E+00,3.060439E-02,5.105012E+02,2.188658E-01,2.736116E+03,2.805628E+03,8.594991E-02,3.993164E+03,3.060439E-02,0.000000E+00,0.000000E+00
15:00:00,6.805607E-02,1.135220E+03,3.474776E-01,4.529960E+03,4.656898E+03,6.805607E-02,5.306810E+03,6.805607E-02,0.000000E+00,0.000000E+00,5.159091E-02,8.605701E+02,3.989716E-01,4.947591E+03,5.072195E+03,1.408114E-01,6.613046E+03,5.159091E-02,0.000000E+00,0.000000E+00,3.060439E-02,5.105012E+02,2.230452E-01,2.782804E+03,2.850860E+03,8.526494E-02,3.973279E+03,3.060439E-02,0.000000E+00,0.000000E+00,5.159091E-02,8.605701E+02,3.028955E-01,3.874883E+03,3.966040E+03,1.403399E-01,6.599359E+03,5.159091E-02,0.000000E+00,0.000000E+00,3.060439E-02,5.105012E+02,2.260203E-01,2.815995E+03,2.887713E+03,8.595003E-02,3.993168E+03,3.060439E-02,0.000000E+00,0.000000E+00
15:10:00,6.805607E-02,1.146162E+03,3.480050E-01,4.524907E+03,4.651852E+03,6.805607E-02,5.306810E+03,6.805607E-02,0.000000E+00,0.000000E+00,5.159091E-02,8.688647E+02,3.968024E-01,4.915079E+03,5.038694E+03,1.408117E-01,6.613054E+03,5.159091E-02,0.000000E+00,0.000000E+00,3.060439E-02,5.154217E+02,2.225256E-01,2.772082E+03,2.839841E+03,8.526506E-02,3.973283E+03,3.060439E-02,0.000000E+00,0.000000E+00,5.159091E-02,8.688647E+02,3.036393E-01,3.874894E+03,3.966070E+03,1.403402E-01,6.599366E+03,5.159091E-02,0.000000E+00,0.000000E+00,3.060439E-02,5.154217E+02,2.333908E-01,2.893365E+03,2.967052E+03,8.595015E-02,3.993172E+03,3.060439E-02,0.000000E+00,0.000000E+00
15:20:00,6.805607E-02,1.157103E+03,3.485108E-01,4.519612E+03,4.646550E+03,6.805607E-02,5.306810E+03,6.805607E-02,0.000000E+00,0.000000E+00,5.159091E-02,8.771594E+02,3.940738E-01,4.876321E+03,4.998773E+03,1.408120E-01,6.613062E+03,5.159091E-02,0.000000E+00,0.000000E+00,3.060439E-02,5.203422E+02,2.219693E-01,2.760951E+03,2.828409E+03,8.526519E-02,3.973287E+03,3.060439E-02,0.000000E+00,0.000000E+00,5.159091E-02,8.771594E+02,3.043017E-01,3.873995E+03,3.965173E+03,1.403404E-01,6.599374E+03,5.159091E-02,0.000000E+00,0.000000E+00,3.060439E-02,5.203422E+02,2.409743E-01,2.973114E+03,3.048722E+03,8.595028E-02,3.993175E+03,3.060439E-02,0.000000E+00,0.000000E+00
15:30:00,6.805607E-02,1.168045E+03,3.489910E-01,4.514032E+03,4.640949E+03,6.805607E-02,5.306810E+03,6.805607E-02,0.000000E+00,0.000000E+00,5.159091E-02,8.854540E+02,3.908477E-01,4.832008E+03,4.953175E+03,1.408123E-01,6.613070E+03,5.159091E-02,0.000000E+00,0.000000E+00,3.060439E-02,5.252627E+02,2.213665E-01,2.749300E+03,2.816454E+03,8.526531E-02,3.973290E+03,3.060439E-02,0.000000E+00,0.000000E+00,5.159091E-02,8.854540E+02,3.048741E-01,3.872093E+03,3.963265E+03,1.403407E-01,6.599382E+03,5.159091E-02,0.000000E+00,0.000000E+00,3.060439E-02,5.252627E+02,2.487270E-01,3.054753E+03,3.132252E+03,8.595040E-02,3.993179E+03,3.060439E-02,0.000000E+00,0.000000E+00
15:40:00,6.805607E-02,1.178987E+03,3.494426E-01,4.508132E+03,4.635008E+03,6.805607E-02,5.306810E+03,6.805607E-02,0.000000E+00,0.000000E+00,5.159091E-02,8.937487E+02,3.871593E-01,4.782534E+03,4.902263E+03,1.408125E-01,6.613078E+03,5.159091E-02,0.000000E+00,0.000000E+00,3.060439E-02,5.301832E+02,2.207101E-01,2.737050E+03,2.803885E+03,8.526544E-02,3.973294E+03,3.060439E-02,0.000000E+00,0.000000E+00,5.159091E-02,8.937487E+02,3.053526E-01,3.869141E+03,3.960280E+03,1.403410E-01,6.599390E+03,5.159091E-02,0.000000E+00,0.000000E+00,3.060439E-02,5.301832E+02,2.565014E-01,3.136635E+03,3.215879E+03,8.595053E-02,3.993183E+03,3.060439E-02,0.000000E+00,0.000000E+00
15:50:00,6.805607E-02,1.189929E+03,3.498619E-01,4.501872E+03,4.628689E+03,6.805607E-02,5.306810E+03,6.805607E-02,0.000000E+00,0.000000E+00,5.159091E-02,9.020433E+02,3.830689E-01,4.728572E+03,4.846711E+03,1.408128E-01,6.613086E+03,5.159091E-02,0.000000E+00,0.000000E+00,3.060439E-02,5.351037E+02,2.199948E-01,2.724143E+03,2.790630E+03,8.526557E-02,3.973298E+03,3.060439E-02,0.000000E+00,0.000000E+00,5.159091E-02,9.020433E+02,3.057306E-01,3.865067E+03,3.956122E+03,1.403412E-01,6.599398E+03,5.159091E-02,0.000000E+00,0.000000E+00,3.060439E-02,5.351037E+02,2.641151E-01,3.216722E+03,3.297551E+03,8.595065E-02,3.993186E+03,3.060439E-02,0.000000E+00,0.000000E+00
16:00:00,6.805607E-02,1.200871E+03,3.502454E-01,4.495211E+03,4.621947E+03,6.805607E-02,5.306810E+03,6.805607E-02,0.000000E+00,0.000000E+00,5.159091E-02,9.103380E+02,3.786582E-01,4.671032E+03,4.787449E+03,1.408131E-01,6.613094E+03,5.159091E-02,0.000000E+00,0.000000E+00,3.060439E-02,5.400242E+02,2.192144E-01,2.710509E+03,2.776608E+03,8.526569E-02,3.973301E+03,3.060439E-02,0.000000E+00,0.000000E+00,5.159091E-02,9.103380E+02,3.059986E-01,3.859765E+03,3.950657E+03,1.403415E-01,6.599405E+03,5.159091E-02,0.000000E+00,0.000000E+00,3.060439E-02,5.400242E+02,2.714781E-01,3.294012E+03,3.376419E+03,8.595078E-02,3.993190E+03,3.060439E-02,0.000000E+00,0.000000E+00
16:10:00,6.805607E-02,1.215460E+03,3.505899E-01,4.484469E+03,4.611030E+03,6.805607E-02,5.306810E+03,6.805607E-02,0.000000E+00,0.000000E+00,5.159091E-02,9.213975E+02,3.742504E-01,4.610760E+03,4.725563E+03,1.408134E-01,6.613102E+03,5.159091E-02,0.000000E+00,0.000000E+00,3.060439E-02,5.465849E+02,2.183853E-01,2.694692E+03,2.760349E+03,8.526582E-02,3.973305E+03,3.060439E-02,0.000000E+00,0.000000E+00,5.159091E-02,9.213975E+02,3.061806E-01,3.850738E+03,3.941373E+03,1.403418E-01,6.599413E+03,5.159091E-02,0.000000E+00,0.000000E+00,3.060439E-02,5.465849E+02,2.785376E-01,3.366273E+03,3.450264E+03,8.595091E-02,3.993194E+03,3.060439E-02,0.000000E+00,0.000000E+00
16:20:00,6.805607E-02,1.230049E+03,3.508945E-01,4.473281E+03,4.599645E+03,6.805607E-02,5.306810E+03,6.805607E-02,0.000000E+00,0.000000E+00,5.159091E-02,9.324570E+02,3.700391E-01,4.552682E+03,4.665955E+03,1.408136E-01,6.613110E+03,5.159091E-02,0.000000E+00,0.000000E+00,3.060439E-02,5.531455E+02,2.175035E-01,2.678286E+03,2.743484E+03,8.526595E-02,3.973309E+03,3.060439E-02,0.000000E+00,0.000000E+00,5.159091E-02,9.324570E+02,3.062636E-01,3.840605E+03,3.930947E+03,1.403420E-01,6.599421E+03,5.159091E-02,0.000000E+00,0.000000E+00,3.060439E-02,5.531455E+02,2.852222E-01,3.434349E+03,3.519876E+03,8.595103E-02,3.993197E+03,3.060439E-02,0.000000E+00,0.000000E+00
16:30:00,6.805607E-02,1.244638E+03,3.511589E-01,4.461644E+03,4.587794E+03,6.805607E-02,5.306810E+03,6.805607E-02,0.000000E+00,0.000000E+00,5.159091E-02,9.435166E+02,3.660020E-01,4.496548E+03,4.608106E+03,1.408139E-01,6.613118E+03,5.159091E-02,0.000000E+00,0.000000E+00,3.060439E-02,5.597062E+02,2.165068E-01,2.660597E+03,2.725249E+03,8.526608E-02,3.973312E+03,3.060439E-02,0.000000E+00,0.000000E+00,5.159091E-02,9.435166E+02,3.061365E-01,3.828127E+03,3.918000E+03,1.403423E-01,6.599429E+03,5.159091E-02,0.000000E+00,0.000000E+00,3.060439E-02,5.597062E+02,2.915617E-01,3.498572E+03,3.585569E+03,8.595116E-02,3.993201E+03,3.060439E-02,0.000000E+00,0.000000E+00
16:40:00,6.805607E-02,1.259228E+03,3.513826E-01,4.449552E+03,4.575464E+03,6.805607E-02,5.306810E+03,6.805607E-02,0.000000E+00,0.000000E+00,5.159091E-02,9.545761E+02,3.623251E-01,4.444435E+03,4.554411E+03,1.408142E-01,6.613126E+03,5.159091E-02,0.000000E+00,0.000000E+00,3.060439E-02,5.662668E+02,2.154352E-01,2.642073E+03,2.706205E+03,8.526620E-02,3.973316E+03,3.060439E-02,0.000000E+00,0.000000E+00,5.159091E-02,9.545761E+02,3.058565E-01,3.813942E+03,3.903370E+03,1.403426E-01,6.599436E+03,5.159091E-02,0.000000E+00,0.000000E+00,3.060439E-02,5.662668E+02,2.975492E-01,3.558864E+03,3.647118E+03,8.595129E-02,3.993205E+03,3.060439E-02,0.000000E+00,0.000000E+00
16:50:00,6.805607E-02,1.273817E+03,3.515666E-01,4.437018E+03,4.562673E+03,6.805607E-02,5.306810E+03,6.805607E-02,0.000000E+00,0.000000E+00,5.159091E-02,9.656356E+02,3.590725E-01,4.397059E+03,4.505658E+03,1.408144E-01,6.613134E+03,5.159091E-02,0.000000E+00,0.000000E+00,3.060439E-02,5.728275E+02,2.142962E-01,2.622795E+03,2.686411E+03,8.526633E-02,3.973320E+03,3.060439E-02,0.000000E+00,0.000000E+00,5.159091E-02,9.656356E+02,3.054313E-01,3.798135E+03,3.887113E+03,1.403428E-01,6.599444E+03,5.159091E-02,0.000000E+00,0.000000E+00,3.060439E-02,5.728275E+02,3.032389E-01,3.615833E+03,3.705215E+03,8.595141E-02,3.993208E+03,3.060439E-02,0.000000E+00,0.000000E+00
17:00:00,6.805607E-02,1.288406E+03,3.516954E-01,4.423879E+03,4.549245E+03,6.805607E-02,5.306810E+03,6.805607E-02,0.000000E+00,0.000000E+00,5.159091E-02,9.766952E+02,3.562423E-01,4.354410E+03,4.461951E+03,1.408147E-01,6.613142E+03,5.159091E-02,0.000000E+00,0.000000E+00,3.060439E-02,5.793882E+02,2.130835E-01,2.602700E+03,2.665827E+03,8.526646E-02,3.973323E+03,3.060439E-02,0.000000E+00,0.000000E+00,5.159091E-02,9.766952E+02,3.048462E-01,3.780553E+03,3.869039E+03,1.403431E-01,6.599452E+03,5.159091E-02,0.000000E+00,0.000000E+00,3.060439E-02,5.793882E+02,3.085975E-01,3.669112E+03,3.759364E+03,8.595154E-02,3.993212E+03,3.060439E-02,0.000000E+00,0.000000E+00
17:10:00,6.805607E-02,1.306642E+03,3.517894E-01,4.406716E+03,4.531785E+03,6.805607E-02,5.306810E+03,6.805607E-02,0.000000E+00,0.000000E+00,5.159091E-02,9.905196E+02,3.536342E-01,4.311485E+03,4.417391E+03,1.408150E-01,6.613149E+03,5.159091E-02,0.000000E+00,0.000000E+00,3.060439E-02,5.875890E+02,2.118097E-01,2.580289E+03,2.642617E+03,8.526659E-02,3.973327E+03,3.060439E-02,0.000000E+00,0.000000E+00,5.159091E-02,9.905196E+02,3.041187E-01,3.758624E+03,3.846356E+03,1.403434E-01,6.599460E+03,5.159091E-02,0.000000E+00,0.000000E+00,3.060439E-02,5.875890E+02,3.135751E-01,3.716506E+03,3.808286E+03,8.595167E-02,3.993216E+03,3.060439E-02,0.000000E+00,0.000000E+00
17:20:00,6.805607E-02,1.324879E+03,3.518505E-01,4.389187E+03,4.513859E+03,6.805607E-02,5.306810E+03,6.805607E-02,0.000000E+00,0.000000E+00,5.159091E-02,1.004344E+03,3.511310E-01,4.269731E+03,4.374913E+03,1.408153E-01,6.613157E+03,5.159091E-02,0.000000E+00,0.000000E+00,3.060439E-02,5.957898E+02,2.104716E-01,2.557160E+03,2.619014E+03,8.526671E-02,3.973331E+03,3.060439E-02,0.000000E+00,0.000000E+00,5.159091E-02,1.004344E+03,3.032493E-01,3.735112E+03,3.822180E+03,1.403436E-01,6.599467E+03,5.159091E-02,0.000000E+00,0.000000E+00,3.060439E-02,5.957898E+02,3.181057E-01,3.758911E+03,3.851005E+03,8.595179E-02,3.993219E+03,3.060439E-02,0.000000E+00,0.000000E+00
17:30:00,6.805607E-02,1.343115E+03,3.518785E-01,4.371289E+03,4.495554E+03,6.805607E-02,5.306810E+03,6.805607E-02,0.000000E+00,0.000000E+00,5.159091E-02,1.018168E+03,3.487912E-01,4.229802E+03,4.334200E+03,1.408155E-01,6.613165E+03,5.159091E-02,0.000000E+00,0.000000E+00,3.060439E-02,6.039906E+02,2.091289E-01,2.533980E+03,2.595305E+03,8.526684E-02,3.973335E+03,3.060439E-02,0.000000E+00,0.000000E+00,5.159091E-02,1.018168E+03,3.023461E-01,3.711223E+03,3.797652E+03,1.403439E-01,6.599475E+03,5.159091E-02,0.000000E+00,0.000000E+00,3.060439E-02,6.039906E+02,3.220491E-01,3.794760E+03,3.887472E+03,8.595192E-02,3.993223E+03,3.060439E-02,0.000000E+00,0.000000E+00
17:40:00,6.805607E-02,1.361352E+03,3.518871E-01,4.353173E+03,4.477038E+03,6.805607E-02,5.306810E+03,6.805607E-02,0.000000E+00,0.000000E+00,5.159091E-02,1.031993E+03,3.464700E-01,4.190081E+03,4.293567E+03,1.408158E-01,6.613173E+03,5.159091E-02,0.000000E+00,0.000000E+00,3.060439E-02,6.121914E+02,2.077401E-01,2.510285E+03,2.571012E+03,8.526697E-02,3.973338E+03,3.060439E-02,0.000000E+00,0.000000E+00,5.159091E-02,1.031993E+03,3.013661E-01,3.686475E+03,3.772225E+03,1.403442E-01,6.599483E+03,5.159091E-02,0.000000E+00,0.000000E+00,3.060439E-02,6.121914E+02,3.254677E-01,3.824750E+03,3.918190E+03,8.595205E-02,3.993227E+03,3.060439E-02,0.000000E+00,0.000000E+00
17:50:00,6.805607E-02,1.379588E+03,3.519045E-01,4.335156E+03,4.458646E+03,6.805607E-02,5.306810E+03,6.805607E-02,0.000000E+00,0.000000E+00,5.159091E-02,1.045817E+03,3.441143E-01,4.149974E+03,4.252441E+03,1.408161E-01,6.613180E+03,5.159091E-02,0.000000E+00,0.000000E+00,3.060439E-02,6.203923E+02,2.062974E-01,2.485987E+03,2.546060E+03,8.526709E-02,3.973342E+03,3.060439E-02,0.000000E+00,0.000000E+00,5.159091E-02,1.045817E+03,3.004598E-01,3.662550E+03,3.747725E+03,1.403444E-01,6.599490E+03,5.159091E-02,0.000000E+00,0.000000E+00,3.060439E-02,6.203923E+02,3.283695E-01,3.848971E+03,3.943067E+03,8.595217E-02,3.993230E+03,3.060439E-02,0.000000E+00,0.000000E+00
18:00:00,6.805607E-02,1.397825E+03,3.519780E-01,4.317753E+03,4.440928E+03,6.805607E-02,5.306810E+03,6.805607E-02,0.000000E+00,0.000000E+00,5.159091E-02,1.059642E+03,3.417073E-01,4.109285E+03,4.210657E+03,1.408163E-01,6.613188E+03,5.159091E-02,0.000000E+00,0.000000E+00,3.060439E-02,6.285931E+02,2.048074E-01,2.461156E+03,2.520538E+03,8.526722E-02,3.973346E+03,3.060439E-02,0.000000E+00,0.000000E+00,5.159091E-02,1.059642E+03,3.000103E-01,3.643716E+03,3.728671E+03,1.403447E-01,6.599498E+03,5.159091E-02,0.000000E+00,0.000000E+00,3.060439E-02,6.285931E+02,3.307215E-01,3.867043E+03,3.961646E+03,8.595230E-02,3.993234E+03,3.060439E-02,0.000000E+00,0.000000E+00
18:10:00,6.805607E-02,1.425179E+03,3.521125E-01,4.291900E+03,4.414605E+03,6.805607E-02,5.306810E+03,6.805607E-02,0.000000E+00,0.000000E+00,5.159091E-02,1.080378E+03,3.391897E-01,4.060439E+03,4.160478E+03,1.430144E-01,6.677001E+03,5.159091E-02,0.000000E+00,0.000000E+00,3.060439E-02,6.408943E+02,2.032481E-01,2.431445E+03,2.489998E+03,8.673258E-02,4.015886E+03,3.060439E-02,0.000000E+00,0.000000E+00,5.159091E-02,1.080378E+03,3.001080E-01,3.624070E+03,3.708696E+03,1.426443E-01,6.666259E+03,5.159091E-02,0.000000E+00,0.000000E+00,3.060439E-02,6.408943E+02,3.324573E-01,3.874125E+03,3.969009E+03,8.741766E-02,4.035774E+03,3.060439E-02,0.000000E+00,0.000000E+00
18:20:00,6.805607E-02,1.452534E+03,3.523203E-01,4.266866E+03,4.389130E+03,6.805607E-02,5.306810E+03,6.805607E-02,0.000000E+00,0.000000E+00,5.159091E-02,1.101115E+03,3.365360E-01,4.010073E+03,4.108716E+03,1.452129E-01,6.740826E+03,5.159091E-02,0.000000E+00,0.000000E+00,3.060439E-02,6.531956E+02,2.016255E-01,2.401027E+03,2.458726E+03,8.819821E-02,4.058435E+03,3.060439E-02,0.000000E+00,0.000000E+00,5.159091E-02,1.101115E+03,3.008226E-01,3.611312E+03,3.695685E+03,1.449444E-01,6.733032E+03,5.159091E-02,0.000000E+00,0.000000E+00,3.060439E-02,6.531956E+02,3.335221E-01,3.873714E+03,3.968800E+03,8.888328E-02,4.078323E+03,3.060439E-02,0.000000E+00,0.000000E+00
18:30:00,6.805607E-02,1.479889E+03,3.526046E-01,4.242686E+03,4.364552E+03,6.805607E-02,5.306810E+03,6.805607E-02,0.000000E+00,0.000000E+00,5.159091E-02,1.121852E+03,3.337329E-01,3.958038E+03,4.055224E+03,1.474125E-01,6.804683E+03,5.159091E-02,0.000000E+00,0.000000E+00,3.060439E-02,6.654968E+02,1.999460E-01,2.369973E+03,2.426797E+03,8.966451E-02,4.101005E+03,3.060439E-02,0.000000E+00,0.000000E+00,5.159091E-02,1.121852E+03,3.021565E-01,3.605469E+03,3.689844E+03,1.472455E-01,6.799838E+03,5.159091E-02,0.000000E+00,0.000000E+00,3.060439E-02,6.654968E+02,3.338303E-01,3.864854E+03,3.960061E+03,9.034959E-02,4.120893E+03,3.060439E-02,0.000000E+00,0.000000E+00
18:40:00,6.805607E-02,1.507244E+03,3.529435E-01,4.219115E+03,4.340623E+03,6.805607E-02,5.306810E+03,6.805607E-02,0.000000E+00,0.000000E+00,5.159091E-02,1.142588E+03,3.307760E-01,3.904286E+03,3.999934E+03,1.496133E-01,6.868578E+03,5.159091E-02,0.000000E+00,0.000000E+00,3.060439E-02,6.777980E+02,1.982170E-01,2.338366E+03,2.394284E+03,9.113161E-02,4.143599E+03,3.060439E-02,0.000000E+00,0.000000E+00,5.159091E-02,1.142588E+03,3.039380E-01,3.604622E+03,3.689267E+03,1.495480E-01,6.866685E+03,5.159091E-02,0.000000E+00,0.000000E+00,3.060439E-02,6.777980E+02,3.332470E-01,3.846041E+03,3.941223E+03,9.181670E-02,4.163488E+03,3.060439E-02,0.000000E+00,0.000000E+00
18:50:00,6.805607E-02,1.534598E+03,3.532907E-01,4.195636E+03,4.316794E+03,6.805607E-02,5.306810E+03,6.805607E-02,0.000000E+00,0.000000E+00,5.159091E-02,1.163325E+03,3.276641E-01,3.848804E+03,3.942812E+03,1.518151E-01,6.932507E+03,5.159091E-02,0.000000E+00,0.000000E+00,3.060439E-02,6.900993E+02,1.964442E-01,2.306271E+03,2.361246E+03,9.259937E-02,4.186216E+03,3.060439E-02,0.000000E+00,0.000000E+00,5.159091E-02,1.163325E+03,3.058414E-01,3.605137E+03,3.690261E+03,1.518514E-01,6.933565E+03,5.159091E-02,0.000000E+00,0.000000E+00,3.060439E-02,6.900993E+02,3.316264E-01,3.815646E+03,3.910571E+03,9.328447E-02,4.206105E+03,3.060439E-02,0.000000E+00,0.000000E+00
19:00:00,6.805607E-02,1.561953E+03,3.535906E-01,4.171631E+03,4.292405E+03,6.805607E-02,5.306810E+03,6.805607E-02,0.000000E+00,0.000000E+00,5.159091E-02,1.184061E+03,3.243242E-01,3.790776E+03,3.882956E+03,1.540177E-01,6.996463E+03,5.159091E-02,0.000000E+00,0.000000E+00,3.060439E-02,7.024005E+02,1.945920E-01,2.273290E+03,2.327241E+03,9.406770E-02,4.228850E+03,3.060439E-02,0.000000E+00,0.000000E+00,5.159091E-02,1.184061E+03,3.072739E-01,3.600395E+03,3.685758E+03,1.541558E-01,7.000474E+03,5.159091E-02,0.000000E+00,0.000000E+00,3.060439E-02,7.024005E+02,3.287314E-01,3.771022E+03,3.865361E+03,9.475281E-02,4.248740E+03,3.060439E-02,0.000000E+00,0.000000E+00
19:10:00,6.805607E-02,1.582013E+03,3.537898E-01,4.153794E+03,4.274261E+03,6.805607E-02,5.306810E+03,6.805607E-02,0.000000E+00,0.000000E+00,5.159091E-02,1.199268E+03,3.214011E-01,3.742933E+03,3.830305E+03,1.540233E-01,6.996637E+03,5.159091E-02,0.000000E+00,0.000000E+00,3.060439E-02,7.114214E+02,1.930779E-01,2.247363E+03,2.298292E+03,9.407130E-02,4.228963E+03,3.060439E-02,0.000000E+00,0.000000E+00,5.159091E-02,1.199268E+03,3.087035E-01,3.601151E+03,3.683704E+03,1.541615E-01,7.000655E+03,5.159091E-02,0.000000E+00,0.000000E+00,3.060439E-02,7.114214E+02,3.249584E-01,3.719876E+03,3.809866E+03,9.475641E-02,4.248853E+03,3.060439E-02,0.000000E+00,0.000000E+00
19:20:00,6.805607E-02,1.602073E+03,3.538474E-01,4.134377E+03,4.254449E+03,6.805607E-02,5.306810E+03,6.805607E-02,0.000000E+00,0.000000E+00,5.159091E-02,1.214475E+03,3.183387E-01,3.693535E+03,3.762581E+03,1.540292E-01,6.996821E+03,5.159091E-02,0.000000E+00,0.000000E+00,3.060439E-02,7.204423E+02,1.915302E-01,2.221063E+03,2.259930E+03,9.407507E-02,4.229082E+03,3.060439E-02,0.000000E+00,0.000000E+00,5.159091E-02,1.214475E+03,3.093683E-01,3.593369E+03,3.658876E+03,1.541676E-01,7.000845E+03,5.159091E-02,0.000000E+00,0.000000E+00,3.060439E-02,7.204423E+02,3.198586E-01,3.653918E+03,3.726779E+03,9.476020E-02,4.248972E+03,3.060439E-02,0.000000E+00,0.000000E+00
19:30:00,6.805607E-02,1.622133E+03,3.537386E-01,4.113103E+03,4.232676E+03,6.805607E-02,5.306810E+03,6.805607E-02,0.000000E+00,0.000000E+00,5.159091E-02,1.229682E+03,3.151368E-01,3.642581E+03,3.693201E+03,1.540346E-01,6.996991E+03,5.159091E-02,0.000000E+00,0.000000E+00,3.060439E-02,7.294632E+02,1.899456E-01,2.194352E+03,2.221166E+03,9.407856E-02,4.229192E+03,3.060439E-02,0.000000E+00,0.000000E+00,5.159091E-02,1.229682E+03,3.091028E-01,3.575203E+03,3.622690E+03,1.541732E-01,7.001020E+03,5.159091E-02,0.000000E+00,0.000000E+00,3.060439E-02,7.294632E+02,3.134018E-01,3.572809E+03,3.631001E+03,9.476369E-02,4.249083E+03,3.060439E-02,0.000000E+00,0.000000E+00
19:40:00,6.805607E-02,1.642193E+03,3.534507E-01,4.089828E+03,4.208790E+03,6.805607E-02,5.306810E+03,6.805607E-02,0.000000E+00,0.000000E+00,5.159091E-02,1.244889E+03,3.117864E-01,3.589970E+03,3.628758E+03,1.540393E-01,6.997138E+03,5.159091E-02,0.000000E+00,0.000000E+00,3.060439E-02,7.384841E+02,1.883078E-01,2.167047E+03,2.186291E+03,9.408160E-02,4.229287E+03,3.060439E-02,0.000000E+00,0.000000E+00,5.159091E-02,1.244889E+03,3.077234E-01,3.544600E+03,3.580153E+03,1.541781E-01,7.001172E+03,5.159091E-02,0.000000E+00,0.000000E+00,3.060439E-02,7.384841E+02,3.054315E-01,3.474804E+03,3.525429E+03,9.476674E-02,4.249178E+03,3.060439E-02,0.000000E+00,0.000000E+00
19:50:00,6.805607E-02,1.662253E+03,3.529698E-01,4.064399E+03,4.182617E+03,6.805607E-02,5.306810E+03,6.805607E-02,0.000000E+00,0.000000E+00,5.159091E-02,1.260096E+03,3.082607E-01,3.535404E+03,3.566493E+03,1.540434E-01,6.997267E+03,5.159091E-02,0.000000E+00,0.000000E+00,3.060439E-02,7.475050E+02,1.865854E-01,2.138799E+03,2.153269E+03,9.408428E-02,4.229371E+03,3.060439E-02,0.000000E+00,0.000000E+00,5.159091E-02,1.260096E+03,3.048630E-01,3.497464E+03,3.524762E+03,1.541824E-01,7.001306E+03,5.159091E-02,0.000000E+00,0.000000E+00,3.060439E-02,7.475050E+02,2.956991E-01,3.357123E+03,3.403012E+03,9.476942E-02,4.249262E+03,3.060439E-02,0.000000E+00,0.000000E+00
20:00:00,6.805607E-02,1.682314E+03,3.522767E-01,4.036601E+03,4.153935E+03,6.805607E-02,5.306810E+03,6.805607E-02,0.000000E+00,0.000000E+00,5.159091E-02,1.275303E+03,3.046374E-01,3.479747E+03,3.505488E+03,1.540471E-01,6.997380E+03,5.159091E-02,0.000000E+00,0.000000E+00,3.060439E-02,7.565259E+02,1.848037E-01,2.109889E+03,2.121152E+03,9.408667E-02,4.229444E+03,3.060439E-02,0.000000E+00,0.000000E+00,5.159091E-02,1.275303E+03,3.006880E-01,3.435649E+03,3.457013E+03,1.541862E-01,7.001423E+03,5.159091E-02,0.000000E+00,0.000000E+00,3.060439E-02,7.565259E+02,2.846879E-01,3.225163E+03,3.267473E+03,9.477181E-02,4.249335E+03,3.060439E-02,0.000000E+00,0.000000E+00
20:10:00,6.805607E-02,1.698726E+03,3.513625E-01,4.009980E+03,4.126382E+03,6.805607E-02,5.306810E+03,6.805607E-02,0.000000E+00,0.000000E+00,5.159091E-02,1.287745E+03,3.002606E-01,3.418441E+03,3.439539E+03,1.540504E-01,6.997481E+03,5.159091E-02,0.000000E+00,0.000000E+00,3.060439E-02,7.639067E+02,1.825250E-01,2.077069E+03,2.085627E+03,9.408879E-02,4.229509E+03,3.060439E-02,0.000000E+00,0.000000E+00,5.159091E-02,1.287745E+03,2.945964E-01,3.355198E+03,3.371096E+03,1.541896E-01,7.001527E+03,5.159091E-02,0.000000E+00,0.000000E+00,3.060439E-02,7.639067E+02,2.723782E-01,3.080343E+03,3.119002E+03,9.477393E-02,4.249400E+03,3.060439E-02,0.000000E+00,0.000000E+00
20:20:00,6.805607E-02,1.715139E+03,3.502363E-01,3.980993E+03,4.096376E+03,6.805607E-02,5.306810E+03,6.805607E-02,0.000000E+00,0.000000E+00,5.159091E-02,1.300187E+03,2.958567E-01,3.356833E+03,3.374265E+03,1.540533E-01,6.997570E+03,5.159091E-02,0.000000E+00,0.000000E+00,3.060439E-02,7.712874E+02,1.801921E-01,2.043644E+03,2.050117E+03,9.409069E-02,4.229567E+03,3.060439E-02,0.000000E+00,0.000000E+00,5.159091E-02,1.300187E+03,2.879336E-01,3.268368E+03,3.279690E+03,1.541926E-01,7.001618E+03,5.159091E-02,0.000000E+00,0.000000E+00,3.060439E-02,7.712874E+02,2.601451E-01,2.936377E+03,2.971368E+03,9.477582E-02,4.249458E+03,3.060439E-02,0.000000E+00,0.000000E+00
20:30:00,6.805607E-02,1.731552E+03,3.489361E-01,3.950065E+03,4.064372E+03,6.805607E-02,5.306810E+03,6.805607E-02,0.000000E+00,0.000000E+00,5.159091E-02,1.312629E+03,2.915092E-01,3.295851E+03,3.310168E+03,1.540559E-01,6.997648E+03,5.159091E-02,0.000000E+00,0.000000E+00,3.060439E-02,7.786682E+02,1.778406E-01,2.010009E+03,2.014741E+03,9.409237E-02,4.229618E+03,3.060439E-02,0.000000E+00,0.000000E+00,5.159091E-02,1.312629E+03,2.810641E-01,3.179228E+03,3.185987E+03,1.541953E-01,7.001699E+03,5.159091E-02,0.000000E+00,0.000000E+00,3.060439E-02,7.786682E+02,2.484657E-01,2.798591E+03,2.829349E+03,9.477750E-02,4.249508E+03,3.060439E-02,0.000000E+00,0.000000E+00
20:40:00,6.805607E-02,1.747965E+03,3.475130E-01,3.917762E+03,4.030936E+03,6.805607E-02,5.306810E+03,6.805607E-02,0.000000E+00,0.000000E+00,5.159091E-02,1.325071E+03,2.872821E-01,3.236213E+03,3.247712E+03,1.540583E-01,6.997718E+03,5.159091E-02,0.000000E+00,0.000000E+00,3.060439E-02,7.860489E+02,1.755002E-01,1.976497E+03,1.979657E+03,9.409387E-02,4.229663E+03,3.060439E-02,0.000000E+00,0.000000E+00,5.159091E-02,1.325071E+03,2.744028E-01,3.092411E+03,3.094504E+03,1.541977E-01,7.001771E+03,5.159091E-02,0.000000E+00,0.000000E+00,3.060439E-02,7.860489E+02,2.378060E-01,2.672188E+03,2.698403E+03,9.477900E-02,4.249553E+03,3.060439E-02,0.000000E+00,0.000000E+00
20:50:00,6.805607E-02,1.764378E+03,3.460276E-01,3.884765E+03,3.996755E+03,6.805607E-02,5.306810E+03,6.805607E-02,0.000000E+00,0.000000E+00,5.159091E-02,1.337513E+03,2.832534E-01,3.178789E+03,3.187723E+03,1.540603E-01,6.997780E+03,5.159091E-02,0.000000E+00,0.000000E+00,3.060439E-02,7.934296E+02,1.732235E-01,1.943696E+03,1.945420E+03,9.409521E-02,4.229703E+03,3.060439E-02,0.000000E+00,0.000000E+00,5.159091E-02,1.337513E+03,2.685495E-01,3.014615E+03,3.012652E+03,1.541998E-01,7.001835E+03,5.159091E-02,0.000000E+00,0.000000E+00,3.060439E-02,7.934296E+02,2.287442E-01,2.563626E+03,2.585828E+03,9.478033E-02,4.249593E+03,3.060439E-02,0.000000E+00,0.000000E+00
21:00:00,6.805607E-02,1.780790E+03,3.445502E-01,3.851856E+03,3.962660E+03,6.805607E-02,5.306810E+03,6.805607E-02,0.000000E+00,0.000000E+00,5.159091E-02,1.349954E+03,2.794662E-01,3.124061E+03,3.130667E+03,1.540622E-01,6.997836E+03,5.159091E-02,0.000000E+00,0.000000E+00,3.060439E-02,8.008104E+02,1.710382E-01,1.911916E+03,1.912320E+03,9.409640E-02,4.229739E+03,3.060439E-02,0.000000E+00,0.000000E+00,5.159091E-02,1.349954E+03,2.636122E-01,2.947046E+03,2.941847E+03,1.542017E-01,7.001893E+03,5.159091E-02,0.000000E+00,0.000000E+00,3.060439E-02,8.008104E+02,2.212349E-01,2.472399E+03,2.491360E+03,9.478152E-02,4.249629E+03,3.060439E-02,0.000000E+00,0.000000E+00
21:10:00,6.805607E-02,1.797203E+03,3.431426E-01,3.819727E+03,3.929405E+03,6.805607E-02,5.306810E+03,6.805607E-02,0.000000E+00,0.000000E+00,5.159091E-02,1.362396E+03,2.760181E-01,3.073119E+03,3.077728E+03,1.540639E-01,6.997885E+03,5.159091E-02,0.000000E+00,0.000000E+00,3.060439E-02,8.081911E+02,1.690079E-01,1.881866E+03,1.881115E+03,9.409748E-02,4.229771E+03,3.060439E-02,0.000000E+00,0.000000E+00,5.159091E-02,1.362396E+03,2.596897E-01,2.890806E+03,2.883397E+03,1.542034E-01,7.001944E+03,5.159091E-02,0.000000E+00,0.000000E+00,3.060439E-02,8.081911E+02,2.151450E-01,2.397020E+03,2.413585E+03,9.478259E-02,4.249661E+03,3.060439E-02,0.000000E+00,0.000000E+00
21:20:00,6.805607E-02,1.813616E+03,3.418421E-01,3.788793E+03,3.897453E+03,6.805607E-02,5.306810E+03,6.805607E-02,0.000000E+00,0.000000E+00,5.159091E-02,1.374838E+03,2.727844E-01,3.024571E+03,3.027344E+03,1.540654E-01,6.997930E+03,5.159091E-02,0.000000E+00,0.000000E+00,3.060439E-02,8.155719E+02,1.670749E-01,1.852901E+03,1.851075E+03,9.409844E-02,4.229799E+03,3.060439E-02,0.000000E+00,0.000000E+00,5.159091E-02,1.374838E+03,2.561742E-01,2.839112E+03,2.829781E+03,1.542050E-01,7.001990E+03,5.159091E-02,0.000000E+00,0.000000E+00,3.060439E-02,8.155719E+02,2.097763E-01,2.329694E+03,2.344150E+03,9.478355E-02,4.249689E+03,3.060439E-02,0.000000E+00,0.000000E+00
21:30:00,6.805607E-02,1.830029E+03,3.406506E-01,3.759077E+03,3.866819E+03,6.805607E-02,5.306810E+03,6.805607E-02,0.000000E+00,0.000000E+00,5.159091E-02,1.387280E+03,2.697242E-01,2.977961E+03,2.979001E+03,1.540667E-01,6.997970E+03,5.159091E-02,0.000000E+00,0.000000E+00,3.060439E-02,8.229526E+02,1.652201E-01,1.824811E+03,1.821957E+03,9.409931E-02,4.229825E+03,3.060439E-02,0.000000E+00,0.000000E+00,5.159091E-02,1.387280E+03,2.529068E-01,2.790187E+03,2.779043E+03,1.542064E-01,7.002031E+03,5.159091E-02,0.000000E+00,0.000000E+00,3.060439E-02,8.229526E+02,2.049184E-01,2.268071E+03,2.280577E+03,9.478442E-02,4.249715E+03,3.060439E-02,0.000000E+00,0.000000E+00
21:40:00,6.805607E-02,1.846442E+03,3.395785E-01,3.730694E+03,3.837462E+03,6.805607E-02,5.306810E+03,6.805607E-02,0.000000E+00,0.000000E+00,5.159091E-02,1.399722E+03,2.668304E-01,2.933207E+03,2.932305E+03,1.540680E-01,6.998007E+03,5.159091E-02,0.000000E+00,0.000000E+00,3.060439E-02,8.303333E+02,1.634490E-01,1.797655E+03,1.793649E+03,9.410010E-02,4.229848E+03,3.060439E-02,0.000000E+00,0.000000E+00,5.159091E-02,1.399722E+03,2.498548E-01,2.743668E+03,2.730467E+03,1.542076E-01,7.002069E+03,5.159091E-02,0.000000E+00,0.000000E+00,3.060439E-02,8.303333E+02,2.004981E-01,2.211334E+03,2.221657E+03,9.478521E-02,4.249738E+03,3.060439E-02,0.000000E+00,0.000000E+00
21:50:00,6.805607E-02,1.862855E+03,3.385729E-01,3.703032E+03,3.808694E+03,6.805607E-02,5.306810E+03,6.805607E-02,0.000000E+00,0.000000E+00,5.159091E-02,1.412164E+03,2.640685E-01,2.889916E+03,2.886887E+03,1.540691E-01,6.998040E+03,5.159091E-02,0.000000E+00,0.000000E+00,3.060439E-02,8.377141E+02,1.617391E-01,1.771175E+03,1.765903E+03,9.410082E-02,4.229869E+03,3.060439E-02,0.000000E+00,0.000000E+00,5.159091E-02,1.412164E+03,2.469610E-01,2.698904E+03,2.683428E+03,1.542088E-01,7.002103E+03,5.159091E-02,0.000000E+00,0.000000E+00,3.060439E-02,8.377141E+02,1.964397E-01,2.158631E+03,2.166626E+03,9.478592E-02,4.249759E+03,3.060439E-02,0.000000E+00,0.000000E+00
22:00:00,6.805607E-02,1.879267E+03,3.376448E-01,3.676234E+03,3.781189E+03,6.805607E-02,5.306810E+03,6.805607E-02,0.000000E+00,0.000000E+00,5.159091E-02,1.424606E+03,2.614296E-01,2.847997E+03,2.843464E+03,1.540701E-01,6.998071E+03,5.159091E-02,0.000000E+00,0.000000E+00,3.060439E-02,8.450948E+02,1.600898E-01,1.745373E+03,1.739182E+03,9.410148E-02,4.229889E+03,3.060439E-02,0.000000E+00,0.000000E+00,5.159091E-02,1.424606E+03,2.442156E-01,2.655796E+03,2.638729E+03,1.542099E-01,7.002134E+03,5.159091E-02,0.000000E+00,0.000000E+00,3.060439E-02,8.450948E+02,1.927024E-01,2.109513E+03,2.115972E+03,9.478658E-02,4.249779E+03,3.060439E-02,0.000000E+00,0.000000E+00
22:10:00,6.805607E-02,1.892033E+03,3.367744E-01,3.653726E+03,3.758074E+03,6.805607E-02,5.306810E+03,6.805607E-02,0.000000E+00,0.000000E+00,5.159091E-02,1.434283E+03,2.589081E-01,2.810153E+03,2.804225E+03,1.540711E-01,6.998099E+03,5.159091E-02,0.000000E+00,0.000000E+00,3.060439E-02,8.508354E+02,1.584994E-01,1.721868E+03,1.714819E+03,9.410208E-02,4.229906E+03,3.060439E-02,0.000000E+00,0.000000E+00,5.159091E-02,1.434283E+03,2.416082E-01,2.616995E+03,2.598450E+03,1.542108E-01,7.002163E+03,5.159091E-02,0.000000E+00,0.000000E+00,3.060439E-02,8.508354E+02,1.892559E-01,2.065282E+03,2.070332E+03,9.478718E-02,4.249796E+03,3.060439E-02,0.000000E+00,0.000000E+00
22:20:00,6.805607E-02,1.904798E+03,3.359547E-01,3.631785E+03,3.735550E+03,6.805607E-02,5.306810E+03,6.805607E-02,0.000000E+00,0.000000E+00,5.159091E-02,1.443961E+03,2.564927E-01,2.773496E+03,2.766215E+03,1.540720E-01,6.998125E+03,5.159091E-02,0.000000E+00,0.000000E+00,3.060439E-02,8.565760E+02,1.569647E-01,1.698984E+03,1.691101E+03,9.410264E-02,4.229923E+03,3.060439E-02,0.000000E+00,0.000000E+00,5.159091E-02,1.443961E+03,2.391266E-01,2.579600E+03,2.559624E+03,1.542117E-01,7.002190E+03,5.159091E-02,0.000000E+00,0.000000E+00,3.060439E-02,8.565760E+02,1.860701E-01,2.023963E+03,2.027686E+03,9.478774E-02,4.249813E+03,3.060439E-02,0.000000E+00,0.000000E+00
22:30:00,6.805607E-02,1.917564E+03,3.351790E-01,3.610335E+03,3.713540E+03,6.805607E-02,5.306810E+03,6.805607E-02,0.000000E+00,0.000000E+00,5.159091E-02,1.453638E+03,2.541719E-01,2.737895E+03,2.729297E+03,1.540728E-01,6.998150E+03,5.159091E-02,0.000000E+00,0.000000E+00,3.060439E-02,8.623165E+02,1.554802E-01,1.676662E+03,1.667962E+03,9.410316E-02,4.229938E+03,3.060439E-02,0.000000E+00,0.000000E+00,5.159091E-02,1.453638E+03,2.367532E-01,2.543412E+03,2.522038E+03,1.542126E-01,7.002215E+03,5.159091E-02,0.000000E+00,0.000000E+00,3.060439E-02,8.623165E+02,1.831136E-01,1.985204E+03,1.987670E+03,9.478825E-02,4.249828E+03,3.060439E-02,0.000000E+00,0.000000E+00
22:40:00,6.805607E-02,1.930329E+03,3.344182E-01,3.589052E+03,3.691672E+03,6.805607E-02,5.306810E+03,6.805607E-02,0.000000E+00,0.000000E+00,5.159091E-02,1.463315E+03,2.519219E-01,2.703084E+03,2.693182E+03,1.540736E-01,6.998172E+03,5.159091E-02,0.000000E+00,0.000000E+00,3.060439E-02,8.680571E+02,1.540326E-01,1.654752E+03,1.645240E+03,9.410364E-02,4.229952E+03,3.060439E-02,0.000000E+00,0.000000E+00,5.159091E-02,1.463315E+03,2.344677E-01,2.508206E+03,2.485445E+03,1.542134E-01,7.002238E+03,5.159091E-02,0.000000E+00,0.000000E+00,3.060439E-02,8.680571E+02,1.803497E-01,1.948596E+03,1.949855E+03,9.478874E-02,4.249842E+03,3.060439E-02,0.000000E+00,0.000000E+00
22:50:00,6.805607E-02,1.943095E+03,3.337061E-01,3.568334E+03,3.670408E+03,6.805607E-02,5.306810E+03,6.805607E-02,0.000000E+00,0.000000E+00,5.159091E-02,1.472992E+03,2.497497E-01,2.669152E+03,2.657978E+03,1.540743E-01,6.998194E+03,5.159091E-02,0.000000E+00,0.000000E+00,3.060439E-02,8.737977E+02,1.526295E-01,1.633345E+03,1.623039E+03,9.410410E-02,4.229966E+03,3.060439E-02,0.000000E+00,0.000000E+00,5.159091E-02,1.472992E+03,2.322838E-01,2.474143E+03,2.450042E+03,1.542141E-01,7.002260E+03,5.159091E-02,0.000000E+00,0.000000E+00,3.060439E-02,8.737977E+02,1.777660E-01,1.914007E+03,1.914122E+03,9.478919E-02,4.249855E+03,3.060439E-02,0.000000E+00,0.000000E+00
23:00:00,6.805607E-02,1.955860E+03,3.330156E-01,3.547858E+03,3.649383E+03,6.805607E-02,5.306810E+03,6.805607E-02,0.000000E+00,0.000000E+00,5.159091E-02,1.482669E+03,2.476411E-01,2.635932E+03,2.623509E+03,1.540750E-01,6.998214E+03,5.159091E-02,0.000000E+00,0.000000E+00,3.060439E-02,8.795383E+02,1.512652E-01,1.612371E+03,1.601287E+03,9.410453E-02,4.229978E+03,3.060439E-02,0.000000E+00,0.000000E+00,5.159091E-02,1.482669E+03,2.301859E-01,2.441042E+03,2.415636E+03,1.542149E-01,7.002281E+03,5.159091E-02,0.000000E+00,0.000000E+00,3.060439E-02,8.795383E+02,1.753366E-01,1.881140E+03,1.880166E+03,9.478962E-02,4.249868E+03,3.060439E-02,0.000000E+00,0.000000E+00
23:10:00,6.805607E-02,1.968626E+03,3.323527E-01,3.527691E+03,3.628676E+03,6.805607E-02,5.306810E+03,6.805607E-02,0.000000E+00,0.000000E+00,5.159091E-02,1.492346E+03,2.455818E-01,2.603262E+03,2.589599E+03,1.540757E-01,6.998234E+03,5.159091E-02,0.000000E+00,0.000000E+00,3.060439E-02,8.852789E+02,1.499293E-01,1.591715E+03,1.579858E+03,9.410493E-02,4.229990E+03,3.060439E-02,0.000000E+00,0.000000E+00,5.159091E-02,1.492346E+03,2.281541E-01,2.408680E+03,2.381985E+03,1.542155E-01,7.002300E+03,5.159091E-02,0.000000E+00,0.000000E+00,3.060439E-02,8.852789E+02,1.730339E-01,1.849689E+03,1.847664E+03,9.479002E-02,4.249879E+03,3.060439E-02,0.000000E+00,0.000000E+00
23:20:00,6.805607E-02,1.981392E+03,3.317129E-01,3.507781E+03,3.608233E+03,6.805607E-02,5.306810E+03,6.805607E-02,0.000000E+00,0.000000E+00,5.159091E-02,1.502023E+03,2.435654E-01,2.571071E+03,2.556175E+03,1.540763E-01,6.998252E+03,5.159091E-02,0.000000E+00,0.000000E+00,3.060439E-02,8.910194E+02,1.486187E-01,1.571341E+03,1.558715E+03,9.410532E-02,4.230001E+03,3.060439E-02,0.000000E+00,0.000000E+00,5.159091E-02,1.502023E+03,2.261797E-01,2.376958E+03,2.348986E+03,1.542162E-01,7.002319E+03,5.159091E-02,0.000000E+00,0.000000E+00,3.060439E-02,8.910194E+02,1.708383E-01,1.819433E+03,1.816384E+03,9.479041E-02,4.249891E+03,3.060439E-02,0.000000E+00,0.000000E+00
23:30:00,6.805607E-02,1.994157E+03,3.310933E-01,3.488098E+03,3.588023E+03,6.805607E-02,5.306810E+03,6.805607E-02,0.000000E+00,0.000000E+00,5.159091E-02,1.511700E+03,2.415878E-01,2.539314E+03,2.523191E+03,1.540769E-01,6.998270E+03,5.159091E-02,0.000000E+00,0.000000E+00,3.060439E-02,8.967600E+02,1.473313E-01,1.551226E+03,1.537834E+03,9.410569E-02,4.230012E+03,3.060439E-02,0.000000E+00,0.000000E+00,5.159091E-02,1.511700E+03,2.242567E-01,2.345810E+03,2.316574E+03,1.542168E-01,7.002337E+03,5.159091E-02,0.000000E+00,0.000000E+00,3.060439E-02,8.967600E+02,1.687382E-01,1.790245E+03,1.786196E+03,9.479078E-02,4.249901E+03,3.060439E-02,0.000000E+00,0.000000E+00
23:40:00,6.805607E-02,2.006923E+03,3.304915E-01,3.468614E+03,3.568014E+03,6.805607E-02,5.306810E+03,6.805607E-02,0.000000E+00,0.000000E+00,5.159091E-02,1.521377E+03,2.396458E-01,2.507953E+03,2.490607E+03,1.540775E-01,6.998287E+03,5.159091E-02,0.000000E+00,0.000000E+00,3.060439E-02,9.025006E+02,1.460654E-01,1.531351E+03,1.517196E+03,9.410604E-02,4.230022E+03,3.060439E-02,0.000000E+00,0.000000E+00,5.159091E-02,1.521377E+03,2.223803E-01,2.315182E+03,2.284690E+03,1.542174E-01,7.002355E+03,5.159091E-02,0.000000E+00,0.000000E+00,3.060439E-02,9.025006E+02,1.667267E-01,1.762044E+03,1.757020E+03,9.479113E-02,4.249912E+03,3.060439E-02,0.000000E+00,0.000000E+00
23:50:00,6.805607E-02,2.019688E+03,3.299054E-01,3.449305E+03,3.548185E+03,6.805607E-02,5.306810E+03,6.805607E-02,0.000000E+00,0.000000E+00,5.159091E-02,1.531054E+03,2.377360E-01,2.476953E+03,2.458389E+03,1.540781E-01,6.998303E+03,5.159091E-02,0.000000E+00,0.000000E+00,3.060439E-02,9.082412E+02,1.448193E-01,1.511697E+03,1.496782E+03,9.410638E-02,4.230032E+03,3.060439E-02,0.000000E+00,0.000000E+00,5.159091E-02,1.531054E+03,2.205459E-01,2.285024E+03,2.253284E+03,1.542180E-01,7.002371E+03,5.159091E-02,0.000000E+00,0.000000E+00,3.060439E-02,9.082412E+02,1.647939E-01,1.734723E+03,1.728746E+03,9.479147E-02,4.249921E+03,3.060439E-02,0.000000E+00,0.000000E+00
24:00:00,6.805607E-02,2.032454E+03,3.293331E-01,3.430149E+03,3.528513E+03,6.805607E-02,5.306810E+03,6.805607E-02,0.000000E+00,0.000000E+00,5.159091E-02,1.540731E+03,2.358559E-01,2.446284E+03,2.426504E+03,1.540786E-01,6.998319E+03,5.159091E-02,0.000000E+00,0.000000E+00,3.060439E-02,9.139817E+02,1.435916E-01,1.492249E+03,1.476576E+03,9.410671E-02,4.230042E+03,3.060439E-02,0.000000E+00,0.000000E+00,5.159091E-02,1.540731E+03,2.187496E-01,2.255290E+03,2.222310E+03,1.542185E-01,7.002387E+03,5.159091E-02,0.000000E+00,0.000000E+00,3.060439E-02,9.139817E+02,1.629319E-01,1.708193E+03,1.701281E+03,9.479180E-02,4.249931E+03,3.060439E-02,0.000000E+00,0.000000E+00
Coinc Peak   ,6.805607E-02,3.538474E-01,5.306810E+03,4.529960E+03,1.540786E-01,4.018373E-01,6.998319E+03,4.979582E+03,9.410671E-02,2.878091E-01,4.230042E+03,3.315759E+03,1.542185E-01,3.093683E-01,7.002387E+03,3.874894E+03,9.479180E-02,3.338303E-01,4.249931E+03,3.874125E+03
NonCoinc Peak,6.805607E-02,3.538474E-01,5.306810E+03,4.529960E+03,1.540786E-01,4.018373E-01,6.998319E+03,4.979582E+03,9.410671E-02,2.878091E-01,4.230042E+03,3.315759E+03,1.542185E-01,3.093683E-01,7.002387E+03,3.874894E+03,9.479180E-02,3.338303E-01,4.249931E+03,3.874125E+03
