Time,BACK_SPACE ZN PSZ-AC:DesPer 1:Des Heat Mass Flow [kg/s],BACK_SPACE ZN PSZ-AC:DesPer 1:Des Heat Cap [W],BACK_SPACE ZN PSZ-AC:DesPer 1:Des Cool Mass Flow [kg/s],BACK_SPACE ZN PSZ-AC:DesPer 1:Des Sens Cool Cap [W],BACK_SPACE ZN PSZ-AC:DesPer 1:Des Tot Cool Cap [W],BACK_SPACE ZN PSZ-AC:DesPer 2:Des Heat Mass Flow [kg/s],BACK_SPACE ZN PSZ-AC:DesPer 2:Des Heat Cap [W],BACK_SPACE ZN PSZ-AC:DesPer 2:Des Cool Mass Flow [kg/s],BACK_SPACE ZN PSZ-AC:DesPer 2:Des Sens Cool Cap [W],BACK_SPACE ZN PSZ-AC:DesPer 2:Des Tot Cool Cap [W],CORE_RETAIL ZN PSZ-AC:DesPer 1:Des Heat Mass Flow [kg/s],CORE_RETAIL ZN PSZ-AC:DesPer 1:Des Heat Cap [W],CORE_RETAIL ZN PSZ-AC:DesPer 1:Des Cool Mass Flow [kg/s],CORE_RETAIL ZN PSZ-AC:DesPer 1:Des Sens Cool Cap [W],CORE_RETAIL ZN PSZ-AC:DesPer 1:Des Tot Cool Cap [W],CORE_RETAIL ZN PSZ-AC:DesPer 2:Des Heat Mass Flow [kg/s],CORE_RETAIL ZN PSZ-AC:DesPer 2:Des Heat Cap [W],CORE_RETAIL ZN PSZ-AC:DesPer 2:Des Cool Mass Flow [kg/s],CORE_RETAIL ZN PSZ-AC:DesPer 2:Des Sens Cool Cap [W],CORE_RETAIL ZN PSZ-AC:DesPer 2:Des Tot Cool Cap [W],FRONT_RETAIL ZN PSZ-AC:DesPer 1:Des Heat Mass Flow [kg/s],FRONT_RETAIL ZN PSZ-AC:DesPer 1:Des Heat Cap [W],FRONT_RETAIL ZN PSZ-AC:DesPer 1:Des Cool Mass Flow [kg/s],FRONT_RETAIL ZN PSZ-AC:DesPer 1:Des Sens Cool Cap [W],FRONT_RETAIL ZN PSZ-AC:DesPer 1:Des Tot Cool Cap [W],FRONT_RETAIL ZN PSZ-AC:DesPer 2:Des Heat Mass Flow [kg/s],FRONT_RETAIL ZN PSZ-AC:DesPer 2:Des Heat Cap [W],FRONT_RETAIL ZN PSZ-AC:DesPer 2:Des Cool Mass Flow [kg/s],FRONT_RETAIL ZN PSZ-AC:DesPer 2:Des Sens Cool Cap [W],FRONT_RETAIL ZN PSZ-AC:DesPer 2:Des Tot Cool Cap [W],POINT_OF_SALE ZN PSZ-AC:DesPer 1:Des Heat Mass Flow [kg/s],POINT_OF_SALE ZN PSZ-AC:DesPer 1:Des Heat Cap [W],POINT_OF_SALE ZN PSZ-AC:DesPer 1:Des Cool Mass Flow [kg/s],POINT_OF_SALE ZN PSZ-AC:DesPer 1:Des Sens Cool Cap [W],POINT_OF_SALE ZN PSZ-AC:DesPer 1:Des Tot Cool Cap [W],POINT_OF_SALE ZN PSZ-AC:DesPer 2:Des Heat Mass Flow [kg/s],POINT_OF_SALE ZN PSZ-AC:DesPer 2:Des Heat Cap [W],POINT_OF_SALE ZN PSZ-AC:DesPer 2:Des Cool Mass Flow [kg/s],POINT_OF_SALE ZN PSZ-AC:DesPer 2:Des Sens Cool Cap [W],POINT_OF_SALE ZN PSZ-AC:DesPer 2:Des Tot Cool Cap [W]
00:10:00,2.736774E-01,7.174110E+03,2.736774E-01,3.062265E+03,2.916605E+03,2.736774E-01,1.270533E+04,2.736774E-01,0.000000E+00,0.000000E+00,2.233952E+00,5.856025E+04,2.233952E+00,2.499641E+04,2.380743E+04,2.233952E+00,1.037100E+05,2.233952E+00,0.000000E+00,0.000000E+00,2.105004E-01,5.518004E+03,2.105004E-01,2.355357E+03,2.243322E+03,2.105004E-01,9.772369E+03,2.105004E-01,0.000000E+00,0.000000E+00,2.105004E-01,5.518004E+03,2.105004E-01,2.355357E+03,2.243322E+03,2.105004E-01,9.772369E+03,2.105004E-01,0.000000E+00,0.000000E+00
00:20:00,2.736774E-01,7.198586E+03,2.736774E-01,3.037790E+03,2.891660E+03,2.736774E-01,1.270533E+04,2.736774E-01,0.000000E+00,0.000000E+00,2.233952E+00,5.876004E+04,2.233952E+00,2.479663E+04,2.360381E+04,2.233952E+00,1.037100E+05,2.233952E+00,0.000000E+00,0.000000E+00,2.105004E-01,5.536830E+03,2.105004E-01,2.336532E+03,2.224135E+03,2.105004E-01,9.772369E+03,2.105004E-01,0.000000E+00,0.000000E+00,2.105004E-01,5.536830E+03,2.105004E-01,2.336532E+03,2.224135E+03,2.105004E-01,9.772369E+03,2.105004E-01,0.000000E+00,0.000000E+00
00:30:00,2.736774E-01,7.223062E+03,2.736774E-01,3.013314E+03,2.866715E+03,2.736774E-01,1.270533E+04,2.736774E-01,0.000000E+00,0.000000E+00,2.233952E+00,5.895983E+04,2.233952E+00,2.459684E+04,2.340019E+04,2.233952E+00,1.037100E+05,2.233952E+00,0.000000E+00,0.000000E+00,2.105004E-01,5.555656E+03,2.105004E-01,2.317706E+03,2.204949E+03,2.105004E-01,9.772369E+03,2.105004E-01,0.000000E+00,0.000000E+00,2.105004E-01,5.555656E+03,2.105004E-01,2.317706E+03,2.204949E+03,2.105004E-01,9.772369E+03,2.105004E-01,0.000000E+00,0.000000E+00
00:40:00,2.736774E-01,7.247537E+03,2.736774E-01,2.988838E+03,2.841775E+03,2.736774E-01,1.270533E+04,2.736774E-01,0.000000E+00,0.000000E+00,2.233952E+00,5.915962E+04,2.233952E+00,2.439705E+04,2.319661E+04,2.233952E+00,1.037100E+05,2.233952E+00,0.000000E+00,0.000000E+00,2.105004E-01,5.574481E+03,2.105004E-01,2.298881E+03,2.185766E+03,2.105004E-01,9.772369E+03,2.105004E-01,0.000000E+00,0.000000E+00,2.105004E-01,5.574481E+03,2.105004E-01,2.298881E+03,2.185766E+03,2.105004E-01,9.772369E+03,2.105004E-01,0.000000E+00,0.000000E+00
00:50:00,2.736774E-01,7.272013E+03,2.736774E-01,2.964363E+03,2.816830E+03,2.736774E-01,1.270533E+04,2.736774E-01,0.000000E+00,0.000000E+00,2.233952E+00,5.935940E+04,2.233952E+00,2.419726E+04,2.299299E+04,2.233952E+00,1.037100E+05,2.233952E+00,0.000000E+00,0.000000E+00,2.105004E-01,5.593307E+03,2.105004E-01,2.280055E+03,2.166579E+03,2.105004E-01,9.772369E+03,2.105004E-01,0.000000E+00,0.000000E+00,2.105004E-01,5.593307E+03,2.105004E-01,2.280055E+03,2.166579E+03,2.105004E-01,9.772369E+03,2.105004E-01,0.000000E+00,0.000000E+00
01:00:00,2.736774E-01,7.296489E+03,2.736774E-01,2.939887E+03,2.791885E+03,2.736774E-01,1.270533E+04,2.736774E-01,0.000000E+00,0.000000E+00,2.233952E+00,5.955919E+04,2.233952E+00,2.399747E+04,2.278938E+04,2.233952E+00,1.037100E+05,2.233952E+00,0.000000E+00,0.000000E+00,2.105004E-01,5.612132E+03,2.105004E-01,2.261229E+03,2.147393E+03,2.105004E-01,9.772369E+03,2.105004E-01,0.000000E+00,0.000000E+00,2.105004E-01,5.612132E+03,2.105004E-01,2.261229E+03,2.147393E+03,2.105004E-01,9.772369E+03,2.105004E-01,0.000000E+00,0.000000E+00
01:10:00,2.736774E-01,7.312806E+03,2.736774E-01,2.923570E+03,2.775258E+03,2.736774E-01,1.270533E+04,2.736774E-01,0.000000E+00,0.000000E+00,2.233952E+00,5.969238E+04,2.233952E+00,2.386428E+04,2.265366E+04,2.233952E+00,1.037100E+05,2.233952E+00,0.000000E+00,0.000000E+00,2.105004E-01,5.624683E+03,2.105004E-01,2.248679E+03,2.134605E+03,2.105004E-01,9.772369E+03,2.105004E-01,0.000000E+00,0.000000E+00,2.105004E-01,5.624683E+03,2.105004E-01,2.248679E+03,2.134605E+03,2.105004E-01,9.772369E+03,2.105004E-01,0.000000E+00,0.000000E+00
01:20:00,2.736774E-01,7.329123E+03,2.736774E-01,2.907253E+03,2.758627E+03,2.736774E-01,1.270533E+04,2.736774E-01,0.000000E+00,0.000000E+00,2.233952E+00,5.982557E+04,2.233952E+00,2.373109E+04,2.251790E+04,2.233952E+00,1.037100E+05,2.233952E+00,0.000000E+00,0.000000E+00,2.105004E-01,5.637233E+03,2.105004E-01,2.236129E+03,2.121812E+03,2.105004E-01,9.772369E+03,2.105004E-01,0.000000E+00,0.000000E+00,2.105004E-01,5.637233E+03,2.105004E-01,2.236129E+03,2.121812E+03,2.105004E-01,9.772369E+03,2.105004E-01,0.000000E+00,0.000000E+00
01:30:00,2.736774E-01,7.345440E+03,2.736774E-01,2.890936E+03,2.742000E+03,2.736774E-01,1.270533E+04,2.736774E-01,0.000000E+00,0.000000E+00,2.233952E+00,5.995877E+04,2.233952E+00,2.359790E+04,2.238218E+04,2.233952E+00,1.037100E+05,2.233952E+00,0.000000E+00,0.000000E+00,2.105004E-01,5.649783E+03,2.105004E-01,2.223578E+03,2.109024E+03,2.105004E-01,9.772369E+03,2.105004E-01,0.000000E+00,0.000000E+00,2.105004E-01,5.649783E+03,2.105004E-01,2.223578E+03,2.109024E+03,2.105004E-01,9.772369E+03,2.105004E-01,0.000000E+00,0.000000E+00
01:40:00,2.736774E-01,7.361757E+03,2.736774E-01,2.874619E+03,2.725369E+03,2.736774E-01,1.270533E+04,2.736774E-01,0.000000E+00,0.000000E+00,2.233952E+00,6.009196E+04,2.233952E+00,2.346471E+04,2.224642E+04,2.233952E+00,1.037100E+05,2.233952E+00,0.000000E+00,0.000000E+00,2.105004E-01,5.662334E+03,2.105004E-01,2.211028E+03,2.096232E+03,2.105004E-01,9.772369E+03,2.105004E-01,0.000000E+00,0.000000E+00,2.105004E-01,5.662334E+03,2.105004E-01,2.211028E+03,2.096232E+03,2.105004E-01,9.772369E+03,2.105004E-01,0.000000E+00,0.000000E+00
01:50:00,2.736774E-01,7.378074E+03,2.736774E-01,2.858302E+03,2.708743E+03,2.736774E-01,1.270533E+04,2.736774E-01,0.000000E+00,0.000000E+00,2.233952E+00,6.022515E+04,2.233952E+00,2.333152E+04,2.211071E+04,2.233952E+00,1.037100E+05,2.233952E+00,0.000000E+00,0.000000E+00,2.105004E-01,5.674884E+03,2.105004E-01,2.198478E+03,2.083443E+03,2.105004E-01,9.772369E+03,2.105004E-01,0.000000E+00,0.000000E+00,2.105004E-01,5.674884E+03,2.105004E-01,2.198478E+03,2.083443E+03,2.105004E-01,9.772369E+03,2.105004E-01,0.000000E+00,0.000000E+00
02:00:00,2.736774E-01,7.394391E+03,2.736774E-01,2.841985E+03,2.692116E+03,2.736774E-01,1.270533E+04,2.736774E-01,0.000000E+00,0.000000E+00,2.233952E+00,6.035834E+04,2.233952E+00,2.319832E+04,2.197499E+04,2.233952E+00,1.037100E+05,2.233952E+00,0.000000E+00,0.000000E+00,2.105004E-01,5.687434E+03,2.105004E-01,2.185927E+03,2.070655E+03,2.105004E-01,9.772369E+03,2.105004E-01,0.000000E+00,0.000000E+00,2.105004E-01,5.687434E+03,2.105004E-01,2.185927E+03,2.070655E+03,2.105004E-01,9.772369E+03,2.105004E-01,0.000000E+00,0.000000E+00
02:10:00,2.736774E-01,7.406629E+03,2.736774E-01,2.829747E+03,2.679641E+03,2.736774E-01,1.270533E+04,2.736774E-01,0.000000E+00,0.000000E+00,2.233952E+00,6.045824E+04,2.233952E+00,2.309843E+04,2.187316E+04,2.233952E+00,1.037100E+05,2.233952E+00,0.000000E+00,0.000000E+00,2.105004E-01,5.696847E+03,2.105004E-01,2.176514E+03,2.061060E+03,2.105004E-01,9.772369E+03,2.105004E-01,0.000000E+00,0.000000E+00,2.105004E-01,5.696847E+03,2.105004E-01,2.176514E+03,2.061060E+03,2.105004E-01,9.772369E+03,2.105004E-01,0.000000E+00,0.000000E+00
02:20:00,2.736774E-01,7.418867E+03,2.736774E-01,2.817509E+03,2.667171E+03,2.736774E-01,1.270533E+04,2.736774E-01,0.000000E+00,0.000000E+00,2.233952E+00,6.055813E+04,2.233952E+00,2.299854E+04,2.177137E+04,2.233952E+00,1.037100E+05,2.233952E+00,0.000000E+00,0.000000E+00,2.105004E-01,5.706260E+03,2.105004E-01,2.167102E+03,2.051469E+03,2.105004E-01,9.772369E+03,2.105004E-01,0.000000E+00,0.000000E+00,2.105004E-01,5.706260E+03,2.105004E-01,2.167102E+03,2.051469E+03,2.105004E-01,9.772369E+03,2.105004E-01,0.000000E+00,0.000000E+00
02:30:00,2.736774E-01,7.431104E+03,2.736774E-01,2.805271E+03,2.654697E+03,2.736774E-01,1.270533E+04,2.736774E-01,0.000000E+00,0.000000E+00,2.233952E+00,6.065802E+04,2.233952E+00,2.289864E+04,2.166955E+04,2.233952E+00,1.037100E+05,2.233952E+00,0.000000E+00,0.000000E+00,2.105004E-01,5.715673E+03,2.105004E-01,2.157689E+03,2.041874E+03,2.105004E-01,9.772369E+03,2.105004E-01,0.000000E+00,0.000000E+00,2.105004E-01,5.715673E+03,2.105004E-01,2.157689E+03,2.041874E+03,2.105004E-01,9.772369E+03,2.105004E-01,0.000000E+00,0.000000E+00
02:40:00,2.736774E-01,7.443342E+03,2.736774E-01,2.793033E+03,2.642227E+03,2.736774E-01,1.270533E+04,2.736774E-01,0.000000E+00,0.000000E+00,2.233952E+00,6.075792E+04,2.233952E+00,2.279875E+04,2.156776E+04,2.233952E+00,1.037100E+05,2.233952E+00,0.000000E+00,0.000000E+00,2.105004E-01,5.725086E+03,2.105004E-01,2.148276E+03,2.032283E+03,2.105004E-01,9.772369E+03,2.105004E-01,0.000000E+00,0.000000E+00,2.105004E-01,5.725086E+03,2.105004E-01,2.148276E+03,2.032283E+03,2.105004E-01,9.772369E+03,2.105004E-01,0.000000E+00,0.000000E+00
02:50:00,2.736774E-01,7.455580E+03,2.736774E-01,2.780795E+03,2.629757E+03,2.736774E-01,1.270533E+04,2.736774E-01,0.000000E+00,0.000000E+00,2.233952E+00,6.085781E+04,2.233952E+00,2.269885E+04,2.146597E+04,2.233952E+00,1.037100E+05,2.233952E+00,0.000000E+00,0.000000E+00,2.105004E-01,5.734498E+03,2.105004E-01,2.138863E+03,2.022691E+03,2.105004E-01,9.772369E+03,2.105004E-01,0.000000E+00,0.000000E+00,2.105004E-01,5.734498E+03,2.105004E-01,2.138863E+03,2.022691E+03,2.105004E-01,9.772369E+03,2.105004E-01,0.000000E+00,0.000000E+00
03:00:00,2.736774E-01,7.467818E+03,2.736774E-01,2.768558E+03,2.617283E+03,2.736774E-01,1.270533E+04,2.736774E-01,0.000000E+00,0.000000E+00,2.233952E+00,6.095771E+04,2.233952E+00,2.259896E+04,2.136414E+04,2.233952E+00,1.037100E+05,2.233952E+00,0.000000E+00,0.000000E+00,2.105004E-01,5.743911E+03,2.105004E-01,2.129451E+03,2.013097E+03,2.105004E-01,9.772369E+03,2.105004E-01,0.000000E+00,0.000000E+00,2.105004E-01,5.743911E+03,2.105004E-01,2.129451E+03,2.013097E+03,2.105004E-01,9.772369E+03,2.105004E-01,0.000000E+00,0.000000E+00
03:10:00,2.736774E-01,7.480056E+03,2.736774E-01,2.756320E+03,2.604812E+03,2.736774E-01,1.270533E+04,2.736774E-01,0.000000E+00,0.000000E+00,2.233952E+00,6.105760E+04,2.233952E+00,2.249907E+04,2.126235E+04,2.233952E+00,1.037100E+05,2.233952E+00,0.000000E+00,0.000000E+00,2.105004E-01,5.753324E+03,2.105004E-01,2.120038E+03,2.003505E+03,2.105004E-01,9.772369E+03,2.105004E-01,0.000000E+00,0.000000E+00,2.105004E-01,5.753324E+03,2.105004E-01,2.120038E+03,2.003505E+03,2.105004E-01,9.772369E+03,2.105004E-01,0.000000E+00,0.000000E+00
03:20:00,2.736774E-01,7.492294E+03,2.736774E-01,2.744082E+03,2.592343E+03,2.736774E-01,1.270533E+04,2.736774E-01,0.000000E+00,0.000000E+00,2.233952E+00,6.115749E+04,2.233952E+00,2.239917E+04,2.116057E+04,2.233952E+00,1.037100E+05,2.233952E+00,0.000000E+00,0.000000E+00,2.105004E-01,5.762737E+03,2.105004E-01,2.110625E+03,1.993914E+03,2.105004E-01,9.772369E+03,2.105004E-01,0.000000E+00,0.000000E+00,2.105004E-01,5.762737E+03,2.105004E-01,2.110625E+03,1.993914E+03,2.105004E-01,9.772369E+03,2.105004E-01,0.000000E+00,0.000000E+00
03:30:00,2.736774E-01,7.504531E+03,2.736774E-01,2.731844E+03,2.579868E+03,2.736774E-01,1.270533E+04,2.736774E-01,0.000000E+00,0.000000E+00,2.233952E+00,6.125739E+04,2.233952E+00,2.229928E+04,2.105874E+04,2.233952E+00,1.037100E+05,2.233952E+00,0.000000E+00,0.000000E+00,2.105004E-01,5.772149E+03,2.105004E-01,2.101212E+03,1.984319E+03,2.105004E-01,9.772369E+03,2.105004E-01,0.000000E+00,0.000000E+00,2.105004E-01,5.772149E+03,2.105004E-01,2.101212E+03,1.984319E+03,2.105004E-01,9.772369E+03,2.105004E-01,0.000000E+00,0.000000E+00
03:40:00,2.736774E-01,7.516769E+03,2.736774E-01,2.719606E+03,2.567398E+03,2.736774E-01,1.270533E+04,2.736774E-01,0.000000E+00,0.000000E+00,2.233952E+00,6.135728E+04,2.233952E+00,2.219938E+04,2.095695E+04,2.233952E+00,1.037100E+05,2.233952E+00,0.000000E+00,0.000000E+00,2.105004E-01,5.781562E+03,2.105004E-01,2.091799E+03,1.974728E+03,2.105004E-01,9.772369E+03,2.105004E-01,0.000000E+00,0.000000E+00,2.105004E-01,5.781562E+03,2.105004E-01,2.091799E+03,1.974728E+03,2.105004E-01,9.772369E+03,2.105004E-01,0.000000E+00,0.000000E+00
03:50:00,2.736774E-01,7.529007E+03,2.736774E-01,2.707369E+03,2.554928E+03,2.736774E-01,1.270533E+04,2.736774E-01,0.000000E+00,0.000000E+00,2.233952E+00,6.145717E+04,2.233952E+00,2.209949E+04,2.085516E+04,2.233952E+00,1.037100E+05,2.233952E+00,0.000000E+00,0.000000E+00,2.105004E-01,5.790975E+03,2.105004E-01,2.082387E+03,1.965137E+03,2.105004E-01,9.772369E+03,2.105004E-01,0.000000E+00,0.000000E+00,2.105004E-01,5.790975E+03,2.105004E-01,2.082387E+03,1.965137E+03,2.105004E-01,9.772369E+03,2.105004E-01,0.000000E+00,0.000000E+00
04:00:00,2.736774E-01,7.541245E+03,2.736774E-01,2.695131E+03,2.542454E+03,2.736774E-01,1.270533E+04,2.736774E-01,0.000000E+00,0.000000E+00,2.233952E+00,6.155707E+04,2.233952E+00,2.199960E+04,2.075334E+04,2.233952E+00,1.037100E+05,2.233952E+00,0.000000E+00,0.000000E+00,2.105004E-01,5.800388E+03,2.105004E-01,2.072974E+03,1.955542E+03,2.105004E-01,9.772369E+03,2.105004E-01,0.000000E+00,0.000000E+00,2.105004E-01,5.800388E+03,2.105004E-01,2.072974E+03,1.955542E+03,2.105004E-01,9.772369E+03,2.105004E-01,0.000000E+00,0.000000E+00
04:10:00,2.736774E-01,7.549403E+03,2.736774E-01,2.686972E+03,2.534141E+03,2.736774E-01,1.270533E+04,2.736774E-01,0.000000E+00,0.000000E+00,2.233952E+00,6.162366E+04,2.233952E+00,2.193300E+04,2.068548E+04,2.233952E+00,1.037100E+05,2.233952E+00,0.000000E+00,0.000000E+00,2.105004E-01,5.806663E+03,2.105004E-01,2.066699E+03,1.949148E+03,2.105004E-01,9.772369E+03,2.105004E-01,0.000000E+00,0.000000E+00,2.105004E-01,5.806663E+03,2.105004E-01,2.066699E+03,1.949148E+03,2.105004E-01,9.772369E+03,2.105004E-01,0.000000E+00,0.000000E+00
04:20:00,2.736774E-01,7.557562E+03,2.736774E-01,2.678814E+03,2.525828E+03,2.736774E-01,1.270533E+04,2.736774E-01,0.000000E+00,0.000000E+00,2.233952E+00,6.169026E+04,2.233952E+00,2.186641E+04,2.061762E+04,2.233952E+00,1.037100E+05,2.233952E+00,0.000000E+00,0.000000E+00,2.105004E-01,5.812938E+03,2.105004E-01,2.060423E+03,1.942753E+03,2.105004E-01,9.772369E+03,2.105004E-01,0.000000E+00,0.000000E+00,2.105004E-01,5.812938E+03,2.105004E-01,2.060423E+03,1.942753E+03,2.105004E-01,9.772369E+03,2.105004E-01,0.000000E+00,0.000000E+00
04:30:00,2.736774E-01,7.565720E+03,2.736774E-01,2.670655E+03,2.517514E+03,2.736774E-01,1.270533E+04,2.736774E-01,0.000000E+00,0.000000E+00,2.233952E+00,6.175686E+04,2.233952E+00,2.179981E+04,2.054977E+04,2.233952E+00,1.037100E+05,2.233952E+00,0.000000E+00,0.000000E+00,2.105004E-01,5.819213E+03,2.105004E-01,2.054148E+03,1.936359E+03,2.105004E-01,9.772369E+03,2.105004E-01,0.000000E+00,0.000000E+00,2.105004E-01,5.819213E+03,2.105004E-01,2.054148E+03,1.936359E+03,2.105004E-01,9.772369E+03,2.105004E-01,0.000000E+00,0.000000E+00
04:40:00,2.736774E-01,7.573879E+03,2.736774E-01,2.662497E+03,2.509197E+03,2.736774E-01,1.270533E+04,2.736774E-01,0.000000E+00,0.000000E+00,2.233952E+00,6.182345E+04,2.233952E+00,2.173321E+04,2.048187E+04,2.233952E+00,1.037100E+05,2.233952E+00,0.000000E+00,0.000000E+00,2.105004E-01,5.825489E+03,2.105004E-01,2.047873E+03,1.929962E+03,2.105004E-01,9.772369E+03,2.105004E-01,0.000000E+00,0.000000E+00,2.105004E-01,5.825489E+03,2.105004E-01,2.047873E+03,1.929962E+03,2.105004E-01,9.772369E+03,2.105004E-01,0.000000E+00,0.000000E+00
04:50:00,2.736774E-01,7.582038E+03,2.736774E-01,2.654338E+03,2.500884E+03,2.736774E-01,1.270533E+04,2.736774E-01,0.000000E+00,0.000000E+00,2.233952E+00,6.189005E+04,2.233952E+00,2.166662E+04,2.041401E+04,2.233952E+00,1.037100E+05,2.233952E+00,0.000000E+00,0.000000E+00,2.105004E-01,5.831764E+03,2.105004E-01,2.041598E+03,1.923568E+03,2.105004E-01,9.772369E+03,2.105004E-01,0.000000E+00,0.000000E+00,2.105004E-01,5.831764E+03,2.105004E-01,2.041598E+03,1.923568E+03,2.105004E-01,9.772369E+03,2.105004E-01,0.000000E+00,0.000000E+00
05:00:00,2.736774E-01,7.590196E+03,2.736774E-01,2.646179E+03,2.492570E+03,2.736774E-01,1.270533E+04,2.736774E-01,0.000000E+00,0.000000E+00,2.233952E+00,6.195664E+04,2.233952E+00,2.160002E+04,2.034615E+04,2.233952E+00,1.037100E+05,2.233952E+00,0.000000E+00,0.000000E+00,2.105004E-01,5.838039E+03,2.105004E-01,2.035323E+03,1.917173E+03,2.105004E-01,9.772369E+03,2.105004E-01,0.000000E+00,0.000000E+00,2.105004E-01,5.838039E+03,2.105004E-01,2.035323E+03,1.917173E+03,2.105004E-01,9.772369E+03,2.105004E-01,0.000000E+00,0.000000E+00
05:10:00,2.736774E-01,7.582038E+03,2.736774E-01,2.654338E+03,2.500884E+03,2.736774E-01,1.270533E+04,2.736774E-01,0.000000E+00,0.000000E+00,2.233952E+00,6.189005E+04,2.233952E+00,2.166662E+04,2.041401E+04,2.233952E+00,1.037100E+05,2.233952E+00,0.000000E+00,0.000000E+00,2.105004E-01,5.831764E+03,2.105004E-01,2.041598E+03,1.923568E+03,2.105004E-01,9.772369E+03,2.105004E-01,0.000000E+00,0.000000E+00,2.105004E-01,5.831764E+03,2.105004E-01,2.041598E+03,1.923568E+03,2.105004E-01,9.772369E+03,2.105004E-01,0.000000E+00,0.000000E+00
05:20:00,2.736774E-01,7.573879E+03,2.736774E-01,2.662497E+03,2.509197E+03,2.736774E-01,1.270533E+04,2.736774E-01,0.000000E+00,0.000000E+00,2.233952E+00,6.182345E+04,2.233952E+00,2.173321E+04,2.048187E+04,2.233952E+00,1.037100E+05,2.233952E+00,0.000000E+00,0.000000E+00,2.105004E-01,5.825489E+03,2.105004E-01,2.047873E+03,1.929962E+03,2.105004E-01,9.772369E+03,2.105004E-01,0.000000E+00,0.000000E+00,2.105004E-01,5.825489E+03,2.105004E-01,2.047873E+03,1.929962E+03,2.105004E-01,9.772369E+03,2.105004E-01,0.000000E+00,0.000000E+00
05:30:00,2.736774E-01,7.565720E+03,2.736774E-01,2.670655E+03,2.517514E+03,2.736774E-01,1.270533E+04,2.736774E-01,0.000000E+00,0.000000E+00,2.233952E+00,6.175686E+04,2.233952E+00,2.179981E+04,2.054977E+04,2.233952E+00,1.037100E+05,2.233952E+00,0.000000E+00,0.000000E+00,2.105004E-01,5.819213E+03,2.105004E-01,2.054148E+03,1.936359E+03,2.105004E-01,9.772369E+03,2.105004E-01,0.000000E+00,0.000000E+00,2.105004E-01,5.819213E+03,2.105004E-01,2.054148E+03,1.936359E+03,2.105004E-01,9.772369E+03,2.105004E-01,0.000000E+00,0.000000E+00
05:40:00,2.736774E-01,7.557562E+03,2.736774E-01,2.678814E+03,2.525828E+03,2.736774E-01,1.270533E+04,2.736774E-01,0.000000E+00,0.000000E+00,2.233952E+00,6.169026E+04,2.233952E+00,2.186641E+04,2.061762E+04,2.233952E+00,1.037100E+05,2.233952E+00,0.000000E+00,0.000000E+00,2.105004E-01,5.812938E+03,2.105004E-01,2.060423E+03,1.942753E+03,2.105004E-01,9.772369E+03,2.105004E-01,0.000000E+00,0.000000E+00,2.105004E-01,5.812938E+03,2.105004E-01,2.060423E+03,1.942753E+03,2.105004E-01,9.772369E+03,2.105004E-01,0.000000E+00,0.000000E+00
05:50:00,2.736774E-01,7.549403E+03,2.736774E-01,2.686972E+03,2.534141E+03,2.736774E-01,1.270533E+04,2.736774E-01,0.000000E+00,0.000000E+00,2.233952E+00,6.162366E+04,2.233952E+00,2.193300E+04,2.068548E+04,2.233952E+00,1.037100E+05,2.233952E+00,0.000000E+00,0.000000E+00,2.105004E-01,5.806663E+03,2.105004E-01,2.066699E+03,1.949148E+03,2.105004E-01,9.772369E+03,2.105004E-01,0.000000E+00,0.000000E+00,2.105004E-01,5.806663E+03,2.105004E-01,2.066699E+03,1.949148E+03,2.105004E-01,9.772369E+03,2.105004E-01,0.000000E+00,0.000000E+00
06:00:00,2.736774E-01,7.541245E+03,2.736774E-01,2.695131E+03,2.542454E+03,2.736774E-01,1.270533E+04,2.736774E-01,0.000000E+00,0.000000E+00,2.233952E+00,6.155707E+04,2.233952E+00,2.199960E+04,2.075334E+04,2.233952E+00,1.037100E+05,2.233952E+00,0.000000E+00,0.000000E+00,2.105004E-01,5.800388E+03,2.105004E-01,2.072974E+03,1.955542E+03,2.105004E-01,9.772369E+03,2.105004E-01,0.000000E+00,0.000000E+00,2.105004E-01,5.800388E+03,2.105004E-01,2.072974E+03,1.955542E+03,2.105004E-01,9.772369E+03,2.105004E-01,0.000000E+00,0.000000E+00
06:10:00,2.736774E-01,7.512690E+03,3.052257E-01,3.234390E+03,3.979135E+03,2.736774E-01,1.270533E+04,2.736774E-01,0.000000E+00,0.000000E+00,2.233952E+00,6.132398E+04,2.233952E+00,2.223268E+04,2.099088E+04,2.233952E+00,1.037100E+05,2.233952E+00,0.000000E+00,0.000000E+00,2.105004E-01,5.778425E+03,2.105004E-01,2.094937E+03,1.977925E+03,2.105004E-01,9.772369E+03,2.105004E-01,0.000000E+00,0.000000E+00,2.105004E-01,5.778425E+03,2.819073E-01,3.257113E+03,3.799476E+03,2.105004E-01,9.772369E+03,2.105004E-01,0.000000E+00,0.000000E+00
06:20:00,2.736774E-01,7.484135E+03,4.162394E-01,4.994682E+03,8.708002E+03,2.736774E-01,1.270533E+04,2.736774E-01,0.000000E+00,0.000000E+00,2.233952E+00,6.109090E+04,2.233952E+00,2.246577E+04,2.122842E+04,2.233952E+00,1.037100E+05,2.233952E+00,0.000000E+00,0.000000E+00,2.105004E-01,5.756461E+03,2.105004E-01,2.116900E+03,2.000308E+03,2.105004E-01,9.772369E+03,2.105004E-01,0.000000E+00,0.000000E+00,2.105004E-01,5.756461E+03,3.558790E-01,4.414684E+03,5.532624E+03,2.105004E-01,9.772369E+03,2.105004E-01,0.000000E+00,0.000000E+00
06:30:00,2.736774E-01,7.455580E+03,5.740912E-01,7.371007E+03,1.525603E+04,2.736774E-01,1.270533E+04,2.736774E-01,0.000000E+00,0.000000E+00,2.233952E+00,6.085781E+04,2.233952E+00,2.269885E+04,2.146597E+04,2.233952E+00,1.037100E+05,2.233952E+00,0.000000E+00,0.000000E+00,2.105004E-01,5.734498E+03,2.492622E-01,2.731148E+03,3.550124E+03,2.105004E-01,9.772369E+03,2.105004E-01,0.000000E+00,0.000000E+00,2.105004E-01,5.734498E+03,4.406079E-01,5.669108E+03,7.450325E+03,2.105004E-01,9.772369E+03,2.105004E-01,0.000000E+00,0.000000E+00
06:40:00,2.736774E-01,7.427025E+03,6.823887E-01,8.869144E+03,1.908323E+04,2.736774E-01,1.270533E+04,2.736774E-01,0.000000E+00,0.000000E+00,2.233952E+00,6.062473E+04,2.980191E+00,3.427368E+04,5.047917E+04,2.233952E+00,1.037100E+05,2.233952E+00,0.000000E+00,0.000000E+00,2.105004E-01,5.712535E+03,2.997674E-01,3.483279E+03,5.373227E+03,2.105004E-01,9.772369E+03,2.105004E-01,0.000000E+00,0.000000E+00,2.105004E-01,5.712535E+03,5.060770E-01,6.558333E+03,8.671847E+03,2.105004E-01,9.772369E+03,2.105004E-01,0.000000E+00,0.000000E+00
06:50:00,2.736774E-01,7.398470E+03,7.969384E-01,1.035622E+04,2.291628E+04,3.070756E-01,1.376393E+04,2.736774E-01,0.000000E+00,0.000000E+00,2.233952E+00,6.039164E+04,3.339014E+00,3.945142E+04,6.281775E+04,2.233952E+00,1.037100E+05,2.233952E+00,0.000000E+00,0.000000E+00,2.105004E-01,5.690572E+03,3.525531E-01,4.221076E+03,7.129042E+03,2.105004E-01,9.772369E+03,2.105004E-01,0.000000E+00,0.000000E+00,2.105004E-01,5.690572E+03,5.716986E-01,7.388899E+03,9.839550E+03,2.105004E-01,9.772369E+03,2.105004E-01,0.000000E+00,0.000000E+00
07:00:00,2.736774E-01,7.369915E+03,9.063046E-01,1.166250E+04,2.556939E+04,3.410865E-01,1.487335E+04,2.736774E-01,0.000000E+00,0.000000E+00,2.233952E+00,6.015855E+04,3.769542E+00,4.532584E+04,7.506576E+04,2.233952E+00,1.037100E+05,2.233952E+00,0.000000E+00,0.000000E+00,2.105004E-01,5.668609E+03,4.040119E-01,4.891285E+03,8.457205E+03,2.105004E-01,9.772369E+03,2.105004E-01,0.000000E+00,0.000000E+00,2.105004E-01,5.668609E+03,6.355538E-01,8.133906E+03,1.069215E+04,2.105004E-01,9.772369E+03,2.105004E-01,0.000000E+00,0.000000E+00
07:10:00,2.736774E-01,7.300568E+03,1.100190E+00,1.409267E+04,2.629522E+04,4.209849E-01,1.736513E+04,2.736774E-01,0.000000E+00,0.000000E+00,2.233952E+00,5.959249E+04,5.775337E+00,7.136736E+04,1.178152E+05,2.233952E+00,1.037100E+05,2.233952E+00,0.000000E+00,0.000000E+00,2.105004E-01,5.615270E+03,5.176867E-01,6.406813E+03,1.008286E+04,2.210662E-01,1.010604E+04,2.105004E-01,0.000000E+00,0.000000E+00,2.105004E-01,5.615270E+03,7.687885E-01,9.814152E+03,1.202242E+04,2.212701E-01,1.011248E+04,2.105004E-01,0.000000E+00,0.000000E+00
07:20:00,2.736774E-01,7.231220E+03,1.051119E+00,1.314813E+04,2.278324E+04,4.827461E-01,1.922176E+04,2.736774E-01,0.000000E+00,0.000000E+00,2.233952E+00,5.902642E+04,4.858027E+00,5.859833E+04,8.713802E+04,2.233952E+00,1.037100E+05,2.233952E+00,0.000000E+00,0.000000E+00,2.105004E-01,5.561931E+03,5.211376E-01,6.367359E+03,9.357255E+03,2.481656E-01,1.094469E+04,2.105004E-01,0.000000E+00,0.000000E+00,2.105004E-01,5.561931E+03,7.842230E-01,9.813048E+03,1.165427E+04,2.483717E-01,1.095110E+04,2.105004E-01,0.000000E+00,0.000000E+00
07:30:00,2.736774E-01,7.161873E+03,1.329938E+00,1.636568E+04,2.712556E+04,5.478839E-01,2.112436E+04,2.736774E-01,0.000000E+00,0.000000E+00,2.233952E+00,5.846036E+04,6.292664E+00,7.617014E+04,1.134014E+05,2.233952E+00,1.037100E+05,2.233952E+00,0.000000E+00,0.000000E+00,2.105004E-01,5.508592E+03,6.418400E-01,7.796963E+03,1.114619E+04,2.729151E-01,1.168595E+04,2.105004E-01,0.000000E+00,0.000000E+00,2.105004E-01,5.508592E+03,9.142233E-01,1.123869E+04,1.310343E+04,2.731293E-01,1.169252E+04,2.105004E-01,0.000000E+00,0.000000E+00
07:40:00,2.736774E-01,7.092525E+03,1.541844E+00,1.851056E+04,2.789420E+04,6.126060E-01,2.295374E+04,2.736774E-01,0.000000E+00,0.000000E+00,2.233952E+00,5.789429E+04,6.548897E+00,7.794620E+04,1.071239E+05,2.233952E+00,1.037100E+05,2.233952E+00,0.000000E+00,0.000000E+00,2.105004E-01,5.455253E+03,7.411851E-01,8.854380E+03,1.169025E+04,3.017062E-01,1.252618E+04,2.105004E-01,0.000000E+00,0.000000E+00,2.105004E-01,5.455253E+03,1.024450E+00,1.230313E+04,1.389463E+04,3.019246E-01,1.253278E+04,2.105004E-01,0.000000E+00,0.000000E+00
07:50:00,2.736774E-01,7.023177E+03,1.744604E+00,2.035294E+04,2.854087E+04,6.721136E-01,2.456767E+04,2.736774E-01,0.000000E+00,0.000000E+00,2.233952E+00,5.732823E+04,7.433291E+00,8.682251E+04,1.137030E+05,2.233952E+00,1.037100E+05,2.233952E+00,0.000000E+00,0.000000E+00,2.105004E-01,5.401913E+03,8.355929E-01,9.762275E+03,1.218351E+04,3.280797E-01,1.326776E+04,2.105004E-01,0.000000E+00,0.000000E+00,2.105004E-01,5.401913E+03,1.130230E+00,1.321346E+04,1.467992E+04,3.283033E-01,1.327441E+04,2.105004E-01,0.000000E+00,0.000000E+00
08:00:00,2.736774E-01,6.953830E+03,1.941958E+00,2.194698E+04,2.933050E+04,7.293551E-01,2.605976E+04,2.736774E-01,0.000000E+00,0.000000E+00,2.233952E+00,5.676216E+04,8.225504E+00,9.383759E+04,1.186659E+05,2.233952E+00,1.037100E+05,2.233952E+00,0.000000E+00,0.000000E+00,2.105004E-01,5.348574E+03,9.283806E-01,1.056455E+04,1.275187E+04,3.535054E-01,1.395703E+04,2.105004E-01,0.000000E+00,0.000000E+00,2.105004E-01,5.348574E+03,1.234519E+00,1.400879E+04,1.548430E+04,3.537342E-01,1.396373E+04,2.105004E-01,0.000000E+00,0.000000E+00
08:10:00,2.736774E-01,6.876323E+03,1.750547E+00,1.984293E+04,2.517499E+04,6.243755E-01,2.287450E+04,2.736774E-01,0.000000E+00,0.000000E+00,2.233952E+00,5.612950E+04,7.424098E+00,8.535359E+04,1.027567E+05,2.233952E+00,1.037100E+05,2.233952E+00,0.000000E+00,0.000000E+00,2.105004E-01,5.288960E+03,8.516135E-01,9.739958E+03,1.133781E+04,3.098290E-01,1.265345E+04,2.105004E-01,0.000000E+00,0.000000E+00,2.105004E-01,5.288960E+03,1.153507E+00,1.311190E+04,1.439881E+04,3.100512E-01,1.265989E+04,2.105004E-01,0.000000E+00,0.000000E+00
08:20:00,2.736774E-01,6.798817E+03,1.989479E+00,2.258730E+04,2.850838E+04,6.095011E-01,2.245496E+04,2.736774E-01,0.000000E+00,0.000000E+00,2.233952E+00,5.549684E+04,8.516239E+00,9.817610E+04,1.184380E+05,2.233952E+00,1.037100E+05,2.233952E+00,0.000000E+00,0.000000E+00,2.105004E-01,5.229346E+03,9.392007E-01,1.077726E+04,1.252663E+04,3.004564E-01,1.238398E+04,2.105004E-01,0.000000E+00,0.000000E+00,2.105004E-01,5.229346E+03,1.230808E+00,1.403450E+04,1.542510E+04,3.006696E-01,1.239017E+04,2.105004E-01,0.000000E+00,0.000000E+00
08:30:00,2.736774E-01,6.721311E+03,1.851167E+00,2.112140E+04,2.616435E+04,5.415916E-01,2.048344E+04,2.736774E-01,0.000000E+00,0.000000E+00,2.233952E+00,5.486418E+04,8.014732E+00,9.321208E+04,1.103877E+05,2.233952E+00,1.037100E+05,2.233952E+00,0.000000E+00,0.000000E+00,2.105004E-01,5.169732E+03,8.892189E-01,1.027936E+04,1.179442E+04,2.734801E-01,1.160080E+04,2.105004E-01,0.000000E+00,0.000000E+00,2.105004E-01,5.169732E+03,1.182126E+00,1.355093E+04,1.485656E+04,2.736958E-01,1.160707E+04,2.105004E-01,0.000000E+00,0.000000E+00
08:40:00,2.736774E-01,6.643805E+03,1.826987E+00,2.093152E+04,2.569385E+04,5.298509E-01,2.014250E+04,2.736774E-01,0.000000E+00,0.000000E+00,2.233952E+00,5.423152E+04,7.971819E+00,9.337425E+04,1.096915E+05,2.233952E+00,1.037100E+05,2.233952E+00,0.000000E+00,0.000000E+00,2.105004E-01,5.110117E+03,8.820419E-01,1.025979E+04,1.170465E+04,2.669689E-01,1.141175E+04,2.105004E-01,0.000000E+00,0.000000E+00,2.105004E-01,5.110117E+03,1.172080E+00,1.349881E+04,1.478506E+04,2.671806E-01,1.141790E+04,2.105004E-01,0.000000E+00,0.000000E+00
08:50:00,2.736774E-01,6.566299E+03,1.804207E+00,2.075609E+04,2.504744E+04,5.179412E-01,1.979670E+04,2.736774E-01,0.000000E+00,0.000000E+00,2.233952E+00,5.359886E+04,7.923926E+00,9.347706E+04,1.082046E+05,2.233952E+00,1.037100E+05,2.233952E+00,0.000000E+00,0.000000E+00,2.105004E-01,5.050503E+03,8.776663E-01,1.027106E+04,1.160024E+04,2.610543E-01,1.124003E+04,2.105004E-01,0.000000E+00,0.000000E+00,2.105004E-01,5.050503E+03,1.166318E+00,1.349432E+04,1.476148E+04,2.612637E-01,1.124611E+04,2.105004E-01,0.000000E+00,0.000000E+00
09:00:00,2.736774E-01,6.488793E+03,1.787538E+00,2.064833E+04,2.458455E+04,5.083151E-01,1.951721E+04,2.736774E-01,0.000000E+00,0.000000E+00,2.233952E+00,5.296620E+04,7.892640E+00,9.376351E+04,1.072866E+05,2.233952E+00,1.037100E+05,2.233952E+00,0.000000E+00,0.000000E+00,2.105004E-01,4.990889E+03,8.765645E-01,1.031866E+04,1.156659E+04,2.562641E-01,1.110096E+04,2.105004E-01,0.000000E+00,0.000000E+00,2.105004E-01,4.990889E+03,1.164004E+00,1.352819E+04,1.478490E+04,2.564718E-01,1.110699E+04,2.105004E-01,0.000000E+00,0.000000E+00
09:10:00,2.736774E-01,6.419445E+03,1.775403E+00,2.058212E+04,2.427618E+04,5.004295E-01,1.928826E+04,2.736774E-01,0.000000E+00,0.000000E+00,2.233952E+00,5.240013E+04,7.873666E+00,9.411730E+04,1.068245E+05,2.233952E+00,1.037100E+05,2.233952E+00,0.000000E+00,0.000000E+00,2.105004E-01,4.937550E+03,8.780298E-01,1.038830E+04,1.158676E+04,2.523259E-01,1.098662E+04,2.105004E-01,0.000000E+00,0.000000E+00,2.105004E-01,4.937550E+03,1.164365E+00,1.358543E+04,1.483797E+04,2.525321E-01,1.099261E+04,2.105004E-01,0.000000E+00,0.000000E+00
09:20:00,2.736774E-01,6.350097E+03,1.766118E+00,2.054757E+04,2.408143E+04,4.938159E-01,1.909623E+04,2.736774E-01,0.000000E+00,0.000000E+00,2.233952E+00,5.183407E+04,7.861379E+00,9.454518E+04,1.067200E+05,2.233952E+00,1.037100E+05,2.233952E+00,0.000000E+00,0.000000E+00,2.105004E-01,4.884211E+03,8.812447E-01,1.047743E+04,1.164814E+04,2.490206E-01,1.089066E+04,2.105004E-01,0.000000E+00,0.000000E+00,2.105004E-01,4.884211E+03,1.166614E+00,1.366371E+04,1.491576E+04,2.492255E-01,1.089661E+04,2.105004E-01,0.000000E+00,0.000000E+00
09:30:00,2.736774E-01,6.280750E+03,1.758774E+00,2.053473E+04,2.396107E+04,4.881718E-01,1.893236E+04,2.736774E-01,0.000000E+00,0.000000E+00,2.233952E+00,5.126800E+04,7.853284E+00,9.502000E+04,1.068442E+05,2.233952E+00,1.037100E+05,2.233952E+00,0.000000E+00,0.000000E+00,2.105004E-01,4.830871E+03,8.857291E-01,1.058074E+04,1.173660E+04,2.461967E-01,1.080867E+04,2.105004E-01,0.000000E+00,0.000000E+00,2.105004E-01,4.830871E+03,1.170234E+00,1.375730E+04,1.501075E+04,2.464005E-01,1.081459E+04,2.105004E-01,0.000000E+00,0.000000E+00
09:40:00,2.736774E-01,6.211402E+03,1.753338E+00,2.054357E+04,2.389660E+04,4.832716E-01,1.879009E+04,2.736774E-01,0.000000E+00,0.000000E+00,2.233952E+00,5.070194E+04,7.850218E+00,9.555251E+04,1.071437E+05,2.233952E+00,1.037100E+05,2.233952E+00,0.000000E+00,0.000000E+00,2.105004E-01,4.777532E+03,8.911386E-01,1.069451E+04,1.184281E+04,2.437488E-01,1.073761E+04,2.105004E-01,0.000000E+00,0.000000E+00,2.105004E-01,4.777532E+03,1.174808E+00,1.386168E+04,1.511740E+04,2.439516E-01,1.074349E+04,2.105004E-01,0.000000E+00,0.000000E+00
09:50:00,2.736774E-01,6.142055E+03,1.749043E+00,2.056517E+04,2.386656E+04,4.789474E-01,1.866454E+04,2.736774E-01,0.000000E+00,0.000000E+00,2.233952E+00,5.013587E+04,7.849647E+00,9.611299E+04,1.075448E+05,2.233952E+00,1.037100E+05,2.233952E+00,0.000000E+00,0.000000E+00,2.105004E-01,4.724193E+03,8.971859E-01,1.081541E+04,1.196057E+04,2.415947E-01,1.067507E+04,2.105004E-01,0.000000E+00,0.000000E+00,2.105004E-01,4.724193E+03,1.180059E+00,1.397364E+04,1.523228E+04,2.417965E-01,1.068093E+04,2.105004E-01,0.000000E+00,0.000000E+00
10:00:00,2.736774E-01,6.072707E+03,1.745689E+00,2.059721E+04,2.386212E+04,4.750754E-01,1.855212E+04,2.736774E-01,0.000000E+00,0.000000E+00,2.233952E+00,4.956980E+04,7.851346E+00,9.669861E+04,1.080224E+05,2.233952E+00,1.037100E+05,2.233952E+00,0.000000E+00,0.000000E+00,2.105004E-01,4.670854E+03,9.036980E-01,1.094149E+04,1.208636E+04,2.396725E-01,1.061926E+04,2.105004E-01,0.000000E+00,0.000000E+00,2.105004E-01,4.670854E+03,1.185790E+00,1.409097E+04,1.535293E+04,2.398734E-01,1.062510E+04,2.105004E-01,0.000000E+00,0.000000E+00
10:10:00,2.736774E-01,6.011518E+03,1.743012E+00,2.062862E+04,2.386764E+04,4.715619E-01,1.845011E+04,2.736774E-01,0.000000E+00,0.000000E+00,2.233952E+00,4.907034E+04,7.854611E+00,9.723495E+04,1.084857E+05,2.233952E+00,1.037100E+05,2.233952E+00,0.000000E+00,0.000000E+00,2.105004E-01,4.623790E+03,9.104853E-01,1.106436E+04,1.221057E+04,2.379352E-01,1.056883E+04,2.105004E-01,0.000000E+00,0.000000E+00,2.105004E-01,4.623790E+03,1.191802E+00,1.420515E+04,1.547044E+04,2.381353E-01,1.057464E+04,2.105004E-01,0.000000E+00,0.000000E+00
10:20:00,2.736774E-01,5.950329E+03,1.740810E+00,2.066529E+04,2.388622E+04,4.683357E-01,1.835644E+04,2.736774E-01,0.000000E+00,0.000000E+00,2.233952E+00,4.857087E+04,7.858899E+00,9.778257E+04,1.089864E+05,2.233952E+00,1.037100E+05,2.233952E+00,0.000000E+00,0.000000E+00,2.105004E-01,4.576726E+03,9.173905E-01,1.118853E+04,1.233717E+04,2.363467E-01,1.052271E+04,2.105004E-01,0.000000E+00,0.000000E+00,2.105004E-01,4.576726E+03,1.197931E+00,1.432064E+04,1.558925E+04,2.365460E-01,1.052849E+04,2.105004E-01,0.000000E+00,0.000000E+00
10:30:00,2.736774E-01,5.889140E+03,1.738906E+00,2.070527E+04,2.391361E+04,4.653338E-01,1.826929E+04,2.736774E-01,0.000000E+00,0.000000E+00,2.233952E+00,4.807140E+04,7.849068E+00,9.817247E+04,1.093159E+05,2.233952E+00,1.037100E+05,2.233952E+00,0.000000E+00,0.000000E+00,2.105004E-01,4.529662E+03,9.242872E-01,1.131260E+04,1.246430E+04,2.348754E-01,1.048000E+04,2.105004E-01,0.000000E+00,0.000000E+00,2.105004E-01,4.529662E+03,1.204046E+00,1.443597E+04,1.570781E+04,2.350739E-01,1.048576E+04,2.105004E-01,0.000000E+00,0.000000E+00
10:40:00,2.736774E-01,5.827951E+03,1.737093E+00,2.074626E+04,2.394570E+04,4.625170E-01,1.818750E+04,2.736774E-01,0.000000E+00,0.000000E+00,2.233952E+00,4.757193E+04,7.834256E+00,9.850674E+04,1.096115E+05,2.233952E+00,1.037100E+05,2.233952E+00,0.000000E+00,0.000000E+00,2.105004E-01,4.482599E+03,9.311799E-01,1.143662E+04,1.259186E+04,2.335007E-01,1.044009E+04,2.105004E-01,0.000000E+00,0.000000E+00,2.105004E-01,4.482599E+03,1.210150E+00,1.455118E+04,1.582627E+04,2.336985E-01,1.044583E+04,2.105004E-01,0.000000E+00,0.000000E+00
10:50:00,2.736774E-01,5.766761E+03,1.735268E+00,2.078709E+04,2.398021E+04,4.598554E-01,1.811023E+04,2.736774E-01,0.000000E+00,0.000000E+00,2.233952E+00,4.707246E+04,7.816829E+00,9.881176E+04,1.098957E+05,2.233952E+00,1.037100E+05,2.233952E+00,0.000000E+00,0.000000E+00,2.105004E-01,4.435535E+03,9.378665E-01,1.155834E+04,1.271723E+04,2.322069E-01,1.040252E+04,2.105004E-01,0.000000E+00,0.000000E+00,2.105004E-01,4.435535E+03,1.216039E+00,1.466399E+04,1.594224E+04,2.324039E-01,1.040825E+04,2.105004E-01,0.000000E+00,0.000000E+00
11:00:00,2.736774E-01,5.705572E+03,1.733380E+00,2.082722E+04,2.401589E+04,4.573247E-01,1.803676E+04,2.736774E-01,0.000000E+00,0.000000E+00,2.233952E+00,4.657299E+04,7.797253E+00,9.909277E+04,1.101602E+05,2.233952E+00,1.037100E+05,2.233952E+00,0.000000E+00,0.000000E+00,2.105004E-01,4.388471E+03,9.442595E-01,1.167678E+04,1.283933E+04,2.309811E-01,1.036694E+04,2.105004E-01,0.000000E+00,0.000000E+00,2.105004E-01,4.388471E+03,1.221625E+00,1.477342E+04,1.605471E+04,2.311774E-01,1.037264E+04,2.105004E-01,0.000000E+00,0.000000E+00
11:10:00,2.736774E-01,5.664780E+03,1.731356E+00,2.084543E+04,2.403038E+04,4.549052E-01,1.796652E+04,2.736774E-01,0.000000E+00,0.000000E+00,2.233952E+00,4.624001E+04,7.775699E+00,9.918519E+04,1.102289E+05,2.233952E+00,1.037100E+05,2.233952E+00,0.000000E+00,0.000000E+00,2.105004E-01,4.357095E+03,9.502585E-01,1.177514E+04,1.294086E+04,2.298130E-01,1.033303E+04,2.105004E-01,0.000000E+00,0.000000E+00,2.105004E-01,4.357095E+03,1.226808E+00,1.486266E+04,1.614649E+04,2.300087E-01,1.033871E+04,2.105004E-01,0.000000E+00,0.000000E+00
11:20:00,2.736774E-01,5.623987E+03,1.729161E+00,2.086172E+04,2.404373E+04,4.525815E-01,1.789905E+04,2.736774E-01,0.000000E+00,0.000000E+00,2.233952E+00,4.590703E+04,7.752219E+00,9.925609E+04,1.102696E+05,2.233952E+00,1.037100E+05,2.233952E+00,0.000000E+00,0.000000E+00,2.105004E-01,4.325719E+03,9.558177E-01,1.186858E+04,1.303729E+04,2.286946E-01,1.030056E+04,2.105004E-01,0.000000E+00,0.000000E+00,2.105004E-01,4.325719E+03,1.231544E+00,1.494691E+04,1.623312E+04,2.288897E-01,1.030622E+04,2.105004E-01,0.000000E+00,0.000000E+00
11:30:00,2.736774E-01,5.583194E+03,1.726789E+00,2.087604E+04,2.405562E+04,4.503413E-01,1.783401E+04,2.736774E-01,0.000000E+00,0.000000E+00,2.233952E+00,4.557405E+04,7.741512E+00,9.946957E+04,1.104784E+05,2.233952E+00,1.037100E+05,2.233952E+00,0.000000E+00,0.000000E+00,2.105004E-01,4.294343E+03,9.608901E-01,1.195659E+04,1.312806E+04,2.276192E-01,1.026934E+04,2.105004E-01,0.000000E+00,0.000000E+00,2.105004E-01,4.294343E+03,1.235789E+00,1.502569E+04,1.631408E+04,2.278137E-01,1.027499E+04,2.105004E-01,0.000000E+00,0.000000E+00
11:40:00,2.736774E-01,5.542402E+03,1.724281E+00,2.088884E+04,2.406639E+04,4.481745E-01,1.777111E+04,2.736774E-01,0.000000E+00,0.000000E+00,2.233952E+00,4.524107E+04,7.734062E+00,9.971938E+04,1.107294E+05,2.233952E+00,1.037100E+05,2.233952E+00,0.000000E+00,0.000000E+00,2.105004E-01,4.262967E+03,9.654920E-01,1.203935E+04,1.321335E+04,2.265817E-01,1.023922E+04,2.105004E-01,0.000000E+00,0.000000E+00,2.105004E-01,4.262967E+03,1.239564E+00,1.509921E+04,1.638961E+04,2.267755E-01,1.024485E+04,2.105004E-01,0.000000E+00,0.000000E+00
11:50:00,2.736774E-01,5.501609E+03,1.721637E+00,2.090012E+04,2.407591E+04,4.460734E-01,1.771011E+04,2.736774E-01,0.000000E+00,0.000000E+00,2.233952E+00,4.490809E+04,7.727108E+00,9.997472E+04,1.109866E+05,2.233952E+00,1.037100E+05,2.233952E+00,0.000000E+00,0.000000E+00,2.105004E-01,4.231591E+03,9.696129E-01,1.211673E+04,1.329303E+04,2.255777E-01,1.021007E+04,2.105004E-01,0.000000E+00,0.000000E+00,2.105004E-01,4.231591E+03,1.242861E+00,1.516740E+04,1.645961E+04,2.257709E-01,1.021568E+04,2.105004E-01,0.000000E+00,0.000000E+00
12:00:00,2.736774E-01,5.460816E+03,1.719243E+00,2.091419E+04,2.408926E+04,4.440314E-01,1.765082E+04,2.736774E-01,0.000000E+00,0.000000E+00,2.233952E+00,4.457511E+04,7.720001E+00,1.002284E+05,1.112420E+05,2.233952E+00,1.037100E+05,2.233952E+00,0.000000E+00,0.000000E+00,2.105004E-01,4.200215E+03,9.732276E-01,1.218847E+04,1.336678E+04,2.246039E-01,1.018180E+04,2.105004E-01,0.000000E+00,0.000000E+00,2.105004E-01,4.200215E+03,1.245660E+00,1.523003E+04,1.652383E+04,2.247966E-01,1.018740E+04,2.105004E-01,0.000000E+00,0.000000E+00
12:10:00,2.736774E-01,5.428182E+03,1.717231E+00,2.092436E+04,2.409917E+04,4.420435E-01,1.759311E+04,2.736774E-01,0.000000E+00,0.000000E+00,2.233952E+00,4.430873E+04,7.712206E+00,1.004077E+05,1.114207E+05,2.233952E+00,1.037100E+05,2.233952E+00,0.000000E+00,0.000000E+00,2.105004E-01,4.175114E+03,9.763493E-01,1.224842E+04,1.342837E+04,2.236575E-01,1.015433E+04,2.105004E-01,0.000000E+00,0.000000E+00,2.105004E-01,4.175114E+03,1.247977E+00,1.528100E+04,1.657607E+04,2.238496E-01,1.015990E+04,2.105004E-01,0.000000E+00,0.000000E+00
12:20:00,2.736774E-01,5.395548E+03,1.715597E+00,2.093875E+04,2.411347E+04,4.401052E-01,1.753684E+04,2.736774E-01,0.000000E+00,0.000000E+00,2.233952E+00,4.404234E+04,7.703359E+00,1.005753E+05,1.115861E+05,2.233952E+00,1.037100E+05,2.233952E+00,0.000000E+00,0.000000E+00,2.105004E-01,4.150014E+03,9.789659E-01,1.230274E+04,1.348409E+04,2.227362E-01,1.012758E+04,2.105004E-01,0.000000E+00,0.000000E+00,2.105004E-01,4.150014E+03,1.249786E+00,1.532630E+04,1.662246E+04,2.229278E-01,1.013314E+04,2.105004E-01,0.000000E+00,0.000000E+00
12:30:00,2.736774E-01,5.362914E+03,1.714333E+00,2.095727E+04,2.413207E+04,4.382132E-01,1.748191E+04,2.736774E-01,0.000000E+00,0.000000E+00,2.233952E+00,4.377596E+04,7.693222E+00,1.007285E+05,1.117357E+05,2.233952E+00,1.037100E+05,2.233952E+00,0.000000E+00,0.000000E+00,2.105004E-01,4.124913E+03,9.810259E-01,1.235084E+04,1.353330E+04,2.218383E-01,1.010152E+04,2.105004E-01,0.000000E+00,0.000000E+00,2.105004E-01,4.124913E+03,1.251063E+00,1.536566E+04,1.666272E+04,2.220293E-01,1.010706E+04,2.105004E-01,0.000000E+00,0.000000E+00
12:40:00,2.736774E-01,5.330279E+03,1.713431E+00,2.097983E+04,2.415504E+04,4.363644E-01,1.742824E+04,2.736774E-01,0.000000E+00,0.000000E+00,2.233952E+00,4.350958E+04,7.681652E+00,1.008658E+05,1.118678E+05,2.233952E+00,1.037100E+05,2.233952E+00,0.000000E+00,0.000000E+00,2.105004E-01,4.099812E+03,9.825127E-01,1.239254E+04,1.357584E+04,2.209622E-01,1.007608E+04,2.105004E-01,0.000000E+00,0.000000E+00,2.105004E-01,4.099812E+03,1.251785E+00,1.539882E+04,1.669659E+04,2.211527E-01,1.008161E+04,2.105004E-01,0.000000E+00,0.000000E+00
12:50:00,2.736774E-01,5.297645E+03,1.712879E+00,2.100631E+04,2.418250E+04,4.345564E-01,1.737575E+04,2.736774E-01,0.000000E+00,0.000000E+00,2.233952E+00,4.324319E+04,7.668863E+00,1.009894E+05,1.119855E+05,2.233952E+00,1.037100E+05,2.233952E+00,0.000000E+00,0.000000E+00,2.105004E-01,4.074711E+03,9.834068E-01,1.242763E+04,1.361147E+04,2.201067E-01,1.005125E+04,2.105004E-01,0.000000E+00,0.000000E+00,2.105004E-01,4.074711E+03,1.251931E+00,1.542555E+04,1.672380E+04,2.202967E-01,1.005676E+04,2.105004E-01,0.000000E+00,0.000000E+00
13:00:00,2.736774E-01,5.265011E+03,1.712256E+00,2.103198E+04,2.420893E+04,4.327871E-01,1.732438E+04,2.736774E-01,0.000000E+00,0.000000E+00,2.233952E+00,4.297681E+04,7.654804E+00,1.010988E+05,1.120879E+05,2.233952E+00,1.037100E+05,2.233952E+00,0.000000E+00,0.000000E+00,2.105004E-01,4.049611E+03,9.836879E-01,1.245587E+04,1.363995E+04,2.192706E-01,1.002697E+04,2.105004E-01,0.000000E+00,0.000000E+00,2.105004E-01,4.049611E+03,1.251479E+00,1.544561E+04,1.674411E+04,2.194601E-01,1.003247E+04,2.105004E-01,0.000000E+00,0.000000E+00
13:10:00,2.736774E-01,5.244615E+03,1.711432E+00,2.104318E+04,2.422026E+04,4.310547E-01,1.727409E+04,2.736774E-01,0.000000E+00,0.000000E+00,2.233952E+00,4.281032E+04,7.654191E+00,1.012584E+05,1.122692E+05,2.233952E+00,1.037100E+05,2.233952E+00,0.000000E+00,0.000000E+00,2.105004E-01,4.033923E+03,9.833366E-01,1.246764E+04,1.365142E+04,2.184530E-01,1.000324E+04,2.105004E-01,0.000000E+00,0.000000E+00,2.105004E-01,4.033923E+03,1.250411E+00,1.544938E+04,1.674768E+04,2.186419E-01,1.000872E+04,2.105004E-01,0.000000E+00,0.000000E+00
13:20:00,2.736774E-01,5.224218E+03,1.710445E+00,2.105256E+04,2.422959E+04,4.293576E-01,1.722482E+04,2.736774E-01,0.000000E+00,0.000000E+00,2.233952E+00,4.264383E+04,7.657654E+00,1.014636E+05,1.124866E+05,2.233952E+00,1.037100E+05,2.233952E+00,0.000000E+00,0.000000E+00,2.105004E-01,4.018235E+03,9.823604E-01,1.247243E+04,1.365563E+04,2.176529E-01,9.980010E+03,2.105004E-01,0.000000E+00,0.000000E+00,2.105004E-01,4.018235E+03,1.248752E+00,1.544655E+04,1.674448E+04,2.178413E-01,9.985481E+03,2.105004E-01,0.000000E+00,0.000000E+00
13:30:00,2.736774E-01,5.203822E+03,1.709299E+00,2.106016E+04,2.423695E+04,4.276944E-01,1.717654E+04,2.736774E-01,0.000000E+00,0.000000E+00,2.233952E+00,4.247734E+04,7.662483E+00,1.016840E+05,1.127092E+05,2.233952E+00,1.037100E+05,2.233952E+00,0.000000E+00,0.000000E+00,2.105004E-01,4.002547E+03,9.807914E-01,1.247061E+04,1.365295E+04,2.168695E-01,9.957267E+03,2.105004E-01,0.000000E+00,0.000000E+00,2.105004E-01,4.002547E+03,1.246509E+00,1.543720E+04,1.673455E+04,2.170574E-01,9.962724E+03,2.105004E-01,0.000000E+00,0.000000E+00
13:40:00,2.736774E-01,5.183426E+03,1.707973E+00,2.106575E+04,2.424204E+04,4.260639E-01,1.712920E+04,2.736774E-01,0.000000E+00,0.000000E+00,2.233952E+00,4.231085E+04,7.667898E+00,1.019109E+05,1.129387E+05,2.233952E+00,1.037100E+05,2.233952E+00,0.000000E+00,0.000000E+00,2.105004E-01,3.986859E+03,9.786120E-01,1.246197E+04,1.364311E+04,2.161020E-01,9.934986E+03,2.105004E-01,0.000000E+00,0.000000E+00,2.105004E-01,3.986859E+03,1.243673E+00,1.542123E+04,1.671772E+04,2.162895E-01,9.940431E+03,2.105004E-01,0.000000E+00,0.000000E+00
13:50:00,2.736774E-01,5.163029E+03,1.706450E+00,2.106915E+04,2.424469E+04,4.244650E-01,1.708278E+04,2.736774E-01,0.000000E+00,0.000000E+00,2.233952E+00,4.214436E+04,7.673163E+00,1.021361E+05,1.131724E+05,2.233952E+00,1.037100E+05,2.233952E+00,0.000000E+00,0.000000E+00,2.105004E-01,3.971171E+03,9.758136E-01,1.244641E+04,1.362600E+04,2.153498E-01,9.913151E+03,2.105004E-01,0.000000E+00,0.000000E+00,2.105004E-01,3.971171E+03,1.240239E+00,1.539858E+04,1.669396E+04,2.155369E-01,9.918582E+03,2.105004E-01,0.000000E+00,0.000000E+00
14:00:00,2.736774E-01,5.142633E+03,1.704705E+00,2.107006E+04,2.424463E+04,4.228966E-01,1.703725E+04,2.736774E-01,0.000000E+00,0.000000E+00,2.233952E+00,4.197787E+04,7.677797E+00,1.023544E+05,1.134059E+05,2.233952E+00,1.037100E+05,2.233952E+00,0.000000E+00,0.000000E+00,2.105004E-01,3.955483E+03,9.723828E-01,1.242380E+04,1.360148E+04,2.146125E-01,9.891746E+03,2.105004E-01,0.000000E+00,0.000000E+00,2.105004E-01,3.955483E+03,1.236196E+00,1.536913E+04,1.666314E+04,2.147991E-01,9.897164E+03,2.105004E-01,0.000000E+00,0.000000E+00
14:10:00,2.736774E-01,5.142633E+03,1.702629E+00,2.104688E+04,2.421967E+04,4.213578E-01,1.699258E+04,2.736774E-01,0.000000E+00,0.000000E+00,2.233952E+00,4.197787E+04,7.666976E+00,1.022335E+05,1.132708E+05,2.233952E+00,1.037100E+05,2.233952E+00,0.000000E+00,0.000000E+00,2.105004E-01,3.955483E+03,9.684165E-01,1.237952E+04,1.355480E+04,2.138895E-01,9.870756E+03,2.105004E-01,0.000000E+00,0.000000E+00,2.105004E-01,3.955483E+03,1.231643E+00,1.531830E+04,1.661053E+04,2.140757E-01,9.876161E+03,2.105004E-01,0.000000E+00,0.000000E+00
14:20:00,2.736774E-01,5.142633E+03,1.700151E+00,2.101922E+04,2.418992E+04,4.198477E-01,1.694874E+04,2.736774E-01,0.000000E+00,0.000000E+00,2.233952E+00,4.197787E+04,7.650242E+00,1.020467E+05,1.130631E+05,2.233952E+00,1.037100E+05,2.233952E+00,0.000000E+00,0.000000E+00,2.105004E-01,3.955483E+03,9.637451E-01,1.232737E+04,1.349970E+04,2.131803E-01,9.850169E+03,2.105004E-01,0.000000E+00,0.000000E+00,2.105004E-01,3.955483E+03,1.226411E+00,1.525988E+04,1.654989E+04,2.133661E-01,9.855562E+03,2.105004E-01,0.000000E+00,0.000000E+00
14:30:00,2.736774E-01,5.142633E+03,1.697239E+00,2.098670E+04,2.415502E+04,4.183656E-01,1.690571E+04,2.736774E-01,0.000000E+00,0.000000E+00,2.233952E+00,4.197787E+04,7.630345E+00,1.018246E+05,1.128181E+05,2.233952E+00,1.037100E+05,2.233952E+00,0.000000E+00,0.000000E+00,2.105004E-01,3.955483E+03,9.583346E-01,1.226697E+04,1.343587E+04,2.124847E-01,9.829974E+03,2.105004E-01,0.000000E+00,0.000000E+00,2.105004E-01,3.955483E+03,1.220466E+00,1.519352E+04,1.648099E+04,2.126701E-01,9.835355E+03,2.105004E-01,0.000000E+00,0.000000E+00
14:40:00,2.736774E-01,5.142633E+03,1.693880E+00,2.094921E+04,2.411482E+04,4.169105E-01,1.686347E+04,2.736774E-01,0.000000E+00,0.000000E+00,2.233952E+00,4.197787E+04,7.607867E+00,1.015737E+05,1.125425E+05,2.233952E+00,1.037100E+05,2.233952E+00,0.000000E+00,0.000000E+00,2.105004E-01,3.955483E+03,9.521948E-01,1.219843E+04,1.336354E+04,2.118021E-01,9.810160E+03,2.105004E-01,0.000000E+00,0.000000E+00,2.105004E-01,3.955483E+03,1.213822E+00,1.511934E+04,1.640406E+04,2.119871E-01,9.815529E+03,2.105004E-01,0.000000E+00,0.000000E+00
14:50:00,2.736774E-01,5.142633E+03,1.690067E+00,2.090664E+04,2.406917E+04,4.154820E-01,1.682200E+04,2.736774E-01,0.000000E+00,0.000000E+00,2.233952E+00,4.197787E+04,7.582852E+00,1.012945E+05,1.122366E+05,2.233952E+00,1.037100E+05,2.233952E+00,0.000000E+00,0.000000E+00,2.105004E-01,3.955483E+03,9.453419E-01,1.212192E+04,1.328289E+04,2.111324E-01,9.790716E+03,2.105004E-01,0.000000E+00,0.000000E+00,2.105004E-01,3.955483E+03,1.206496E+00,1.503756E+04,1.631930E+04,2.113169E-01,9.796074E+03,2.105004E-01,0.000000E+00,0.000000E+00
15:00:00,2.736774E-01,5.142633E+03,1.685795E+00,2.085895E+04,2.401798E+04,4.140791E-01,1.678127E+04,2.736774E-01,0.000000E+00,0.000000E+00,2.233952E+00,4.197787E+04,7.555375E+00,1.009877E+05,1.119015E+05,2.233952E+00,1.037100E+05,2.233952E+00,0.000000E+00,0.000000E+00,2.105004E-01,3.955483E+03,9.378029E-01,1.203775E+04,1.319419E+04,2.105004E-01,9.772369E+03,2.105004E-01,0.000000E+00,0.000000E+00,2.105004E-01,3.955483E+03,1.198523E+00,1.494854E+04,1.622706E+04,2.106592E-01,9.776979E+03,2.105004E-01,0.000000E+00,0.000000E+00
15:10:00,2.736774E-01,5.167108E+03,1.681084E+00,2.078188E+04,2.393655E+04,4.127013E-01,1.674127E+04,2.736774E-01,0.000000E+00,0.000000E+00,2.233952E+00,4.217766E+04,7.525097E+00,1.004499E+05,1.113291E+05,2.233952E+00,1.037100E+05,2.233952E+00,0.000000E+00,0.000000E+00,2.105004E-01,3.974308E+03,9.294883E-01,1.192610E+04,1.307697E+04,2.105004E-01,9.772369E+03,2.105004E-01,0.000000E+00,0.000000E+00,2.105004E-01,3.974308E+03,1.189791E+00,1.483223E+04,1.610662E+04,2.105004E-01,9.772369E+03,2.105004E-01,0.000000E+00,0.000000E+00
15:20:00,2.736774E-01,5.191584E+03,1.675899E+00,2.069952E+04,2.384949E+04,4.113479E-01,1.670198E+04,2.736774E-01,0.000000E+00,0.000000E+00,2.233952E+00,4.237745E+04,7.491577E+00,9.987593E+04,1.107176E+05,2.233952E+00,1.037100E+05,2.233952E+00,0.000000E+00,0.000000E+00,2.105004E-01,3.993134E+03,9.206043E-01,1.180810E+04,1.295307E+04,2.105004E-01,9.772369E+03,2.105004E-01,0.000000E+00,0.000000E+00,2.105004E-01,3.993134E+03,1.180524E+00,1.470995E+04,1.598003E+04,2.105004E-01,9.772369E+03,2.105004E-01,0.000000E+00,0.000000E+00
15:30:00,2.736774E-01,5.216060E+03,1.670213E+00,2.061156E+04,2.375651E+04,4.100184E-01,1.666338E+04,2.736774E-01,0.000000E+00,0.000000E+00,2.233952E+00,4.257723E+04,7.454927E+00,9.926698E+04,1.100689E+05,2.233952E+00,1.037100E+05,2.233952E+00,0.000000E+00,0.000000E+00,2.105004E-01,4.011960E+03,9.112510E-01,1.168485E+04,1.282367E+04,2.105004E-01,9.772369E+03,2.105004E-01,0.000000E+00,0.000000E+00,2.105004E-01,4.011960E+03,1.170818E+00,1.458276E+04,1.584837E+04,2.105004E-01,9.772369E+03,2.105004E-01,0.000000E+00,0.000000E+00
15:40:00,2.736774E-01,5.240535E+03,1.664009E+00,2.051783E+04,2.365743E+04,4.087121E-01,1.662546E+04,2.736774E-01,0.000000E+00,0.000000E+00,2.233952E+00,4.277702E+04,7.415518E+00,9.862725E+04,1.093872E+05,2.233952E+00,1.037100E+05,2.233952E+00,0.000000E+00,0.000000E+00,2.105004E-01,4.030785E+03,9.015282E-01,1.155748E+04,1.268990E+04,2.105004E-01,9.772369E+03,2.105004E-01,0.000000E+00,0.000000E+00,2.105004E-01,4.030785E+03,1.160774E+00,1.445180E+04,1.571277E+04,2.105004E-01,9.772369E+03,2.105004E-01,0.000000E+00,0.000000E+00
15:50:00,2.736774E-01,5.265011E+03,1.657194E+00,2.041727E+04,2.355094E+04,4.074284E-01,1.658820E+04,2.736774E-01,0.000000E+00,0.000000E+00,2.233952E+00,4.297681E+04,7.373809E+00,9.796183E+04,1.086779E+05,2.233952E+00,1.037100E+05,2.233952E+00,0.000000E+00,0.000000E+00,2.105004E-01,4.049611E+03,8.914030E-01,1.142561E+04,1.255118E+04,2.105004E-01,9.772369E+03,2.105004E-01,0.000000E+00,0.000000E+00,2.105004E-01,4.049611E+03,1.150355E+00,1.431666E+04,1.557264E+04,2.105004E-01,9.772369E+03,2.105004E-01,0.000000E+00,0.000000E+00
16:00:00,2.736774E-01,5.289487E+03,1.649831E+00,2.031059E+04,2.343799E+04,4.061669E-01,1.655157E+04,2.736774E-01,0.000000E+00,0.000000E+00,2.233952E+00,4.317660E+04,7.330056E+00,9.727359E+04,1.079436E+05,2.233952E+00,1.037100E+05,2.233952E+00,0.000000E+00,0.000000E+00,2.105004E-01,4.068436E+03,8.811012E-01,1.129177E+04,1.241045E+04,2.105004E-01,9.772369E+03,2.105004E-01,0.000000E+00,0.000000E+00,2.105004E-01,4.068436E+03,1.139786E+00,1.417984E+04,1.543084E+04,2.105004E-01,9.772369E+03,2.105004E-01,0.000000E+00,0.000000E+00
16:10:00,2.736774E-01,5.322121E+03,1.641991E+00,2.019044E+04,2.331114E+04,4.049270E-01,1.651558E+04,2.736774E-01,0.000000E+00,0.000000E+00,2.233952E+00,4.344298E+04,7.285106E+00,9.650538E+04,1.071272E+05,2.233952E+00,1.037100E+05,2.233952E+00,0.000000E+00,0.000000E+00,2.105004E-01,4.093537E+03,8.708066E-01,1.115174E+04,1.226348E+04,2.105004E-01,9.772369E+03,2.105004E-01,0.000000E+00,0.000000E+00,2.105004E-01,4.093537E+03,1.129272E+00,1.403736E+04,1.528335E+04,2.105004E-01,9.772369E+03,2.105004E-01,0.000000E+00,0.000000E+00
16:20:00,2.736774E-01,5.354755E+03,1.633695E+00,2.006519E+04,2.317887E+04,4.037081E-01,1.648019E+04,2.736774E-01,0.000000E+00,0.000000E+00,2.233952E+00,4.370936E+04,7.239196E+00,9.572647E+04,1.062994E+05,2.233952E+00,1.037100E+05,2.233952E+00,0.000000E+00,0.000000E+00,2.105004E-01,4.118638E+03,8.606428E-01,1.101317E+04,1.211804E+04,2.105004E-01,9.772369E+03,2.105004E-01,0.000000E+00,0.000000E+00,2.105004E-01,4.118638E+03,1.118924E+00,1.389672E+04,1.513774E+04,2.105004E-01,9.772369E+03,2.105004E-01,0.000000E+00,0.000000E+00
16:30:00,2.736774E-01,5.387389E+03,1.624956E+00,1.993499E+04,2.304131E+04,4.025099E-01,1.644541E+04,2.736774E-01,0.000000E+00,0.000000E+00,2.233952E+00,4.397575E+04,7.191886E+00,9.493192E+04,1.054541E+05,2.233952E+00,1.037100E+05,2.233952E+00,0.000000E+00,0.000000E+00,2.105004E-01,4.143738E+03,8.507443E-01,1.087756E+04,1.197568E+04,2.105004E-01,9.772369E+03,2.105004E-01,0.000000E+00,0.000000E+00,2.105004E-01,4.143738E+03,1.108880E+00,1.375949E+04,1.499559E+04,2.105004E-01,9.772369E+03,2.105004E-01,0.000000E+00,0.000000E+00
16:40:00,2.736774E-01,5.420023E+03,1.616061E+00,1.980306E+04,2.290234E+04,4.013317E-01,1.641120E+04,2.736774E-01,0.000000E+00,0.000000E+00,2.233952E+00,4.424213E+04,7.143127E+00,9.412118E+04,1.045911E+05,2.233952E+00,1.037100E+05,2.233952E+00,0.000000E+00,0.000000E+00,2.105004E-01,4.168839E+03,8.412580E-01,1.074655E+04,1.183815E+04,2.105004E-01,9.772369E+03,2.105004E-01,0.000000E+00,0.000000E+00,2.105004E-01,4.168839E+03,1.099288E+00,1.362729E+04,1.485862E+04,2.105004E-01,9.772369E+03,2.105004E-01,0.000000E+00,0.000000E+00
16:50:00,2.736774E-01,5.452658E+03,1.607168E+00,1.967114E+04,2.276362E+04,4.001732E-01,1.637757E+04,2.736774E-01,0.000000E+00,0.000000E+00,2.233952E+00,4.450852E+04,7.093126E+00,9.329660E+04,1.037134E+05,2.233952E+00,1.037100E+05,2.233952E+00,0.000000E+00,0.000000E+00,2.105004E-01,4.193940E+03,8.323476E-01,1.062197E+04,1.170745E+04,2.105004E-01,9.772369E+03,2.105004E-01,0.000000E+00,0.000000E+00,2.105004E-01,4.193940E+03,1.090312E+00,1.350198E+04,1.472880E+04,2.105004E-01,9.772369E+03,2.105004E-01,0.000000E+00,0.000000E+00
17:00:00,2.736774E-01,5.485292E+03,1.598188E+00,1.953825E+04,2.262370E+04,3.990338E-01,1.634449E+04,2.736774E-01,0.000000E+00,0.000000E+00,2.233952E+00,4.477490E+04,7.042111E+00,9.246068E+04,1.028234E+05,2.233952E+00,1.037100E+05,2.233952E+00,0.000000E+00,0.000000E+00,2.105004E-01,4.219041E+03,8.238809E-01,1.050234E+04,1.158187E+04,2.105004E-01,9.772369E+03,2.105004E-01,0.000000E+00,0.000000E+00,2.105004E-01,4.219041E+03,1.081816E+00,1.338203E+04,1.460442E+04,2.105004E-01,9.772369E+03,2.105004E-01,0.000000E+00,0.000000E+00
17:10:00,2.736774E-01,5.526084E+03,1.589062E+00,1.939557E+04,2.247347E+04,3.979132E-01,1.631196E+04,2.736774E-01,0.000000E+00,0.000000E+00,2.233952E+00,4.510788E+04,6.989770E+00,9.154336E+04,1.018484E+05,2.233952E+00,1.037100E+05,2.233952E+00,0.000000E+00,0.000000E+00,2.105004E-01,4.250417E+03,8.157670E-01,1.038037E+04,1.145395E+04,2.105004E-01,9.772369E+03,2.105004E-01,0.000000E+00,0.000000E+00,2.105004E-01,4.250417E+03,1.073705E+00,1.326009E+04,1.447804E+04,2.105004E-01,9.772369E+03,2.105004E-01,0.000000E+00,0.000000E+00
17:20:00,2.736774E-01,5.566877E+03,1.579729E+00,1.925058E+04,2.232072E+04,3.968108E-01,1.627996E+04,2.736774E-01,0.000000E+00,0.000000E+00,2.233952E+00,4.544086E+04,6.936498E+00,9.061565E+04,1.008616E+05,2.233952E+00,1.037100E+05,2.233952E+00,0.000000E+00,0.000000E+00,2.105004E-01,4.281793E+03,8.079014E-01,1.026118E+04,1.132893E+04,2.105004E-01,9.772369E+03,2.105004E-01,0.000000E+00,0.000000E+00,2.105004E-01,4.281793E+03,1.065869E+00,1.314123E+04,1.435491E+04,2.105004E-01,9.772369E+03,2.105004E-01,0.000000E+00,0.000000E+00
17:30:00,2.736774E-01,5.607670E+03,1.570093E+00,1.910221E+04,2.216440E+04,3.957264E-01,1.624848E+04,2.736774E-01,0.000000E+00,0.000000E+00,2.233952E+00,4.577384E+04,6.882861E+00,8.968386E+04,9.987032E+04,2.233952E+00,1.037100E+05,2.233952E+00,0.000000E+00,0.000000E+00,2.105004E-01,4.313169E+03,8.001567E-01,1.014334E+04,1.120530E+04,2.105004E-01,9.772369E+03,2.105004E-01,0.000000E+00,0.000000E+00,2.105004E-01,4.313169E+03,1.058178E+00,1.302399E+04,1.423350E+04,2.105004E-01,9.772369E+03,2.105004E-01,0.000000E+00,0.000000E+00
17:40:00,2.736774E-01,5.648463E+03,1.559670E+00,1.894506E+04,2.199820E+04,3.946594E-01,1.621750E+04,2.736774E-01,0.000000E+00,0.000000E+00,2.233952E+00,4.610682E+04,6.828984E+00,8.874939E+04,9.887591E+04,2.233952E+00,1.037100E+05,2.233952E+00,0.000000E+00,0.000000E+00,2.105004E-01,4.344544E+03,7.922603E-01,1.002380E+04,1.107958E+04,2.105004E-01,9.772369E+03,2.105004E-01,0.000000E+00,0.000000E+00,2.105004E-01,4.344544E+03,1.050350E+00,1.290521E+04,1.411031E+04,2.105004E-01,9.772369E+03,2.105004E-01,0.000000E+00,0.000000E+00
17:50:00,2.736774E-01,5.689255E+03,1.548382E+00,1.877824E+04,2.182140E+04,3.936095E-01,1.618702E+04,2.736774E-01,0.000000E+00,0.000000E+00,2.233952E+00,4.643980E+04,6.774921E+00,8.781285E+04,9.787896E+04,2.233952E+00,1.037100E+05,2.233952E+00,0.000000E+00,0.000000E+00,2.105004E-01,4.375920E+03,7.842298E-01,9.902771E+03,1.095219E+04,2.105004E-01,9.772369E+03,2.105004E-01,0.000000E+00,0.000000E+00,2.105004E-01,4.375920E+03,1.042399E+00,1.278507E+04,1.398574E+04,2.105004E-01,9.772369E+03,2.105004E-01,0.000000E+00,0.000000E+00
18:00:00,2.736774E-01,5.730048E+03,1.536107E+00,1.860042E+04,2.163244E+04,3.925763E-01,1.615703E+04,2.736774E-01,0.000000E+00,0.000000E+00,2.233952E+00,4.677278E+04,6.720778E+00,8.687541E+04,9.688058E+04,2.233952E+00,1.037100E+05,2.233952E+00,0.000000E+00,0.000000E+00,2.105004E-01,4.407296E+03,7.760678E-01,9.780271E+03,1.082314E+04,2.105004E-01,9.772369E+03,2.105004E-01,0.000000E+00,0.000000E+00,2.105004E-01,4.407296E+03,1.034327E+00,1.266357E+04,1.385976E+04,2.105004E-01,9.772369E+03,2.105004E-01,0.000000E+00,0.000000E+00
18:10:00,2.736774E-01,5.791237E+03,1.522293E+00,1.838501E+04,2.140301E+04,3.915594E-01,1.612751E+04,2.736774E-01,0.000000E+00,0.000000E+00,2.233952E+00,4.727225E+04,6.666685E+00,8.577204E+04,9.571238E+04,2.233952E+00,1.037100E+05,2.233952E+00,0.000000E+00,0.000000E+00,2.105004E-01,4.454360E+03,7.677236E-01,9.640049E+03,1.067568E+04,2.105004E-01,9.772369E+03,2.105004E-01,0.000000E+00,0.000000E+00,2.105004E-01,4.454360E+03,1.026082E+00,1.252446E+04,1.371562E+04,2.105004E-01,9.772369E+03,2.105004E-01,0.000000E+00,0.000000E+00
18:20:00,2.736774E-01,5.852426E+03,1.507059E+00,1.815374E+04,2.115637E+04,3.905585E-01,1.609845E+04,2.736774E-01,0.000000E+00,0.000000E+00,2.233952E+00,4.777172E+04,6.612770E+00,8.467065E+04,9.454596E+04,2.233952E+00,1.037100E+05,2.233952E+00,0.000000E+00,0.000000E+00,2.105004E-01,4.501424E+03,7.592273E-01,9.498129E+03,1.052625E+04,2.105004E-01,9.772369E+03,2.105004E-01,0.000000E+00,0.000000E+00,2.105004E-01,4.501424E+03,1.017696E+00,1.238377E+04,1.356975E+04,2.105004E-01,9.772369E+03,2.105004E-01,0.000000E+00,0.000000E+00
18:30:00,2.736774E-01,5.913615E+03,1.491002E+00,1.791330E+04,2.090076E+04,3.895732E-01,1.606985E+04,2.736774E-01,0.000000E+00,0.000000E+00,2.233952E+00,4.827118E+04,6.559310E+00,8.357435E+04,9.338494E+04,2.233952E+00,1.037100E+05,2.233952E+00,0.000000E+00,0.000000E+00,2.105004E-01,4.548488E+03,7.505560E-01,9.354255E+03,1.037453E+04,2.105004E-01,9.772369E+03,2.105004E-01,0.000000E+00,0.000000E+00,2.105004E-01,4.548488E+03,1.009142E+00,1.224120E+04,1.342179E+04,2.105004E-01,9.772369E+03,2.105004E-01,0.000000E+00,0.000000E+00
18:40:00,2.736774E-01,5.974804E+03,1.475262E+00,1.767638E+04,2.065068E+04,3.886112E-01,1.604192E+04,2.736774E-01,0.000000E+00,0.000000E+00,2.233952E+00,4.877065E+04,6.507215E+00,8.249329E+04,9.224138E+04,2.233952E+00,1.037100E+05,2.233952E+00,0.000000E+00,0.000000E+00,2.105004E-01,4.595552E+03,7.421316E-01,9.213139E+03,1.022610E+04,2.105004E-01,9.772369E+03,2.105004E-01,0.000000E+00,0.000000E+00,2.105004E-01,4.595552E+03,1.000855E+00,1.210162E+04,1.327732E+04,2.105004E-01,9.772369E+03,2.105004E-01,0.000000E+00,0.000000E+00
18:50:00,2.736774E-01,6.035993E+03,1.460149E+00,1.744648E+04,2.040831E+04,3.876619E-01,1.601436E+04,2.736774E-01,0.000000E+00,0.000000E+00,2.233952E+00,4.927012E+04,6.457144E+00,8.143480E+04,9.112313E+04,2.233952E+00,1.037100E+05,2.233952E+00,0.000000E+00,0.000000E+00,2.105004E-01,4.642616E+03,7.340202E-01,9.075516E+03,1.008148E+04,2.105004E-01,9.772369E+03,2.105004E-01,0.000000E+00,0.000000E+00,2.105004E-01,4.642616E+03,9.929032E-01,1.196578E+04,1.313680E+04,2.105004E-01,9.772369E+03,2.105004E-01,0.000000E+00,0.000000E+00
19:00:00,2.736774E-01,6.097183E+03,1.446010E+00,1.722743E+04,2.017720E+04,3.867326E-01,1.598738E+04,2.736774E-01,0.000000E+00,0.000000E+00,2.233952E+00,4.976959E+04,6.409579E+00,8.040431E+04,9.003559E+04,2.233952E+00,1.037100E+05,2.233952E+00,0.000000E+00,0.000000E+00,2.105004E-01,4.689680E+03,7.262937E-01,8.942190E+03,9.941286E+03,2.105004E-01,9.772369E+03,2.105004E-01,0.000000E+00,0.000000E+00,2.105004E-01,4.689680E+03,9.853579E-01,1.183447E+04,1.300080E+04,2.105004E-01,9.772369E+03,2.105004E-01,0.000000E+00,0.000000E+00
19:10:00,2.736774E-01,6.142055E+03,1.433703E+00,1.704516E+04,1.998566E+04,3.858225E-01,1.596096E+04,2.736774E-01,0.000000E+00,0.000000E+00,2.233952E+00,5.013587E+04,6.365177E+00,7.954231E+04,8.912306E+04,2.233952E+00,1.037100E+05,2.233952E+00,0.000000E+00,0.000000E+00,2.105004E-01,4.724193E+03,7.191416E-01,8.827826E+03,9.820760E+03,2.105004E-01,9.772369E+03,2.105004E-01,0.000000E+00,0.000000E+00,2.105004E-01,4.724193E+03,9.784077E-01,1.172236E+04,1.288447E+04,2.105004E-01,9.772369E+03,2.105004E-01,0.000000E+00,0.000000E+00
19:20:00,2.736774E-01,6.186927E+03,1.423349E+00,1.688469E+04,1.981883E+04,3.849292E-01,1.593503E+04,2.736774E-01,0.000000E+00,0.000000E+00,2.233952E+00,5.050215E+04,6.324218E+00,7.871875E+04,8.825317E+04,2.233952E+00,1.037100E+05,2.233952E+00,0.000000E+00,0.000000E+00,2.105004E-01,4.758707E+03,7.125994E-01,8.720272E+03,9.707547E+03,2.105004E-01,9.772369E+03,2.105004E-01,0.000000E+00,0.000000E+00,2.105004E-01,4.758707E+03,9.720848E-01,1.161726E+04,1.277543E+04,2.105004E-01,9.772369E+03,2.105004E-01,0.000000E+00,0.000000E+00
19:30:00,2.736774E-01,6.231798E+03,1.414601E+00,1.674214E+04,1.967224E+04,3.840514E-01,1.590955E+04,2.736774E-01,0.000000E+00,0.000000E+00,2.233952E+00,5.086842E+04,6.286832E+00,7.793509E+04,8.742785E+04,2.233952E+00,1.037100E+05,2.233952E+00,0.000000E+00,0.000000E+00,2.105004E-01,4.793220E+03,7.067566E-01,8.620525E+03,9.602919E+03,2.105004E-01,9.772369E+03,2.105004E-01,0.000000E+00,0.000000E+00,2.105004E-01,4.793220E+03,9.664777E-01,1.152014E+04,1.267493E+04,2.105004E-01,9.772369E+03,2.105004E-01,0.000000E+00,0.000000E+00
19:40:00,2.736774E-01,6.276670E+03,1.406665E+00,1.660867E+04,1.953518E+04,3.831806E-01,1.588427E+04,2.736774E-01,0.000000E+00,0.000000E+00,2.233952E+00,5.123470E+04,6.252442E+00,7.718485E+04,8.663937E+04,2.233952E+00,1.037100E+05,2.233952E+00,0.000000E+00,0.000000E+00,2.105004E-01,4.827734E+03,7.013578E-01,8.525735E+03,9.503576E+03,2.105004E-01,9.772369E+03,2.105004E-01,0.000000E+00,0.000000E+00,2.105004E-01,4.827734E+03,9.613188E-01,1.142803E+04,1.257964E+04,2.105004E-01,9.772369E+03,2.105004E-01,0.000000E+00,0.000000E+00
19:50:00,2.736774E-01,6.321542E+03,1.399368E+00,1.648232E+04,1.940545E+04,3.823260E-01,1.585946E+04,2.736774E-01,0.000000E+00,0.000000E+00,2.233952E+00,5.160098E+04,6.220564E+00,7.646267E+04,8.588143E+04,2.233952E+00,1.037100E+05,2.233952E+00,0.000000E+00,0.000000E+00,2.105004E-01,4.862247E+03,6.963118E-01,8.434884E+03,9.408393E+03,2.105004E-01,9.772369E+03,2.105004E-01,0.000000E+00,0.000000E+00,2.105004E-01,4.862247E+03,9.565096E-01,1.133982E+04,1.248841E+04,2.105004E-01,9.772369E+03,2.105004E-01,0.000000E+00,0.000000E+00
20:00:00,2.736774E-01,6.366414E+03,1.392614E+00,1.636204E+04,1.928196E+04,3.814798E-01,1.583489E+04,2.736774E-01,0.000000E+00,0.000000E+00,2.233952E+00,5.196726E+04,6.190826E+00,7.576438E+04,8.514935E+04,2.233952E+00,1.037100E+05,2.233952E+00,0.000000E+00,0.000000E+00,2.105004E-01,4.896761E+03,6.915628E-01,8.347349E+03,9.316720E+03,2.105004E-01,9.772369E+03,2.105004E-01,0.000000E+00,0.000000E+00,2.105004E-01,4.896761E+03,9.519891E-01,1.125484E+04,1.240055E+04,2.105004E-01,9.772369E+03,2.105004E-01,0.000000E+00,0.000000E+00
20:10:00,2.736774E-01,6.403128E+03,1.386284E+00,1.625465E+04,1.917156E+04,3.806418E-01,1.581056E+04,2.736774E-01,0.000000E+00,0.000000E+00,2.233952E+00,5.226694E+04,6.162867E+00,7.515255E+04,8.450653E+04,2.233952E+00,1.037100E+05,2.233952E+00,0.000000E+00,0.000000E+00,2.105004E-01,4.924999E+03,6.870434E-01,8.268652E+03,9.234125E+03,2.105004E-01,9.772369E+03,2.105004E-01,0.000000E+00,0.000000E+00,2.105004E-01,4.924999E+03,9.476846E-01,1.117854E+04,1.232158E+04,2.105004E-01,9.772369E+03,2.105004E-01,0.000000E+00,0.000000E+00
20:20:00,2.736774E-01,6.439841E+03,1.380295E+00,1.615107E+04,1.906492E+04,3.798138E-01,1.578653E+04,2.736774E-01,0.000000E+00,0.000000E+00,2.233952E+00,5.256662E+04,6.136381E+00,7.455715E+04,8.388111E+04,2.233952E+00,1.037100E+05,2.233952E+00,0.000000E+00,0.000000E+00,2.105004E-01,4.953238E+03,6.827174E-01,8.192115E+03,9.153757E+03,2.105004E-01,9.772369E+03,2.105004E-01,0.000000E+00,0.000000E+00,2.105004E-01,4.953238E+03,9.435563E-01,1.110421E+04,1.224463E+04,2.105004E-01,9.772369E+03,2.105004E-01,0.000000E+00,0.000000E+00
20:30:00,2.736774E-01,6.476555E+03,1.374590E+00,1.605066E+04,1.896137E+04,3.789963E-01,1.576279E+04,2.736774E-01,0.000000E+00,0.000000E+00,2.233952E+00,5.286630E+04,6.111161E+00,7.397590E+04,8.327062E+04,2.233952E+00,1.037100E+05,2.233952E+00,0.000000E+00,0.000000E+00,2.105004E-01,4.981476E+03,6.785629E-01,8.117492E+03,9.075362E+03,2.105004E-01,9.772369E+03,2.105004E-01,0.000000E+00,0.000000E+00,2.105004E-01,4.981476E+03,9.395795E-01,1.103157E+04,1.216941E+04,2.105004E-01,9.772369E+03,2.105004E-01,0.000000E+00,0.000000E+00
20:40:00,2.736774E-01,6.513268E+03,1.369110E+00,1.595277E+04,1.886021E+04,3.781894E-01,1.573937E+04,2.736774E-01,0.000000E+00,0.000000E+00,2.233952E+00,5.316598E+04,6.086983E+00,7.340628E+04,8.267222E+04,2.233952E+00,1.037100E+05,2.233952E+00,0.000000E+00,0.000000E+00,2.105004E-01,5.009714E+03,6.745576E-01,8.044536E+03,8.998678E+03,2.105004E-01,9.772369E+03,2.105004E-01,0.000000E+00,0.000000E+00,2.105004E-01,5.009714E+03,9.357299E-01,1.096035E+04,1.209564E+04,2.105004E-01,9.772369E+03,2.105004E-01,0.000000E+00,0.000000E+00
20:50:00,2.736774E-01,6.549982E+03,1.363808E+00,1.585685E+04,1.876089E+04,3.773933E-01,1.571626E+04,2.736774E-01,0.000000E+00,0.000000E+00,2.233952E+00,5.346567E+04,6.063666E+00,7.284628E+04,8.208369E+04,2.233952E+00,1.037100E+05,2.233952E+00,0.000000E+00,0.000000E+00,2.105004E-01,5.037953E+03,6.706835E-01,7.973045E+03,8.923499E+03,2.105004E-01,9.772369E+03,2.105004E-01,0.000000E+00,0.000000E+00,2.105004E-01,5.037953E+03,9.319881E-01,1.089034E+04,1.202310E+04,2.105004E-01,9.772369E+03,2.105004E-01,0.000000E+00,0.000000E+00
21:00:00,2.736774E-01,6.586695E+03,1.358646E+00,1.576251E+04,1.866302E+04,3.766078E-01,1.569345E+04,2.736774E-01,0.000000E+00,0.000000E+00,2.233952E+00,5.376535E+04,6.041073E+00,7.229436E+04,8.150343E+04,2.233952E+00,1.037100E+05,2.233952E+00,0.000000E+00,0.000000E+00,2.105004E-01,5.066191E+03,6.669261E-01,7.902856E+03,8.849665E+03,2.105004E-01,9.772369E+03,2.105004E-01,0.000000E+00,0.000000E+00,2.105004E-01,5.066191E+03,9.283395E-01,1.082136E+04,1.195163E+04,2.105004E-01,9.772369E+03,2.105004E-01,0.000000E+00,0.000000E+00
21:10:00,2.736774E-01,6.623409E+03,1.130059E+00,1.328646E+04,1.574312E+04,3.135118E-01,1.386174E+04,2.736774E-01,0.000000E+00,0.000000E+00,2.233952E+00,5.406503E+04,5.024812E+00,6.104603E+04,6.818630E+04,2.233952E+00,1.037100E+05,2.233952E+00,0.000000E+00,0.000000E+00,2.105004E-01,5.094429E+03,5.542033E-01,6.669742E+03,7.436492E+03,2.105004E-01,9.772369E+03,2.105004E-01,0.000000E+00,0.000000E+00,2.105004E-01,5.094429E+03,7.720947E-01,9.169525E+03,1.016083E+04,2.105004E-01,9.772369E+03,2.105004E-01,0.000000E+00,0.000000E+00
21:20:00,2.736774E-01,6.660122E+03,9.023583E-01,1.083954E+04,1.282993E+04,2.736774E-01,1.270533E+04,2.736774E-01,0.000000E+00,0.000000E+00,2.233952E+00,5.436471E+04,4.012484E+00,4.980779E+04,5.464235E+04,2.233952E+00,1.037100E+05,2.233952E+00,0.000000E+00,0.000000E+00,2.105004E-01,5.122668E+03,4.421324E-01,5.441712E+03,6.008689E+03,2.105004E-01,9.772369E+03,2.105004E-01,0.000000E+00,0.000000E+00,2.105004E-01,5.122668E+03,6.164776E-01,7.535599E+03,8.382772E+03,2.105004E-01,9.772369E+03,2.105004E-01,0.000000E+00,0.000000E+00
21:30:00,2.736774E-01,6.696836E+03,6.755124E-01,8.314431E+03,9.651171E+03,2.736774E-01,1.270533E+04,2.736774E-01,0.000000E+00,0.000000E+00,2.233952E+00,5.466439E+04,3.003917E+00,3.810050E+04,3.980021E+04,2.233952E+00,1.037100E+05,2.233952E+00,0.000000E+00,0.000000E+00,2.105004E-01,5.150906E+03,3.306898E-01,4.163908E+03,4.442565E+03,2.105004E-01,9.772369E+03,2.105004E-01,0.000000E+00,0.000000E+00,2.105004E-01,5.150906E+03,4.614688E-01,5.810013E+03,6.374698E+03,2.105004E-01,9.772369E+03,2.105004E-01,0.000000E+00,0.000000E+00
21:40:00,2.736774E-01,6.733549E+03,4.495090E-01,5.675097E+03,6.301405E+03,2.736774E-01,1.270533E+04,2.736774E-01,0.000000E+00,0.000000E+00,2.233952E+00,5.496407E+04,2.233952E+00,2.859259E+04,2.747245E+04,2.233952E+00,1.037100E+05,2.233952E+00,0.000000E+00,0.000000E+00,2.105004E-01,5.179144E+03,2.198609E-01,2.811323E+03,2.742169E+03,2.105004E-01,9.772369E+03,2.105004E-01,0.000000E+00,0.000000E+00,2.105004E-01,5.179144E+03,3.070577E-01,3.952151E+03,4.179016E+03,2.105004E-01,9.772369E+03,2.105004E-01,0.000000E+00,0.000000E+00
21:50:00,2.736774E-01,6.770262E+03,2.736774E-01,3.466113E+03,3.328179E+03,2.736774E-01,1.270533E+04,2.736774E-01,0.000000E+00,0.000000E+00,2.233952E+00,5.526375E+04,2.233952E+00,2.829291E+04,2.716699E+04,2.233952E+00,1.037100E+05,2.233952E+00,0.000000E+00,0.000000E+00,2.105004E-01,5.207383E+03,2.105004E-01,2.665979E+03,2.559886E+03,2.105004E-01,9.772369E+03,2.105004E-01,0.000000E+00,0.000000E+00,2.105004E-01,5.207383E+03,2.105004E-01,2.665979E+03,2.559886E+03,2.105004E-01,9.772369E+03,2.105004E-01,0.000000E+00,0.000000E+00
22:00:00,2.736774E-01,6.806976E+03,2.736774E-01,3.429400E+03,3.290763E+03,2.736774E-01,1.270533E+04,2.736774E-01,0.000000E+00,0.000000E+00,2.233952E+00,5.556344E+04,2.233952E+00,2.799323E+04,2.686157E+04,2.233952E+00,1.037100E+05,2.233952E+00,0.000000E+00,0.000000E+00,2.105004E-01,5.235621E+03,2.105004E-01,2.637741E+03,2.531107E+03,2.105004E-01,9.772369E+03,2.105004E-01,0.000000E+00,0.000000E+00,2.105004E-01,5.235621E+03,2.105004E-01,2.637741E+03,2.531107E+03,2.105004E-01,9.772369E+03,2.105004E-01,0.000000E+00,0.000000E+00
22:10:00,2.736774E-01,6.835531E+03,2.736774E-01,3.400845E+03,3.261664E+03,2.736774E-01,1.270533E+04,2.736774E-01,0.000000E+00,0.000000E+00,2.233952E+00,5.579652E+04,2.233952E+00,2.776014E+04,2.662405E+04,2.233952E+00,1.037100E+05,2.233952E+00,0.000000E+00,0.000000E+00,2.105004E-01,5.257584E+03,2.105004E-01,2.615778E+03,2.508726E+03,2.105004E-01,9.772369E+03,2.105004E-01,0.000000E+00,0.000000E+00,2.105004E-01,5.257584E+03,2.105004E-01,2.615778E+03,2.508726E+03,2.105004E-01,9.772369E+03,2.105004E-01,0.000000E+00,0.000000E+00
22:20:00,2.736774E-01,6.864086E+03,2.736774E-01,3.372290E+03,3.232562E+03,2.736774E-01,1.270533E+04,2.736774E-01,0.000000E+00,0.000000E+00,2.233952E+00,5.602961E+04,2.233952E+00,2.752706E+04,2.638650E+04,2.233952E+00,1.037100E+05,2.233952E+00,0.000000E+00,0.000000E+00,2.105004E-01,5.279547E+03,2.105004E-01,2.593814E+03,2.486342E+03,2.105004E-01,9.772369E+03,2.105004E-01,0.000000E+00,0.000000E+00,2.105004E-01,5.279547E+03,2.105004E-01,2.593814E+03,2.486342E+03,2.105004E-01,9.772369E+03,2.105004E-01,0.000000E+00,0.000000E+00
22:30:00,2.736774E-01,6.892641E+03,2.736774E-01,3.343735E+03,3.203460E+03,2.736774E-01,1.270533E+04,2.736774E-01,0.000000E+00,0.000000E+00,2.233952E+00,5.626269E+04,2.233952E+00,2.729397E+04,2.614894E+04,2.233952E+00,1.037100E+05,2.233952E+00,0.000000E+00,0.000000E+00,2.105004E-01,5.301510E+03,2.105004E-01,2.571851E+03,2.463958E+03,2.105004E-01,9.772369E+03,2.105004E-01,0.000000E+00,0.000000E+00,2.105004E-01,5.301510E+03,2.105004E-01,2.571851E+03,2.463958E+03,2.105004E-01,9.772369E+03,2.105004E-01,0.000000E+00,0.000000E+00
22:40:00,2.736774E-01,6.921195E+03,2.736774E-01,3.315180E+03,3.174358E+03,2.736774E-01,1.270533E+04,2.736774E-01,0.000000E+00,0.000000E+00,2.233952E+00,5.649578E+04,2.233952E+00,2.706089E+04,2.591139E+04,2.233952E+00,1.037100E+05,2.233952E+00,0.000000E+00,0.000000E+00,2.105004E-01,5.323474E+03,2.105004E-01,2.549888E+03,2.441574E+03,2.105004E-01,9.772369E+03,2.105004E-01,0.000000E+00,0.000000E+00,2.105004E-01,5.323474E+03,2.105004E-01,2.549888E+03,2.441574E+03,2.105004E-01,9.772369E+03,2.105004E-01,0.000000E+00,0.000000E+00
22:50:00,2.736774E-01,6.949750E+03,2.736774E-01,3.286625E+03,3.145255E+03,2.736774E-01,1.270533E+04,2.736774E-01,0.000000E+00,0.000000E+00,2.233952E+00,5.672886E+04,2.233952E+00,2.682780E+04,2.567383E+04,2.233952E+00,1.037100E+05,2.233952E+00,0.000000E+00,0.000000E+00,2.105004E-01,5.345437E+03,2.105004E-01,2.527925E+03,2.419189E+03,2.105004E-01,9.772369E+03,2.105004E-01,0.000000E+00,0.000000E+00,2.105004E-01,5.345437E+03,2.105004E-01,2.527925E+03,2.419189E+03,2.105004E-01,9.772369E+03,2.105004E-01,0.000000E+00,0.000000E+00
23:00:00,2.736774E-01,6.978305E+03,2.736774E-01,3.258070E+03,3.116157E+03,2.736774E-01,1.270533E+04,2.736774E-01,0.000000E+00,0.000000E+00,2.233952E+00,5.696195E+04,2.233952E+00,2.659471E+04,2.543632E+04,2.233952E+00,1.037100E+05,2.233952E+00,0.000000E+00,0.000000E+00,2.105004E-01,5.367400E+03,2.105004E-01,2.505962E+03,2.396809E+03,2.105004E-01,9.772369E+03,2.105004E-01,0.000000E+00,0.000000E+00,2.105004E-01,5.367400E+03,2.105004E-01,2.505962E+03,2.396809E+03,2.105004E-01,9.772369E+03,2.105004E-01,0.000000E+00,0.000000E+00
23:10:00,2.736774E-01,7.006860E+03,2.736774E-01,3.229515E+03,3.087055E+03,2.736774E-01,1.270533E+04,2.736774E-01,0.000000E+00,0.000000E+00,2.233952E+00,5.719504E+04,2.233952E+00,2.636163E+04,2.519876E+04,2.233952E+00,1.037100E+05,2.233952E+00,0.000000E+00,0.000000E+00,2.105004E-01,5.389363E+03,2.105004E-01,2.483999E+03,2.374424E+03,2.105004E-01,9.772369E+03,2.105004E-01,0.000000E+00,0.000000E+00,2.105004E-01,5.389363E+03,2.105004E-01,2.483999E+03,2.374424E+03,2.105004E-01,9.772369E+03,2.105004E-01,0.000000E+00,0.000000E+00
23:20:00,2.736774E-01,7.035415E+03,2.736774E-01,3.200960E+03,3.057953E+03,2.736774E-01,1.270533E+04,2.736774E-01,0.000000E+00,0.000000E+00,2.233952E+00,5.742812E+04,2.233952E+00,2.612854E+04,2.496122E+04,2.233952E+00,1.037100E+05,2.233952E+00,0.000000E+00,0.000000E+00,2.105004E-01,5.411326E+03,2.105004E-01,2.462035E+03,2.352041E+03,2.105004E-01,9.772369E+03,2.105004E-01,0.000000E+00,0.000000E+00,2.105004E-01,5.411326E+03,2.105004E-01,2.462035E+03,2.352041E+03,2.105004E-01,9.772369E+03,2.105004E-01,0.000000E+00,0.000000E+00
23:30:00,2.736774E-01,7.063970E+03,2.736774E-01,3.172406E+03,3.028851E+03,2.736774E-01,1.270533E+04,2.736774E-01,0.000000E+00,0.000000E+00,2.233952E+00,5.766121E+04,2.233952E+00,2.589546E+04,2.472366E+04,2.233952E+00,1.037100E+05,2.233952E+00,0.000000E+00,0.000000E+00,2.105004E-01,5.433289E+03,2.105004E-01,2.440072E+03,2.329657E+03,2.105004E-01,9.772369E+03,2.105004E-01,0.000000E+00,0.000000E+00,2.105004E-01,5.433289E+03,2.105004E-01,2.440072E+03,2.329657E+03,2.105004E-01,9.772369E+03,2.105004E-01,0.000000E+00,0.000000E+00
23:40:00,2.736774E-01,7.092525E+03,2.736774E-01,3.143851E+03,2.999749E+03,2.736774E-01,1.270533E+04,2.736774E-01,0.000000E+00,0.000000E+00,2.233952E+00,5.789429E+04,2.233952E+00,2.566237E+04,2.448611E+04,2.233952E+00,1.037100E+05,2.233952E+00,0.000000E+00,0.000000E+00,2.105004E-01,5.455253E+03,2.105004E-01,2.418109E+03,2.307273E+03,2.105004E-01,9.772369E+03,2.105004E-01,0.000000E+00,0.000000E+00,2.105004E-01,5.455253E+03,2.105004E-01,2.418109E+03,2.307273E+03,2.105004E-01,9.772369E+03,2.105004E-01,0.000000E+00,0.000000E+00
23:50:00,2.736774E-01,7.121080E+03,2.736774E-01,3.115296E+03,2.970647E+03,2.736774E-01,1.270533E+04,2.736774E-01,0.000000E+00,0.000000E+00,2.233952E+00,5.812738E+04,2.233952E+00,2.542929E+04,2.424856E+04,2.233952E+00,1.037100E+05,2.233952E+00,0.000000E+00,0.000000E+00,2.105004E-01,5.477216E+03,2.105004E-01,2.396146E+03,2.284889E+03,2.105004E-01,9.772369E+03,2.105004E-01,0.000000E+00,0.000000E+00,2.105004E-01,5.477216E+03,2.105004E-01,2.396146E+03,2.284889E+03,2.105004E-01,9.772369E+03,2.105004E-01,0.000000E+00,0.000000E+00
24:00:00,2.736774E-01,7.149635E+03,2.736774E-01,3.086741E+03,2.941550E+03,2.736774E-01,1.270533E+04,2.736774E-01,0.000000E+00,0.000000E+00,2.233952E+00,5.836046E+04,2.233952E+00,2.519620E+04,2.401105E+04,2.233952E+00,1.037100E+05,2.233952E+00,0.000000E+00,0.000000E+00,2.105004E-01,5.499179E+03,2.105004E-01,2.374183E+03,2.262508E+03,2.105004E-01,9.772369E+03,2.105004E-01,0.000000E+00,0.000000E+00,2.105004E-01,5.499179E+03,2.105004E-01,2.374183E+03,2.262508E+03,2.105004E-01,9.772369E+03,2.105004E-01,0.000000E+00,0.000000E+00
Coinc Peak   ,7.293551E-01,1.989479E+00,2.605976E+04,2.258730E+04,2.233952E+00,8.516239E+00,1.037100E+05,1.023544E+05,3.535054E-01,9.836879E-01,1.395703E+04,1.247243E+04,3.537342E-01,1.251931E+00,1.396373E+04,1.544938E+04
NonCoinc Peak,7.293551E-01,1.941958E+00,2.605976E+04,2.258730E+04,2.233952E+00,8.225504E+00,1.037100E+05,1.023544E+05,3.535054E-01,9.836879E-01,1.395703E+04,1.247243E+04,3.537342E-01,1.234519E+00,1.396373E+04,1.544938E+04
