Time,BACK_SPACE ZN PSZ-AC:DesPer 1:Des Heat Mass Flow [kg/s],BACK_SPACE ZN PSZ-AC:DesPer 1:Des Heat Cap [W],BACK_SPACE ZN PSZ-AC:DesPer 1:Des Cool Mass Flow [kg/s],BACK_SPACE ZN PSZ-AC:DesPer 1:Des Sens Cool Cap [W],BACK_SPACE ZN PSZ-AC:DesPer 1:Des Tot Cool Cap [W],BACK_SPACE ZN PSZ-AC:DesPer 2:Des Heat Mass Flow [kg/s],BACK_SPACE ZN PSZ-AC:DesPer 2:Des Heat Cap [W],BACK_SPACE ZN PSZ-AC:DesPer 2:Des Cool Mass Flow [kg/s],BACK_SPACE ZN PSZ-AC:DesPer 2:Des Sens Cool Cap [W],BACK_SPACE ZN PSZ-AC:DesPer 2:Des Tot Cool Cap [W],CORE_RETAIL ZN PSZ-AC:DesPer 1:Des Heat Mass Flow [kg/s],CORE_RETAIL ZN PSZ-AC:DesPer 1:Des Heat Cap [W],CORE_RETAIL ZN PSZ-AC:DesPer 1:Des Cool Mass Flow [kg/s],CORE_RETAIL ZN PSZ-AC:DesPer 1:Des Sens Cool Cap [W],CORE_RETAIL ZN PSZ-AC:DesPer 1:Des Tot Cool Cap [W],CORE_RETAIL ZN PSZ-AC:DesPer 2:Des Heat Mass Flow [kg/s],CORE_RETAIL ZN PSZ-AC:DesPer 2:Des Heat Cap [W],CORE_RETAIL ZN PSZ-AC:DesPer 2:Des Cool Mass Flow [kg/s],CORE_RETAIL ZN PSZ-AC:DesPer 2:Des Sens Cool Cap [W],CORE_RETAIL ZN PSZ-AC:DesPer 2:Des Tot Cool Cap [W],FRONT_RETAIL ZN PSZ-AC:DesPer 1:Des Heat Mass Flow [kg/s],FRONT_RETAIL ZN PSZ-AC:DesPer 1:Des Heat Cap [W],FRONT_RETAIL ZN PSZ-AC:DesPer 1:Des Cool Mass Flow [kg/s],FRONT_RETAIL ZN PSZ-AC:DesPer 1:Des Sens Cool Cap [W],FRONT_RETAIL ZN PSZ-AC:DesPer 1:Des Tot Cool Cap [W],FRONT_RETAIL ZN PSZ-AC:DesPer 2:Des Heat Mass Flow [kg/s],FRONT_RETAIL ZN PSZ-AC:DesPer 2:Des Heat Cap [W],FRONT_RETAIL ZN PSZ-AC:DesPer 2:Des Cool Mass Flow [kg/s],FRONT_RETAIL ZN PSZ-AC:DesPer 2:Des Sens Cool Cap [W],FRONT_RETAIL ZN PSZ-AC:DesPer 2:Des Tot Cool Cap [W],POINT_OF_SALE ZN PSZ-AC:DesPer 1:Des Heat Mass Flow [kg/s],POINT_OF_SALE ZN PSZ-AC:DesPer 1:Des Heat Cap [W],POINT_OF_SALE ZN PSZ-AC:DesPer 1:Des Cool Mass Flow [kg/s],POINT_OF_SALE ZN PSZ-AC:DesPer 1:Des Sens Cool Cap [W],POINT_OF_SALE ZN PSZ-AC:DesPer 1:Des Tot Cool Cap [W],POINT_OF_SALE ZN PSZ-AC:DesPer 2:Des Heat Mass Flow [kg/s],POINT_OF_SALE ZN PSZ-AC:DesPer 2:Des Heat Cap [W],POINT_OF_SALE ZN PSZ-AC:DesPer 2:Des Cool Mass Flow [kg/s],POINT_OF_SALE ZN PSZ-AC:DesPer 2:Des Sens Cool Cap [W],POINT_OF_SALE ZN PSZ-AC:DesPer 2:Des Tot Cool Cap [W]
00:10:00,2.438871E-01,7.322754E+03,2.438871E-01,1.799374E+03,4.574401E+02,2.438871E-01,1.901759E+04,2.438871E-01,0.000000E+00,0.000000E+00,1.990782E+00,5.977359E+04,1.990782E+00,1.468778E+04,3.733956E+03,1.990782E+00,1.552353E+05,1.990782E+00,0.000000E+00,0.000000E+00,1.875871E-01,5.632334E+03,1.875871E-01,1.383998E+03,3.518425E+02,1.875871E-01,1.462748E+04,1.875871E-01,0.000000E+00,0.000000E+00,1.875871E-01,5.632334E+03,1.875871E-01,1.383998E+03,3.518425E+02,1.875871E-01,1.462748E+04,1.875871E-01,0.000000E+00,0.000000E+00
00:20:00,2.438871E-01,7.361965E+03,2.438871E-01,1.760162E+03,4.176270E+02,2.438871E-01,1.901759E+04,2.438871E-01,0.000000E+00,0.000000E+00,1.990782E+00,6.009366E+04,1.990782E+00,1.436771E+04,3.408972E+03,1.990782E+00,1.552353E+05,1.990782E+00,0.000000E+00,0.000000E+00,1.875871E-01,5.662494E+03,1.875871E-01,1.353838E+03,3.212200E+02,1.875871E-01,1.462748E+04,1.875871E-01,0.000000E+00,0.000000E+00,1.875871E-01,5.662494E+03,1.875871E-01,1.353838E+03,3.212200E+02,1.875871E-01,1.462748E+04,1.875871E-01,0.000000E+00,0.000000E+00
00:30:00,2.438871E-01,7.401177E+03,2.438871E-01,1.720951E+03,3.778143E+02,2.438871E-01,1.901759E+04,2.438871E-01,0.000000E+00,0.000000E+00,1.990782E+00,6.041373E+04,1.990782E+00,1.404764E+04,3.083992E+03,1.990782E+00,1.552353E+05,1.990782E+00,0.000000E+00,0.000000E+00,1.875871E-01,5.692654E+03,1.875871E-01,1.323678E+03,2.905979E+02,1.875871E-01,1.462748E+04,1.875871E-01,0.000000E+00,0.000000E+00,1.875871E-01,5.692654E+03,1.875871E-01,1.323678E+03,2.905979E+02,1.875871E-01,1.462748E+04,1.875871E-01,0.000000E+00,0.000000E+00
00:40:00,2.438871E-01,7.440388E+03,2.438871E-01,1.681739E+03,3.380056E+02,2.438871E-01,1.901759E+04,2.438871E-01,0.000000E+00,0.000000E+00,1.990782E+00,6.073380E+04,1.990782E+00,1.372756E+04,2.759045E+03,1.990782E+00,1.552353E+05,1.990782E+00,0.000000E+00,0.000000E+00,1.875871E-01,5.722813E+03,1.875871E-01,1.293518E+03,2.599788E+02,1.875871E-01,1.462748E+04,1.875871E-01,0.000000E+00,0.000000E+00,1.875871E-01,5.722813E+03,1.875871E-01,1.293518E+03,2.599788E+02,1.875871E-01,1.462748E+04,1.875871E-01,0.000000E+00,0.000000E+00
00:50:00,2.438871E-01,7.479600E+03,2.438871E-01,1.642528E+03,2.981928E+02,2.438871E-01,1.901759E+04,2.438871E-01,0.000000E+00,0.000000E+00,1.990782E+00,6.105388E+04,1.990782E+00,1.340749E+04,2.434064E+03,1.990782E+00,1.552353E+05,1.990782E+00,0.000000E+00,0.000000E+00,1.875871E-01,5.752973E+03,1.875871E-01,1.263359E+03,2.293566E+02,1.875871E-01,1.462748E+04,1.875871E-01,0.000000E+00,0.000000E+00,1.875871E-01,5.752973E+03,1.875871E-01,1.263359E+03,2.293566E+02,1.875871E-01,1.462748E+04,1.875871E-01,0.000000E+00,0.000000E+00
01:00:00,2.438871E-01,7.518811E+03,2.438871E-01,1.603316E+03,2.583807E+02,2.438871E-01,1.901759E+04,2.438871E-01,0.000000E+00,0.000000E+00,1.990782E+00,6.137395E+04,1.990782E+00,1.308742E+04,2.109089E+03,1.990782E+00,1.552353E+05,1.990782E+00,0.000000E+00,0.000000E+00,1.875871E-01,5.783133E+03,1.875871E-01,1.233199E+03,1.987349E+02,1.875871E-01,1.462748E+04,1.875871E-01,0.000000E+00,0.000000E+00,1.875871E-01,5.783133E+03,1.875871E-01,1.233199E+03,1.987349E+02,1.875871E-01,1.462748E+04,1.875871E-01,0.000000E+00,0.000000E+00
01:10:00,2.438871E-01,7.544952E+03,2.438871E-01,1.577175E+03,2.318418E+02,2.438871E-01,1.901759E+04,2.438871E-01,0.000000E+00,0.000000E+00,1.990782E+00,6.158733E+04,1.990782E+00,1.287404E+04,1.892460E+03,1.990782E+00,1.552353E+05,1.990782E+00,0.000000E+00,0.000000E+00,1.875871E-01,5.803239E+03,1.875871E-01,1.213092E+03,1.783223E+02,1.875871E-01,1.462748E+04,1.875871E-01,0.000000E+00,0.000000E+00,1.875871E-01,5.803239E+03,1.875871E-01,1.213092E+03,1.783223E+02,1.875871E-01,1.462748E+04,1.875871E-01,0.000000E+00,0.000000E+00
01:20:00,2.438871E-01,7.571093E+03,2.438871E-01,1.551034E+03,2.052992E+02,2.438871E-01,1.901759E+04,2.438871E-01,0.000000E+00,0.000000E+00,1.990782E+00,6.180071E+04,1.990782E+00,1.266066E+04,1.675800E+03,1.990782E+00,1.552353E+05,1.990782E+00,0.000000E+00,0.000000E+00,1.875871E-01,5.823346E+03,1.875871E-01,1.192986E+03,1.579070E+02,1.875871E-01,1.462748E+04,1.875871E-01,0.000000E+00,0.000000E+00,1.875871E-01,5.823346E+03,1.875871E-01,1.192986E+03,1.579070E+02,1.875871E-01,1.462748E+04,1.875871E-01,0.000000E+00,0.000000E+00
01:30:00,2.438871E-01,7.597234E+03,2.438871E-01,1.524893E+03,1.787605E+02,2.438871E-01,1.901759E+04,2.438871E-01,0.000000E+00,0.000000E+00,1.990782E+00,6.201409E+04,1.990782E+00,1.244727E+04,1.459172E+03,1.990782E+00,1.552353E+05,1.990782E+00,0.000000E+00,0.000000E+00,1.875871E-01,5.843452E+03,1.875871E-01,1.172879E+03,1.374946E+02,1.875871E-01,1.462748E+04,1.875871E-01,0.000000E+00,0.000000E+00,1.875871E-01,5.843452E+03,1.875871E-01,1.172879E+03,1.374946E+02,1.875871E-01,1.462748E+04,1.875871E-01,0.000000E+00,0.000000E+00
01:40:00,2.438871E-01,7.623375E+03,2.438871E-01,1.498752E+03,1.522181E+02,2.438871E-01,1.901759E+04,2.438871E-01,0.000000E+00,0.000000E+00,1.990782E+00,6.222748E+04,1.990782E+00,1.223389E+04,1.242514E+03,1.990782E+00,1.552353E+05,1.990782E+00,0.000000E+00,0.000000E+00,1.875871E-01,5.863559E+03,1.875871E-01,1.152773E+03,1.170793E+02,1.875871E-01,1.462748E+04,1.875871E-01,0.000000E+00,0.000000E+00,1.875871E-01,5.863559E+03,1.875871E-01,1.152773E+03,1.170793E+02,1.875871E-01,1.462748E+04,1.875871E-01,0.000000E+00,0.000000E+00
01:50:00,2.438871E-01,7.649516E+03,2.438871E-01,1.472611E+03,1.256757E+02,2.438871E-01,1.901759E+04,2.438871E-01,0.000000E+00,0.000000E+00,1.990782E+00,6.244086E+04,1.990782E+00,1.202051E+04,1.025856E+03,1.990782E+00,1.552353E+05,1.990782E+00,0.000000E+00,0.000000E+00,1.875871E-01,5.883665E+03,1.875871E-01,1.132666E+03,9.666415E+01,1.875871E-01,1.462748E+04,1.875871E-01,0.000000E+00,0.000000E+00,1.875871E-01,5.883665E+03,1.875871E-01,1.132666E+03,9.666415E+01,1.875871E-01,1.462748E+04,1.875871E-01,0.000000E+00,0.000000E+00
02:00:00,2.438871E-01,7.675657E+03,2.438871E-01,1.446470E+03,9.913720E+01,2.438871E-01,1.901759E+04,2.438871E-01,0.000000E+00,0.000000E+00,1.990782E+00,6.265424E+04,1.990782E+00,1.180713E+04,8.092292E+02,1.990782E+00,1.552353E+05,1.990782E+00,0.000000E+00,0.000000E+00,1.875871E-01,5.903772E+03,1.875871E-01,1.112560E+03,7.625190E+01,1.875871E-01,1.462748E+04,1.875871E-01,0.000000E+00,0.000000E+00,1.875871E-01,5.903772E+03,1.875871E-01,1.112560E+03,7.625190E+01,1.875871E-01,1.462748E+04,1.875871E-01,0.000000E+00,0.000000E+00
02:10:00,2.438871E-01,7.695263E+03,2.438871E-01,1.426864E+03,7.923165E+01,2.466742E-01,1.911405E+04,2.438871E-01,0.000000E+00,0.000000E+00,1.990782E+00,6.281428E+04,1.990782E+00,1.164709E+04,6.467457E+02,1.990782E+00,1.552353E+05,1.990782E+00,0.000000E+00,0.000000E+00,1.875871E-01,5.918852E+03,1.875871E-01,1.097480E+03,6.094143E+01,1.875871E-01,1.462748E+04,1.875871E-01,0.000000E+00,0.000000E+00,1.875871E-01,5.918852E+03,1.875871E-01,1.097480E+03,6.094143E+01,1.875871E-01,1.462748E+04,1.875871E-01,0.000000E+00,0.000000E+00
02:20:00,2.438871E-01,7.714869E+03,2.438871E-01,1.407258E+03,5.932585E+01,2.498123E-01,1.922266E+04,2.438871E-01,0.000000E+00,0.000000E+00,1.990782E+00,6.297431E+04,1.990782E+00,1.148706E+04,4.842603E+02,1.990782E+00,1.552353E+05,1.990782E+00,0.000000E+00,0.000000E+00,1.875871E-01,5.933932E+03,1.875871E-01,1.082400E+03,4.563079E+01,1.875871E-01,1.462748E+04,1.875871E-01,0.000000E+00,0.000000E+00,1.875871E-01,5.933932E+03,1.875871E-01,1.082400E+03,4.563079E+01,1.875871E-01,1.462748E+04,1.875871E-01,0.000000E+00,0.000000E+00
02:30:00,2.438871E-01,7.734475E+03,2.438871E-01,1.387653E+03,3.942024E+01,2.528969E-01,1.932941E+04,2.438871E-01,0.000000E+00,0.000000E+00,1.990782E+00,6.313435E+04,1.990782E+00,1.132702E+04,3.217763E+02,1.990782E+00,1.552353E+05,1.990782E+00,0.000000E+00,0.000000E+00,1.875871E-01,5.949012E+03,1.875871E-01,1.067320E+03,3.032028E+01,1.875871E-01,1.462748E+04,1.875871E-01,0.000000E+00,0.000000E+00,1.875871E-01,5.949012E+03,1.875871E-01,1.067320E+03,3.032028E+01,1.875871E-01,1.462748E+04,1.875871E-01,0.000000E+00,0.000000E+00
02:40:00,2.438871E-01,7.754080E+03,2.438871E-01,1.368047E+03,1.951465E+01,2.559301E-01,1.943439E+04,2.438871E-01,0.000000E+00,0.000000E+00,1.990782E+00,6.329439E+04,1.990782E+00,1.116698E+04,1.592926E+02,1.990782E+00,1.552353E+05,1.990782E+00,0.000000E+00,0.000000E+00,1.875871E-01,5.964091E+03,1.875871E-01,1.052240E+03,1.500979E+01,1.875871E-01,1.462748E+04,1.875871E-01,0.000000E+00,0.000000E+00,1.875871E-01,5.964091E+03,1.875871E-01,1.052240E+03,1.500979E+01,1.875871E-01,1.462748E+04,1.875871E-01,0.000000E+00,0.000000E+00
02:50:00,2.438871E-01,7.773686E+03,2.438871E-01,1.348441E+03,0.000000E+00,2.589141E-01,1.953766E+04,2.438871E-01,0.000000E+00,0.000000E+00,1.990782E+00,6.345442E+04,1.990782E+00,1.100695E+04,0.000000E+00,1.990782E+00,1.552353E+05,1.990782E+00,0.000000E+00,0.000000E+00,1.875871E-01,5.979171E+03,1.875871E-01,1.037160E+03,0.000000E+00,1.875871E-01,1.462748E+04,1.875871E-01,0.000000E+00,0.000000E+00,1.875871E-01,5.979171E+03,1.875871E-01,1.037160E+03,0.000000E+00,1.875871E-01,1.462748E+04,1.875871E-01,0.000000E+00,0.000000E+00
03:00:00,2.438871E-01,7.793292E+03,2.438871E-01,1.328835E+03,0.000000E+00,2.618509E-01,1.963930E+04,2.438871E-01,0.000000E+00,0.000000E+00,1.990782E+00,6.361446E+04,1.990782E+00,1.084691E+04,0.000000E+00,1.990782E+00,1.552353E+05,1.990782E+00,0.000000E+00,0.000000E+00,1.875871E-01,5.994251E+03,1.875871E-01,1.022081E+03,0.000000E+00,1.875871E-01,1.462748E+04,1.875871E-01,0.000000E+00,0.000000E+00,1.875871E-01,5.994251E+03,1.875871E-01,1.022081E+03,0.000000E+00,1.875871E-01,1.462748E+04,1.875871E-01,0.000000E+00,0.000000E+00
03:10:00,2.438871E-01,7.812898E+03,2.438871E-01,1.309229E+03,0.000000E+00,2.647422E-01,1.973937E+04,2.438871E-01,0.000000E+00,0.000000E+00,1.990782E+00,6.377450E+04,1.990782E+00,1.068687E+04,0.000000E+00,1.990782E+00,1.552353E+05,1.990782E+00,0.000000E+00,0.000000E+00,1.875871E-01,6.009331E+03,1.875871E-01,1.007001E+03,0.000000E+00,1.875871E-01,1.462748E+04,1.875871E-01,0.000000E+00,0.000000E+00,1.875871E-01,6.009331E+03,1.875871E-01,1.007001E+03,0.000000E+00,1.875871E-01,1.462748E+04,1.875871E-01,0.000000E+00,0.000000E+00
03:20:00,2.438871E-01,7.832504E+03,2.438871E-01,1.289624E+03,0.000000E+00,2.675898E-01,1.983793E+04,2.438871E-01,0.000000E+00,0.000000E+00,1.990782E+00,6.393453E+04,1.990782E+00,1.052684E+04,0.000000E+00,1.990782E+00,1.552353E+05,1.990782E+00,0.000000E+00,0.000000E+00,1.875871E-01,6.024411E+03,1.875871E-01,9.919208E+02,0.000000E+00,1.875871E-01,1.462748E+04,1.875871E-01,0.000000E+00,0.000000E+00,1.875871E-01,6.024411E+03,1.875871E-01,9.919208E+02,0.000000E+00,1.875871E-01,1.462748E+04,1.875871E-01,0.000000E+00,0.000000E+00
03:30:00,2.438871E-01,7.852109E+03,2.438871E-01,1.270018E+03,0.000000E+00,2.703951E-01,1.993502E+04,2.438871E-01,0.000000E+00,0.000000E+00,1.990782E+00,6.409457E+04,1.990782E+00,1.036680E+04,0.000000E+00,1.990782E+00,1.552353E+05,1.990782E+00,0.000000E+00,0.000000E+00,1.875871E-01,6.039491E+03,1.875871E-01,9.768409E+02,0.000000E+00,1.875871E-01,1.462748E+04,1.875871E-01,0.000000E+00,0.000000E+00,1.875871E-01,6.039491E+03,1.875871E-01,9.768409E+02,0.000000E+00,1.875871E-01,1.462748E+04,1.875871E-01,0.000000E+00,0.000000E+00
03:40:00,2.438871E-01,7.871715E+03,2.438871E-01,1.250412E+03,0.000000E+00,2.731594E-01,2.003069E+04,2.438871E-01,0.000000E+00,0.000000E+00,1.990782E+00,6.425460E+04,1.990782E+00,1.020676E+04,0.000000E+00,1.990782E+00,1.552353E+05,1.990782E+00,0.000000E+00,0.000000E+00,1.875871E-01,6.054571E+03,1.875871E-01,9.617611E+02,0.000000E+00,1.875871E-01,1.462748E+04,1.875871E-01,0.000000E+00,0.000000E+00,1.875871E-01,6.054571E+03,1.875871E-01,9.617611E+02,0.000000E+00,1.875871E-01,1.462748E+04,1.875871E-01,0.000000E+00,0.000000E+00
03:50:00,2.438871E-01,7.891321E+03,2.438871E-01,1.230806E+03,0.000000E+00,2.758839E-01,2.012498E+04,2.438871E-01,0.000000E+00,0.000000E+00,1.990782E+00,6.441464E+04,1.990782E+00,1.004673E+04,0.000000E+00,1.990782E+00,1.552353E+05,1.990782E+00,0.000000E+00,0.000000E+00,1.875871E-01,6.069651E+03,1.875871E-01,9.466812E+02,0.000000E+00,1.875871E-01,1.462748E+04,1.875871E-01,0.000000E+00,0.000000E+00,1.875871E-01,6.069651E+03,1.875871E-01,9.466812E+02,0.000000E+00,1.875871E-01,1.462748E+04,1.875871E-01,0.000000E+00,0.000000E+00
04:00:00,2.438871E-01,7.910927E+03,2.438871E-01,1.211201E+03,0.000000E+00,2.785693E-01,2.021792E+04,2.438871E-01,0.000000E+00,0.000000E+00,1.990782E+00,6.457468E+04,1.990782E+00,9.886692E+03,0.000000E+00,1.990782E+00,1.552353E+05,1.990782E+00,0.000000E+00,0.000000E+00,1.875871E-01,6.084730E+03,1.875871E-01,9.316013E+02,0.000000E+00,1.875871E-01,1.462748E+04,1.875871E-01,0.000000E+00,0.000000E+00,1.875871E-01,6.084730E+03,1.875871E-01,9.316013E+02,0.000000E+00,1.875871E-01,1.462748E+04,1.875871E-01,0.000000E+00,0.000000E+00
04:10:00,2.438871E-01,7.923997E+03,2.438871E-01,1.198130E+03,0.000000E+00,2.812167E-01,2.030955E+04,2.438871E-01,0.000000E+00,0.000000E+00,1.990782E+00,6.468137E+04,1.990782E+00,9.780001E+03,0.000000E+00,1.990782E+00,1.552353E+05,1.990782E+00,0.000000E+00,0.000000E+00,1.875871E-01,6.094784E+03,1.875871E-01,9.215481E+02,0.000000E+00,1.875871E-01,1.462748E+04,1.875871E-01,0.000000E+00,0.000000E+00,1.875871E-01,6.094784E+03,1.875871E-01,9.215481E+02,0.000000E+00,1.875871E-01,1.462748E+04,1.875871E-01,0.000000E+00,0.000000E+00
04:20:00,2.438871E-01,7.937068E+03,2.438871E-01,1.185060E+03,0.000000E+00,2.838267E-01,2.039988E+04,2.438871E-01,0.000000E+00,0.000000E+00,1.990782E+00,6.478806E+04,1.990782E+00,9.673310E+03,0.000000E+00,1.990782E+00,1.552353E+05,1.990782E+00,0.000000E+00,0.000000E+00,1.875871E-01,6.104837E+03,1.875871E-01,9.114948E+02,0.000000E+00,1.875871E-01,1.462748E+04,1.875871E-01,0.000000E+00,0.000000E+00,1.875871E-01,6.104837E+03,1.875871E-01,9.114948E+02,0.000000E+00,1.875871E-01,1.462748E+04,1.875871E-01,0.000000E+00,0.000000E+00
04:30:00,2.438871E-01,7.950138E+03,2.438871E-01,1.171989E+03,0.000000E+00,2.863993E-01,2.048891E+04,2.438871E-01,0.000000E+00,0.000000E+00,1.990782E+00,6.489475E+04,1.990782E+00,9.566619E+03,0.000000E+00,1.990782E+00,1.552353E+05,1.990782E+00,0.000000E+00,0.000000E+00,1.875871E-01,6.114890E+03,1.875871E-01,9.014415E+02,0.000000E+00,1.875871E-01,1.462748E+04,1.875871E-01,0.000000E+00,0.000000E+00,1.875871E-01,6.114890E+03,1.875871E-01,9.014415E+02,0.000000E+00,1.875871E-01,1.462748E+04,1.875871E-01,0.000000E+00,0.000000E+00
04:40:00,2.438871E-01,7.963209E+03,2.438871E-01,1.158919E+03,0.000000E+00,2.889333E-01,2.057662E+04,2.438871E-01,0.000000E+00,0.000000E+00,1.990782E+00,6.500144E+04,1.990782E+00,9.459928E+03,0.000000E+00,1.990782E+00,1.552353E+05,1.990782E+00,0.000000E+00,0.000000E+00,1.875871E-01,6.124943E+03,1.875871E-01,8.913883E+02,0.000000E+00,1.875871E-01,1.462748E+04,1.875871E-01,0.000000E+00,0.000000E+00,1.875871E-01,6.124943E+03,1.875871E-01,8.913883E+02,0.000000E+00,1.875871E-01,1.462748E+04,1.875871E-01,0.000000E+00,0.000000E+00
04:50:00,2.438871E-01,7.976279E+03,2.438871E-01,1.145848E+03,0.000000E+00,2.914267E-01,2.066291E+04,2.438871E-01,0.000000E+00,0.000000E+00,1.990782E+00,6.510813E+04,1.990782E+00,9.353237E+03,0.000000E+00,1.990782E+00,1.552353E+05,1.990782E+00,0.000000E+00,0.000000E+00,1.875871E-01,6.134997E+03,1.875871E-01,8.813350E+02,0.000000E+00,1.875871E-01,1.462748E+04,1.875871E-01,0.000000E+00,0.000000E+00,1.875871E-01,6.134997E+03,1.875871E-01,8.813350E+02,0.000000E+00,1.875871E-01,1.462748E+04,1.875871E-01,0.000000E+00,0.000000E+00
05:00:00,2.438871E-01,7.989350E+03,2.438871E-01,1.132778E+03,0.000000E+00,2.938771E-01,2.074772E+04,2.438871E-01,0.000000E+00,0.000000E+00,1.990782E+00,6.521482E+04,1.990782E+00,9.246546E+03,0.000000E+00,1.990782E+00,1.552353E+05,1.990782E+00,0.000000E+00,0.000000E+00,1.875871E-01,6.145050E+03,1.875871E-01,8.712818E+02,0.000000E+00,1.875871E-01,1.462748E+04,1.875871E-01,0.000000E+00,0.000000E+00,1.875871E-01,6.145050E+03,1.875871E-01,8.712818E+02,0.000000E+00,1.875871E-01,1.462748E+04,1.875871E-01,0.000000E+00,0.000000E+00
05:10:00,2.438871E-01,7.976279E+03,2.438871E-01,1.145848E+03,0.000000E+00,2.962825E-01,2.083097E+04,2.438871E-01,0.000000E+00,0.000000E+00,1.990782E+00,6.510813E+04,1.990782E+00,9.353237E+03,0.000000E+00,1.990782E+00,1.552353E+05,1.990782E+00,0.000000E+00,0.000000E+00,1.875871E-01,6.134997E+03,1.875871E-01,8.813350E+02,0.000000E+00,1.875871E-01,1.462748E+04,1.875871E-01,0.000000E+00,0.000000E+00,1.875871E-01,6.134997E+03,1.875871E-01,8.813350E+02,0.000000E+00,1.875871E-01,1.462748E+04,1.875871E-01,0.000000E+00,0.000000E+00
05:20:00,2.438871E-01,7.963209E+03,2.438871E-01,1.158919E+03,0.000000E+00,2.986407E-01,2.091258E+04,2.438871E-01,0.000000E+00,0.000000E+00,1.990782E+00,6.500144E+04,1.990782E+00,9.459928E+03,0.000000E+00,1.990782E+00,1.552353E+05,1.990782E+00,0.000000E+00,0.000000E+00,1.875871E-01,6.124943E+03,1.875871E-01,8.913883E+02,0.000000E+00,1.875871E-01,1.462748E+04,1.875871E-01,0.000000E+00,0.000000E+00,1.875871E-01,6.124943E+03,1.875871E-01,8.913883E+02,0.000000E+00,1.875871E-01,1.462748E+04,1.875871E-01,0.000000E+00,0.000000E+00
05:30:00,2.438871E-01,7.950138E+03,2.438871E-01,1.171989E+03,0.000000E+00,3.009503E-01,2.099252E+04,2.438871E-01,0.000000E+00,0.000000E+00,1.990782E+00,6.489475E+04,1.990782E+00,9.566619E+03,0.000000E+00,1.990782E+00,1.552353E+05,1.990782E+00,0.000000E+00,0.000000E+00,1.875871E-01,6.114890E+03,1.875871E-01,9.014415E+02,0.000000E+00,1.875871E-01,1.462748E+04,1.875871E-01,0.000000E+00,0.000000E+00,1.875871E-01,6.114890E+03,1.875871E-01,9.014415E+02,0.000000E+00,1.875871E-01,1.462748E+04,1.875871E-01,0.000000E+00,0.000000E+00
05:40:00,2.438871E-01,7.937068E+03,2.438871E-01,1.185060E+03,0.000000E+00,3.032112E-01,2.107077E+04,2.438871E-01,0.000000E+00,0.000000E+00,1.990782E+00,6.478806E+04,1.990782E+00,9.673310E+03,0.000000E+00,1.990782E+00,1.552353E+05,1.990782E+00,0.000000E+00,0.000000E+00,1.875871E-01,6.104837E+03,1.875871E-01,9.114948E+02,0.000000E+00,1.875871E-01,1.462748E+04,1.875871E-01,0.000000E+00,0.000000E+00,1.875871E-01,6.104837E+03,1.875871E-01,9.114948E+02,0.000000E+00,1.875871E-01,1.462748E+04,1.875871E-01,0.000000E+00,0.000000E+00
05:50:00,2.438871E-01,7.923997E+03,2.438871E-01,1.198130E+03,0.000000E+00,3.054244E-01,2.114737E+04,2.438871E-01,0.000000E+00,0.000000E+00,1.990782E+00,6.468137E+04,1.990782E+00,9.780001E+03,0.000000E+00,1.990782E+00,1.552353E+05,1.990782E+00,0.000000E+00,0.000000E+00,1.875871E-01,6.094784E+03,1.875871E-01,9.215481E+02,0.000000E+00,1.875871E-01,1.462748E+04,1.875871E-01,0.000000E+00,0.000000E+00,1.875871E-01,6.094784E+03,1.875871E-01,9.215481E+02,0.000000E+00,1.875871E-01,1.462748E+04,1.875871E-01,0.000000E+00,0.000000E+00
06:00:00,2.438871E-01,7.910927E+03,2.438871E-01,1.211201E+03,0.000000E+00,3.075907E-01,2.122234E+04,2.438871E-01,0.000000E+00,0.000000E+00,1.990782E+00,6.457468E+04,1.990782E+00,9.886692E+03,0.000000E+00,1.990782E+00,1.552353E+05,1.990782E+00,0.000000E+00,0.000000E+00,1.875871E-01,6.084730E+03,1.875871E-01,9.316013E+02,0.000000E+00,1.875871E-01,1.462748E+04,1.875871E-01,0.000000E+00,0.000000E+00,1.875871E-01,6.084730E+03,1.875871E-01,9.316013E+02,0.000000E+00,1.875871E-01,1.462748E+04,1.875871E-01,0.000000E+00,0.000000E+00
06:10:00,2.438871E-01,7.865180E+03,2.517592E-01,1.382147E+03,2.375160E+02,4.375016E-01,2.567800E+04,2.438871E-01,0.000000E+00,0.000000E+00,1.990782E+00,6.420126E+04,1.990782E+00,1.026011E+04,0.000000E+00,1.990782E+00,1.552353E+05,1.990782E+00,0.000000E+00,0.000000E+00,1.875871E-01,6.049544E+03,1.875871E-01,9.667877E+02,0.000000E+00,2.317852E-01,1.614546E+04,1.875871E-01,0.000000E+00,0.000000E+00,1.875871E-01,6.049544E+03,2.641266E-01,2.213051E+03,1.840347E+03,2.318005E-01,1.614598E+04,1.875871E-01,0.000000E+00,0.000000E+00
06:20:00,2.438871E-01,7.819433E+03,3.558327E-01,3.039149E+03,4.481569E+03,4.949427E-01,2.753037E+04,2.438871E-01,0.000000E+00,0.000000E+00,1.990782E+00,6.382784E+04,1.990782E+00,1.063353E+04,0.000000E+00,1.990782E+00,1.552353E+05,1.990782E+00,0.000000E+00,0.000000E+00,1.875871E-01,6.014358E+03,1.875871E-01,1.001974E+03,0.000000E+00,2.600928E-01,1.708252E+04,1.875871E-01,0.000000E+00,0.000000E+00,1.875871E-01,6.014358E+03,3.428255E-01,3.456838E+03,3.647873E+03,2.601090E-01,1.708307E+04,1.875871E-01,0.000000E+00,0.000000E+00
06:30:00,2.438871E-01,7.773686E+03,4.957167E-01,5.156689E+03,1.000645E+04,5.889344E-01,3.055731E+04,2.438871E-01,0.000000E+00,0.000000E+00,1.990782E+00,6.345442E+04,1.990782E+00,1.100695E+04,0.000000E+00,1.990782E+00,1.552353E+05,1.990782E+00,0.000000E+00,0.000000E+00,1.875871E-01,5.979171E+03,2.302459E-01,1.688794E+03,1.632020E+03,3.002268E-01,1.838917E+04,1.875871E-01,0.000000E+00,0.000000E+00,1.875871E-01,5.979171E+03,4.293037E-01,4.747427E+03,5.562572E+03,3.002434E-01,1.838973E+04,1.875871E-01,0.000000E+00,0.000000E+00
06:40:00,2.438871E-01,7.727939E+03,5.965545E-01,6.587897E+03,1.347307E+04,6.388674E-01,3.204414E+04,2.438871E-01,0.000000E+00,0.000000E+00,1.990782E+00,6.308100E+04,2.758858E+00,2.306868E+04,3.084668E+04,1.990782E+00,1.552353E+05,1.990782E+00,0.000000E+00,0.000000E+00,1.875871E-01,5.943985E+03,2.844085E-01,2.507051E+03,3.525285E+03,3.240610E-01,1.912185E+04,1.875871E-01,0.000000E+00,0.000000E+00,1.875871E-01,5.943985E+03,4.987822E-01,5.704673E+03,6.828918E+03,3.240782E-01,1.912241E+04,1.875871E-01,0.000000E+00,0.000000E+00
06:50:00,2.438871E-01,7.682193E+03,7.022125E-01,8.005280E+03,1.691523E+04,6.870609E-01,3.342803E+04,2.438871E-01,0.000000E+00,0.000000E+00,1.990782E+00,6.270759E+04,3.131309E+00,2.858458E+04,4.404819E+04,1.990782E+00,1.552353E+05,1.990782E+00,0.000000E+00,0.000000E+00,1.875871E-01,5.908799E+03,3.401531E-01,3.297621E+03,5.311478E+03,3.466396E-01,1.979162E+04,1.875871E-01,0.000000E+00,0.000000E+00,1.875871E-01,5.908799E+03,5.677478E-01,6.589936E+03,8.030623E+03,3.466573E-01,1.979220E+04,1.875871E-01,0.000000E+00,0.000000E+00
07:00:00,2.438871E-01,7.636446E+03,8.062122E-01,9.311010E+03,1.949752E+04,7.323646E-01,3.467456E+04,2.438871E-01,0.000000E+00,0.000000E+00,1.990782E+00,6.233417E+04,3.556666E+00,3.451698E+04,5.610961E+04,1.990782E+00,1.552353E+05,1.990782E+00,0.000000E+00,0.000000E+00,1.875871E-01,5.873612E+03,3.942510E-01,4.013080E+03,6.624200E+03,3.678317E-01,2.039607E+04,1.875871E-01,0.000000E+00,0.000000E+00,1.875871E-01,5.873612E+03,6.348649E-01,7.385373E+03,8.906199E+03,3.678499E-01,2.039666E+04,1.875871E-01,0.000000E+00,0.000000E+00
07:10:00,2.438871E-01,7.525347E+03,1.009496E+00,1.193655E+04,2.117153E+04,8.186811E-01,3.714602E+04,2.438871E-01,0.000000E+00,0.000000E+00,1.990782E+00,6.142729E+04,5.435434E+00,5.922182E+04,9.535240E+04,1.990782E+00,1.552353E+05,1.990782E+00,0.000000E+00,0.000000E+00,1.875871E-01,5.788160E+03,5.095009E-01,5.578091E+03,8.155072E+03,4.066782E-01,2.152568E+04,1.875871E-01,0.000000E+00,0.000000E+00,1.875871E-01,5.788160E+03,7.674626E-01,9.079517E+03,1.021684E+04,4.066967E-01,2.152627E+04,1.875871E-01,0.000000E+00,0.000000E+00
07:20:00,2.438871E-01,7.414247E+03,9.885835E-01,1.142639E+04,1.871115E+04,8.060744E-01,3.650253E+04,2.438871E-01,0.000000E+00,0.000000E+00,1.990782E+00,6.052042E+04,4.757358E+00,4.989013E+04,7.029225E+04,1.990782E+00,1.552353E+05,1.990782E+00,0.000000E+00,0.000000E+00,1.875871E-01,5.702707E+03,5.273207E-01,5.751379E+03,7.738211E+03,4.060684E-01,2.140928E+04,1.875871E-01,0.000000E+00,0.000000E+00,1.875871E-01,5.702707E+03,7.963334E-01,9.275944E+03,1.008867E+04,4.060874E-01,2.140987E+04,1.875871E-01,0.000000E+00,0.000000E+00
07:30:00,2.438871E-01,7.303148E+03,1.258357E+00,1.458720E+04,2.278540E+04,8.747827E-01,3.834574E+04,2.438871E-01,0.000000E+00,0.000000E+00,1.990782E+00,5.961355E+04,6.070282E+00,6.619721E+04,9.347011E+04,1.990782E+00,1.552353E+05,1.990782E+00,0.000000E+00,0.000000E+00,1.875871E-01,5.617254E+03,6.446786E-01,7.157907E+03,9.338509E+03,4.375856E-01,2.227120E+04,1.875871E-01,0.000000E+00,0.000000E+00,1.875871E-01,5.617254E+03,9.237297E-01,1.068514E+04,1.147863E+04,4.376050E-01,2.227180E+04,1.875871E-01,0.000000E+00,0.000000E+00
07:40:00,2.438871E-01,7.192048E+03,1.464027E+00,1.671831E+04,2.360518E+04,9.446707E-01,4.016040E+04,2.438871E-01,0.000000E+00,0.000000E+00,1.990782E+00,5.870668E+04,6.387666E+00,6.904645E+04,8.803301E+04,2.032228E+00,1.564863E+05,1.990782E+00,0.000000E+00,0.000000E+00,1.875871E-01,5.531802E+03,7.437056E-01,8.232180E+03,9.818329E+03,4.685771E-01,2.308788E+04,1.875871E-01,0.000000E+00,0.000000E+00,1.875871E-01,5.531802E+03,1.033439E+00,1.176086E+04,1.228169E+04,4.685970E-01,2.308847E+04,1.875871E-01,0.000000E+00,0.000000E+00
07:50:00,2.438871E-01,7.080949E+03,1.660226E+00,1.854884E+04,2.435618E+04,1.010977E+00,4.180360E+04,2.438871E-01,0.000000E+00,0.000000E+00,1.990782E+00,5.779980E+04,7.215896E+00,7.757464E+04,9.349477E+04,2.231776E+00,1.623973E+05,1.990782E+00,0.000000E+00,0.000000E+00,1.875871E-01,5.446349E+03,8.369985E-01,9.147957E+03,1.031147E+04,4.981526E-01,2.383371E+04,1.875871E-01,0.000000E+00,0.000000E+00,1.875871E-01,5.446349E+03,1.138292E+00,1.267817E+04,1.309830E+04,4.981728E-01,2.383431E+04,1.875871E-01,0.000000E+00,0.000000E+00
08:00:00,2.438871E-01,6.969850E+03,1.850623E+00,2.013261E+04,2.527813E+04,1.075226E+00,4.332488E+04,2.438871E-01,0.000000E+00,0.000000E+00,1.990782E+00,5.689293E+04,7.968086E+00,8.447516E+04,9.813918E+04,2.430773E+00,1.681064E+05,1.990782E+00,0.000000E+00,0.000000E+00,1.875871E-01,5.360896E+03,9.280273E-01,9.951939E+03,1.091612E+04,5.268101E-01,2.452522E+04,1.875871E-01,0.000000E+00,0.000000E+00,1.875871E-01,5.360896E+03,1.240999E+00,1.347398E+04,1.393307E+04,5.268307E-01,2.452582E+04,1.875871E-01,0.000000E+00,0.000000E+00
08:10:00,2.438871E-01,6.845680E+03,1.684494E+00,1.835512E+04,2.178006E+04,9.667885E-01,4.000474E+04,2.438871E-01,0.000000E+00,0.000000E+00,1.990782E+00,5.587937E+04,7.242209E+00,7.719144E+04,8.384943E+04,2.031915E+00,1.564282E+05,1.990782E+00,0.000000E+00,0.000000E+00,1.875871E-01,5.265390E+03,8.584968E-01,9.239275E+03,9.733976E+03,4.817852E-01,2.316851E+04,1.875871E-01,0.000000E+00,0.000000E+00,1.875871E-01,5.265390E+03,1.166999E+00,1.268501E+04,1.301173E+04,4.818054E-01,2.316909E+04,1.875871E-01,0.000000E+00,0.000000E+00
08:20:00,2.438871E-01,6.721510E+03,1.886826E+00,2.073780E+04,2.466375E+04,1.026582E+00,4.174073E+04,2.438871E-01,0.000000E+00,0.000000E+00,1.990782E+00,5.486580E+04,8.155732E+00,8.840156E+04,9.744956E+04,2.385231E+00,1.666749E+05,1.990782E+00,0.000000E+00,0.000000E+00,1.875871E-01,5.169885E+03,9.288319E-01,1.011997E+04,1.073317E+04,5.015482E-01,2.374228E+04,1.875871E-01,0.000000E+00,0.000000E+00,1.875871E-01,5.169885E+03,1.227912E+00,1.346059E+04,1.387087E+04,5.015678E-01,2.374285E+04,1.875871E-01,0.000000E+00,0.000000E+00
08:30:00,2.438871E-01,6.597340E+03,1.760180E+00,1.944893E+04,2.268080E+04,9.658822E-01,3.997847E+04,2.438871E-01,0.000000E+00,0.000000E+00,1.990782E+00,5.385224E+04,7.692961E+00,8.425204E+04,9.064875E+04,2.201006E+00,1.613380E+05,1.990782E+00,0.000000E+00,0.000000E+00,1.875871E-01,5.074379E+03,8.824468E-01,9.698195E+03,1.013760E+04,4.761474E-01,2.300483E+04,1.875871E-01,0.000000E+00,0.000000E+00,1.875871E-01,5.074379E+03,1.182011E+00,1.304397E+04,1.338892E+04,4.761670E-01,2.300540E+04,1.875871E-01,0.000000E+00,0.000000E+00
08:40:00,2.438871E-01,6.473170E+03,1.734761E+00,1.929161E+04,2.231447E+04,9.458296E-01,3.939611E+04,2.438871E-01,0.000000E+00,0.000000E+00,1.990782E+00,5.283868E+04,7.628480E+00,8.455461E+04,9.022370E+04,2.143192E+00,1.596599E+05,1.990782E+00,0.000000E+00,0.000000E+00,1.875871E-01,4.978873E+03,8.742039E-01,9.702570E+03,1.009382E+04,4.665422E-01,2.272592E+04,1.875871E-01,0.000000E+00,0.000000E+00,1.875871E-01,4.978873E+03,1.171014E+00,1.301709E+04,1.334770E+04,4.665616E-01,2.272649E+04,1.875871E-01,0.000000E+00,0.000000E+00
08:50:00,2.438871E-01,6.349001E+03,1.712758E+00,1.917134E+04,2.184538E+04,9.291650E-01,3.891219E+04,2.438871E-01,0.000000E+00,0.000000E+00,1.990782E+00,5.182511E+04,7.565732E+00,8.487259E+04,8.920805E+04,2.111457E+00,1.587386E+05,1.990782E+00,0.000000E+00,0.000000E+00,1.875871E-01,4.883367E+03,8.706326E-01,9.758668E+03,1.007422E+04,4.587207E-01,2.249882E+04,1.875871E-01,0.000000E+00,0.000000E+00,1.875871E-01,4.883367E+03,1.166038E+00,1.305722E+04,1.337903E+04,4.587400E-01,2.249938E+04,1.875871E-01,0.000000E+00,0.000000E+00
09:00:00,2.438871E-01,6.224831E+03,1.697325E+00,1.912392E+04,2.153757E+04,9.157434E-01,3.852246E+04,2.438871E-01,0.000000E+00,0.000000E+00,1.990782E+00,5.081155E+04,7.532978E+00,8.552347E+04,8.889090E+04,2.081197E+00,1.578601E+05,1.990782E+00,0.000000E+00,0.000000E+00,1.875871E-01,4.787861E+03,8.718014E-01,9.867464E+03,1.013300E+04,4.524250E-01,2.231602E+04,1.875871E-01,0.000000E+00,0.000000E+00,1.875871E-01,4.787861E+03,1.166052E+00,1.315296E+04,1.347191E+04,4.524443E-01,2.231658E+04,1.875871E-01,0.000000E+00,0.000000E+00
09:10:00,2.438871E-01,6.113731E+03,1.686847E+00,1.911772E+04,2.135789E+04,9.046774E-01,3.820113E+04,2.438871E-01,0.000000E+00,0.000000E+00,1.990782E+00,4.990468E+04,7.518355E+00,8.626566E+04,8.898913E+04,2.055265E+00,1.571073E+05,1.990782E+00,0.000000E+00,0.000000E+00,1.875871E-01,4.702408E+03,8.767555E-01,1.000808E+04,1.024661E+04,4.472443E-01,2.216560E+04,1.875871E-01,0.000000E+00,0.000000E+00,1.875871E-01,4.702408E+03,1.170046E+00,1.328277E+04,1.360276E+04,4.472635E-01,2.216616E+04,1.875871E-01,0.000000E+00,0.000000E+00
09:20:00,2.438871E-01,6.002632E+03,1.679538E+00,1.914693E+04,2.127634E+04,8.953424E-01,3.793008E+04,2.438871E-01,0.000000E+00,0.000000E+00,1.990782E+00,4.899780E+04,7.513427E+00,8.711624E+04,8.942836E+04,2.032781E+00,1.564546E+05,1.990782E+00,0.000000E+00,0.000000E+00,1.875871E-01,4.616956E+03,8.845045E-01,1.017991E+04,1.040695E+04,4.428916E-01,2.203923E+04,1.875871E-01,0.000000E+00,0.000000E+00,1.875871E-01,4.616956E+03,1.177017E+00,1.344586E+04,1.376925E+04,4.429108E-01,2.203979E+04,1.875871E-01,0.000000E+00,0.000000E+00
09:30:00,2.438871E-01,5.891533E+03,1.674635E+00,1.920306E+04,2.126179E+04,8.873143E-01,3.769698E+04,2.438871E-01,0.000000E+00,0.000000E+00,1.990782E+00,4.809093E+04,7.515850E+00,8.804918E+04,9.010609E+04,2.012964E+00,1.558792E+05,1.990782E+00,0.000000E+00,0.000000E+00,1.875871E-01,4.531503E+03,8.944667E-01,1.037647E+04,1.060102E+04,4.391609E-01,2.193091E+04,1.875871E-01,0.000000E+00,0.000000E+00,1.875871E-01,4.531503E+03,1.186351E+00,1.363533E+04,1.396355E+04,4.391801E-01,2.193147E+04,1.875871E-01,0.000000E+00,0.000000E+00
09:40:00,2.438871E-01,5.780433E+03,1.671696E+00,1.928147E+04,2.129439E+04,8.802888E-01,3.749299E+04,2.438871E-01,0.000000E+00,0.000000E+00,1.990782E+00,4.718406E+04,7.525108E+00,8.905992E+04,9.096590E+04,1.995237E+00,1.553646E+05,1.990782E+00,0.000000E+00,0.000000E+00,1.875871E-01,4.446050E+03,9.060955E-01,1.059176E+04,1.081851E+04,4.359147E-01,2.183667E+04,1.875871E-01,0.000000E+00,0.000000E+00,1.875871E-01,4.446050E+03,1.197430E+00,1.384444E+04,1.417820E+04,4.359338E-01,2.183722E+04,1.875871E-01,0.000000E+00,0.000000E+00
09:50:00,2.438871E-01,5.669334E+03,1.670120E+00,1.937512E+04,2.135772E+04,8.740408E-01,3.731158E+04,2.438871E-01,0.000000E+00,0.000000E+00,1.990782E+00,4.627718E+04,7.539063E+00,9.012321E+04,9.194607E+04,1.990782E+00,1.552353E+05,1.990782E+00,0.000000E+00,0.000000E+00,1.875871E-01,4.360598E+03,9.190244E-01,1.082158E+04,1.105310E+04,4.330463E-01,2.175339E+04,1.875871E-01,0.000000E+00,0.000000E+00,1.875871E-01,4.360598E+03,1.209875E+00,1.406882E+04,1.440862E+04,4.330653E-01,2.175394E+04,1.875871E-01,0.000000E+00,0.000000E+00
10:00:00,2.438871E-01,5.558235E+03,1.669506E+00,1.947956E+04,2.144282E+04,8.684029E-01,3.714789E+04,2.438871E-01,0.000000E+00,0.000000E+00,1.990782E+00,4.537031E+04,7.543672E+00,9.108243E+04,9.284309E+04,1.990782E+00,1.552353E+05,1.990782E+00,0.000000E+00,0.000000E+00,1.875871E-01,4.275145E+03,9.329018E-01,1.106203E+04,1.129876E+04,4.304749E-01,2.167874E+04,1.875871E-01,0.000000E+00,0.000000E+00,1.875871E-01,4.275145E+03,1.223307E+00,1.430428E+04,1.464931E+04,4.304939E-01,2.167929E+04,1.875871E-01,0.000000E+00,0.000000E+00
10:10:00,2.438871E-01,5.460206E+03,1.669617E+00,1.957910E+04,2.153532E+04,8.632580E-01,3.699851E+04,2.438871E-01,0.000000E+00,0.000000E+00,1.990782E+00,4.457013E+04,7.546745E+00,9.191811E+04,9.366126E+04,1.990782E+00,1.552353E+05,1.990782E+00,0.000000E+00,0.000000E+00,1.875871E-01,4.199746E+03,9.474620E-01,1.130009E+04,1.154701E+04,4.281429E-01,2.161103E+04,1.875871E-01,0.000000E+00,0.000000E+00,1.875871E-01,4.199746E+03,1.237441E+00,1.453760E+04,1.489050E+04,4.281619E-01,2.161158E+04,1.875871E-01,0.000000E+00,0.000000E+00
10:20:00,2.438871E-01,5.362177E+03,1.670211E+00,1.968400E+04,2.163016E+04,8.585073E-01,3.686058E+04,2.438871E-01,0.000000E+00,0.000000E+00,1.990782E+00,4.376995E+04,7.549899E+00,9.275461E+04,9.446310E+04,1.990782E+00,1.552353E+05,1.990782E+00,0.000000E+00,0.000000E+00,1.875871E-01,4.124346E+03,9.624457E-01,1.154288E+04,1.179366E+04,4.260028E-01,2.154890E+04,1.875871E-01,0.000000E+00,0.000000E+00,1.875871E-01,4.124346E+03,1.252004E+00,1.477572E+04,1.513228E+04,4.260217E-01,2.154945E+04,1.875871E-01,0.000000E+00,0.000000E+00
10:30:00,2.438871E-01,5.264148E+03,1.671259E+00,1.979396E+04,2.173538E+04,8.540745E-01,3.673189E+04,2.438871E-01,0.000000E+00,0.000000E+00,1.990782E+00,4.296977E+04,7.553955E+00,9.360110E+04,9.529636E+04,1.990782E+00,1.552353E+05,1.990782E+00,0.000000E+00,0.000000E+00,1.875871E-01,4.048947E+03,9.777065E-01,1.178877E+04,1.204781E+04,4.240173E-01,2.149126E+04,1.875871E-01,0.000000E+00,0.000000E+00,1.875871E-01,4.048947E+03,1.266836E+00,1.501684E+04,1.538065E+04,4.240362E-01,2.149181E+04,1.875871E-01,0.000000E+00,0.000000E+00
10:40:00,2.438871E-01,5.166119E+03,1.672279E+00,1.990349E+04,2.184320E+04,8.499024E-01,3.661076E+04,2.438871E-01,0.000000E+00,0.000000E+00,1.990782E+00,4.216958E+04,7.557234E+00,9.443847E+04,9.613298E+04,1.990782E+00,1.552353E+05,1.990782E+00,0.000000E+00,0.000000E+00,1.875871E-01,3.973548E+03,9.929380E-01,1.203428E+04,1.230339E+04,4.221585E-01,2.143730E+04,1.875871E-01,0.000000E+00,0.000000E+00,1.875871E-01,3.973548E+03,1.281627E+00,1.525745E+04,1.562944E+04,4.221774E-01,2.143784E+04,1.875871E-01,0.000000E+00,0.000000E+00
10:50:00,2.438871E-01,5.068091E+03,1.673385E+00,2.001408E+04,2.195421E+04,8.459466E-01,3.649591E+04,2.438871E-01,0.000000E+00,0.000000E+00,1.990782E+00,4.136940E+04,7.560609E+00,9.527725E+04,9.697965E+04,1.990782E+00,1.552353E+05,1.990782E+00,0.000000E+00,0.000000E+00,1.875871E-01,3.898148E+03,1.008079E+00,1.227883E+04,1.255803E+04,4.204045E-01,2.138638E+04,1.875871E-01,0.000000E+00,0.000000E+00,1.875871E-01,3.898148E+03,1.296305E+00,1.549686E+04,1.587664E+04,4.204234E-01,2.138692E+04,1.875871E-01,0.000000E+00,0.000000E+00
11:00:00,2.438871E-01,4.970062E+03,1.674662E+00,2.012648E+04,2.206551E+04,8.421730E-01,3.638636E+04,2.438871E-01,0.000000E+00,0.000000E+00,1.990782E+00,4.056922E+04,7.564415E+00,9.612043E+04,9.782471E+04,1.990782E+00,1.552353E+05,1.990782E+00,0.000000E+00,0.000000E+00,1.875871E-01,3.822749E+03,1.022580E+00,1.251619E+04,1.279814E+04,4.187384E-01,2.133801E+04,1.875871E-01,0.000000E+00,0.000000E+00,1.875871E-01,3.822749E+03,1.310307E+00,1.572867E+04,1.611116E+04,4.187572E-01,2.133855E+04,1.875871E-01,0.000000E+00,0.000000E+00
11:10:00,2.438871E-01,4.904709E+03,1.675971E+00,2.020645E+04,2.214545E+04,8.385458E-01,3.628105E+04,2.438871E-01,0.000000E+00,0.000000E+00,1.990782E+00,4.003577E+04,7.568582E+00,9.670044E+04,9.840925E+04,1.990782E+00,1.552353E+05,1.990782E+00,0.000000E+00,0.000000E+00,1.875871E-01,3.772483E+03,1.036543E+00,1.272236E+04,1.301077E+04,4.171435E-01,2.129170E+04,1.875871E-01,0.000000E+00,0.000000E+00,1.875871E-01,3.772483E+03,1.323736E+00,1.592887E+04,1.631723E+04,4.171623E-01,2.129225E+04,1.875871E-01,0.000000E+00,0.000000E+00
11:20:00,2.438871E-01,4.839357E+03,1.676939E+00,2.028244E+04,2.222182E+04,8.350468E-01,3.617947E+04,2.438871E-01,0.000000E+00,0.000000E+00,1.990782E+00,3.950231E+04,7.571621E+00,9.726707E+04,9.898213E+04,1.990782E+00,1.552353E+05,1.990782E+00,0.000000E+00,0.000000E+00,1.875871E-01,3.722216E+03,1.049840E+00,1.292100E+04,1.321818E+04,4.156103E-01,2.124719E+04,1.875871E-01,0.000000E+00,0.000000E+00,1.875871E-01,3.722216E+03,1.336471E+00,1.612122E+04,1.651711E+04,4.156291E-01,2.124774E+04,1.875871E-01,0.000000E+00,0.000000E+00
11:30:00,2.438871E-01,4.774004E+03,1.677564E+00,2.035458E+04,2.229360E+04,8.316629E-01,3.608123E+04,2.438871E-01,0.000000E+00,0.000000E+00,1.990782E+00,3.896886E+04,7.573558E+00,9.782131E+04,9.954032E+04,1.990782E+00,1.552353E+05,1.990782E+00,0.000000E+00,0.000000E+00,1.875871E-01,3.671950E+03,1.062404E+00,1.311143E+04,1.341361E+04,4.141317E-01,2.120427E+04,1.875871E-01,0.000000E+00,0.000000E+00,1.875871E-01,3.671950E+03,1.348439E+00,1.630497E+04,1.670556E+04,4.141504E-01,2.120481E+04,1.875871E-01,0.000000E+00,0.000000E+00
11:40:00,2.438871E-01,4.708651E+03,1.678102E+00,2.042584E+04,2.236523E+04,8.283818E-01,3.598597E+04,2.438871E-01,0.000000E+00,0.000000E+00,1.990782E+00,3.843540E+04,7.575540E+00,9.837644E+04,1.001025E+05,1.990782E+00,1.552353E+05,1.990782E+00,0.000000E+00,0.000000E+00,1.875871E-01,3.621684E+03,1.074289E+00,1.329433E+04,1.360145E+04,4.127017E-01,2.116275E+04,1.875871E-01,0.000000E+00,0.000000E+00,1.875871E-01,3.621684E+03,1.359692E+00,1.648080E+04,1.688586E+04,4.127203E-01,2.116329E+04,1.875871E-01,0.000000E+00,0.000000E+00
11:50:00,2.438871E-01,4.643299E+03,1.678324E+00,2.049348E+04,2.243339E+04,8.251938E-01,3.589342E+04,2.438871E-01,0.000000E+00,0.000000E+00,1.990782E+00,3.790195E+04,7.576520E+00,9.892000E+04,1.006535E+05,1.990782E+00,1.552353E+05,1.990782E+00,0.000000E+00,0.000000E+00,1.875871E-01,3.571418E+03,1.085358E+00,1.346808E+04,1.377971E+04,4.113151E-01,2.112250E+04,1.875871E-01,0.000000E+00,0.000000E+00,1.875871E-01,3.571418E+03,1.370100E+00,1.664713E+04,1.705618E+04,4.113338E-01,2.112304E+04,1.875871E-01,0.000000E+00,0.000000E+00
12:00:00,2.438871E-01,4.577946E+03,1.678173E+00,2.055696E+04,2.249724E+04,8.220908E-01,3.580334E+04,2.438871E-01,0.000000E+00,0.000000E+00,1.990782E+00,3.736849E+04,7.576535E+00,9.945276E+04,1.011939E+05,1.990782E+00,1.552353E+05,1.990782E+00,0.000000E+00,0.000000E+00,1.875871E-01,3.521151E+03,1.096041E+00,1.363751E+04,1.395383E+04,4.099681E-01,2.108339E+04,1.875871E-01,0.000000E+00,0.000000E+00,1.875871E-01,3.521151E+03,1.380105E+00,1.680897E+04,1.722211E+04,4.099867E-01,2.108393E+04,1.875871E-01,0.000000E+00,0.000000E+00
12:10:00,2.438871E-01,4.525664E+03,1.677580E+00,2.060242E+04,2.254244E+04,8.190663E-01,3.571553E+04,2.438871E-01,0.000000E+00,0.000000E+00,1.990782E+00,3.694173E+04,7.574869E+00,9.986006E+04,1.016050E+05,1.990782E+00,1.552353E+05,1.990782E+00,0.000000E+00,0.000000E+00,1.875871E-01,3.480938E+03,1.106036E+00,1.378919E+04,1.410977E+04,4.086573E-01,2.104534E+04,1.875871E-01,0.000000E+00,0.000000E+00,1.875871E-01,3.480938E+03,1.389410E+00,1.695292E+04,1.736976E+04,4.086758E-01,2.104588E+04,1.875871E-01,0.000000E+00,0.000000E+00
12:20:00,2.438871E-01,4.473382E+03,1.676845E+00,2.064648E+04,2.258651E+04,8.161148E-01,3.562985E+04,2.438871E-01,0.000000E+00,0.000000E+00,1.990782E+00,3.651497E+04,7.572825E+00,1.002639E+05,1.020137E+05,1.990782E+00,1.552353E+05,1.990782E+00,0.000000E+00,0.000000E+00,1.875871E-01,3.440725E+03,1.115320E+00,1.393305E+04,1.425771E+04,4.073800E-01,2.100826E+04,1.875871E-01,0.000000E+00,0.000000E+00,1.875871E-01,3.440725E+03,1.397988E+00,1.708889E+04,1.750926E+04,4.073986E-01,2.100880E+04,1.875871E-01,0.000000E+00,0.000000E+00
12:30:00,2.438871E-01,4.421100E+03,1.675782E+00,2.068689E+04,2.262676E+04,8.132319E-01,3.554615E+04,2.438871E-01,0.000000E+00,0.000000E+00,1.990782E+00,3.608820E+04,7.569499E+00,1.006535E+05,1.024071E+05,1.990782E+00,1.552353E+05,1.990782E+00,0.000000E+00,0.000000E+00,1.875871E-01,3.400512E+03,1.123785E+00,1.406777E+04,1.439623E+04,4.061345E-01,2.097210E+04,1.875871E-01,0.000000E+00,0.000000E+00,1.875871E-01,3.400512E+03,1.405746E+00,1.721570E+04,1.763940E+04,4.061530E-01,2.097264E+04,1.875871E-01,0.000000E+00,0.000000E+00
12:40:00,2.438871E-01,4.368818E+03,1.674838E+00,2.072864E+04,2.266918E+04,8.104137E-01,3.546434E+04,2.438871E-01,0.000000E+00,0.000000E+00,1.990782E+00,3.566144E+04,7.565448E+00,1.010351E+05,1.027925E+05,1.990782E+00,1.552353E+05,1.990782E+00,0.000000E+00,0.000000E+00,1.875871E-01,3.360299E+03,1.131422E+00,1.419325E+04,1.452525E+04,4.049192E-01,2.093682E+04,1.875871E-01,0.000000E+00,0.000000E+00,1.875871E-01,3.360299E+03,1.412678E+00,1.733331E+04,1.776012E+04,4.049377E-01,2.093736E+04,1.875871E-01,0.000000E+00,0.000000E+00
12:50:00,2.438871E-01,4.316536E+03,1.674150E+00,2.077323E+04,2.271489E+04,8.076569E-01,3.538430E+04,2.438871E-01,0.000000E+00,0.000000E+00,1.990782E+00,3.523468E+04,7.560795E+00,1.014099E+05,1.031711E+05,1.990782E+00,1.552353E+05,1.990782E+00,0.000000E+00,0.000000E+00,1.875871E-01,3.320086E+03,1.138212E+00,1.430927E+04,1.464453E+04,4.037328E-01,2.090238E+04,1.875871E-01,0.000000E+00,0.000000E+00,1.875871E-01,3.320086E+03,1.418771E+00,1.744155E+04,1.787122E+04,4.037513E-01,2.090291E+04,1.875871E-01,0.000000E+00,0.000000E+00
13:00:00,2.438871E-01,4.264254E+03,1.673741E+00,2.082096E+04,2.276369E+04,8.049588E-01,3.530598E+04,2.438871E-01,0.000000E+00,0.000000E+00,1.990782E+00,3.480791E+04,7.555577E+00,1.017784E+05,1.035431E+05,1.990782E+00,1.552353E+05,1.990782E+00,0.000000E+00,0.000000E+00,1.875871E-01,3.279873E+03,1.144138E+00,1.441565E+04,1.475381E+04,4.025739E-01,2.086874E+04,1.875871E-01,0.000000E+00,0.000000E+00,1.875871E-01,3.279873E+03,1.424008E+00,1.754024E+04,1.797248E+04,4.025924E-01,2.086927E+04,1.875871E-01,0.000000E+00,0.000000E+00
13:10:00,2.438871E-01,4.231578E+03,1.673610E+00,2.085216E+04,2.279548E+04,8.023170E-01,3.522928E+04,2.438871E-01,0.000000E+00,0.000000E+00,1.990782E+00,3.454118E+04,7.549781E+00,1.019804E+05,1.037447E+05,1.990782E+00,1.552353E+05,1.990782E+00,0.000000E+00,0.000000E+00,1.875871E-01,3.254740E+03,1.149143E+00,1.449667E+04,1.483703E+04,4.014414E-01,2.083586E+04,1.875871E-01,0.000000E+00,0.000000E+00,1.875871E-01,3.254740E+03,1.428333E+00,1.761366E+04,1.804783E+04,4.014598E-01,2.083639E+04,1.875871E-01,0.000000E+00,0.000000E+00
13:20:00,2.438871E-01,4.198902E+03,1.673763E+00,2.088655E+04,2.283067E+04,7.997292E-01,3.515416E+04,2.438871E-01,0.000000E+00,0.000000E+00,1.990782E+00,3.427446E+04,7.543388E+00,1.021758E+05,1.039393E+05,1.990782E+00,1.552353E+05,1.990782E+00,0.000000E+00,0.000000E+00,1.875871E-01,3.229607E+03,1.153220E+00,1.456732E+04,1.490955E+04,4.003340E-01,2.080371E+04,1.875871E-01,0.000000E+00,0.000000E+00,1.875871E-01,3.229607E+03,1.431735E+00,1.767679E+04,1.811262E+04,4.003524E-01,2.080424E+04,1.875871E-01,0.000000E+00,0.000000E+00
13:30:00,2.438871E-01,4.166225E+03,1.674207E+00,2.092418E+04,2.286966E+04,7.971936E-01,3.508055E+04,2.438871E-01,0.000000E+00,0.000000E+00,1.990782E+00,3.400773E+04,7.536381E+00,1.023643E+05,1.041268E+05,1.990782E+00,1.552353E+05,1.990782E+00,0.000000E+00,0.000000E+00,1.875871E-01,3.204474E+03,1.156343E+00,1.462732E+04,1.497111E+04,3.992503E-01,2.077225E+04,1.875871E-01,0.000000E+00,0.000000E+00,1.875871E-01,3.204474E+03,1.434188E+00,1.772930E+04,1.816658E+04,3.992686E-01,2.077278E+04,1.875871E-01,0.000000E+00,0.000000E+00
13:40:00,2.438871E-01,4.133549E+03,1.674566E+00,2.096087E+04,2.290757E+04,7.947085E-01,3.500840E+04,2.438871E-01,0.000000E+00,0.000000E+00,1.990782E+00,3.374100E+04,7.528473E+00,1.025428E+05,1.043035E+05,1.990782E+00,1.552353E+05,1.990782E+00,0.000000E+00,0.000000E+00,1.875871E-01,3.179341E+03,1.158473E+00,1.467624E+04,1.502125E+04,3.981888E-01,2.074143E+04,1.875871E-01,0.000000E+00,0.000000E+00,1.875871E-01,3.179341E+03,1.435648E+00,1.777075E+04,1.820918E+04,3.982071E-01,2.074196E+04,1.875871E-01,0.000000E+00,0.000000E+00
13:50:00,2.438871E-01,4.100873E+03,1.674694E+00,2.099497E+04,2.294254E+04,7.922721E-01,3.493767E+04,2.438871E-01,0.000000E+00,0.000000E+00,1.990782E+00,3.347427E+04,7.519441E+00,1.027087E+05,1.044667E+05,1.990782E+00,1.552353E+05,1.990782E+00,0.000000E+00,0.000000E+00,1.875871E-01,3.154208E+03,1.159564E+00,1.471356E+04,1.505941E+04,3.971486E-01,2.071123E+04,1.875871E-01,0.000000E+00,0.000000E+00,1.875871E-01,3.154208E+03,1.436068E+00,1.780057E+04,1.823985E+04,3.971669E-01,2.071176E+04,1.875871E-01,0.000000E+00,0.000000E+00
14:00:00,2.438871E-01,4.068196E+03,1.674556E+00,2.102611E+04,2.297421E+04,7.898832E-01,3.486832E+04,2.438871E-01,0.000000E+00,0.000000E+00,1.990782E+00,3.320755E+04,7.509186E+00,1.028609E+05,1.046151E+05,1.990782E+00,1.552353E+05,1.990782E+00,0.000000E+00,0.000000E+00,1.875871E-01,3.129075E+03,1.159576E+00,1.473883E+04,1.508507E+04,3.961287E-01,2.068163E+04,1.875871E-01,0.000000E+00,0.000000E+00,1.875871E-01,3.129075E+03,1.435405E+00,1.781830E+04,1.825805E+04,3.961470E-01,2.068216E+04,1.875871E-01,0.000000E+00,0.000000E+00
14:10:00,2.438871E-01,4.068196E+03,1.674026E+00,2.102019E+04,2.296754E+04,7.875401E-01,3.480030E+04,2.438871E-01,0.000000E+00,0.000000E+00,1.990782E+00,3.320755E+04,7.497642E+00,1.027320E+05,1.044761E+05,1.990782E+00,1.552353E+05,1.990782E+00,0.000000E+00,0.000000E+00,1.875871E-01,3.129075E+03,1.158897E+00,1.473126E+04,1.507750E+04,3.951285E-01,2.065259E+04,1.875871E-01,0.000000E+00,0.000000E+00,1.875871E-01,3.129075E+03,1.434054E+00,1.780323E+04,1.824307E+04,3.951467E-01,2.065312E+04,1.875871E-01,0.000000E+00,0.000000E+00
14:20:00,2.438871E-01,4.068196E+03,1.673121E+00,2.101008E+04,2.295645E+04,7.852418E-01,3.473357E+04,2.438871E-01,0.000000E+00,0.000000E+00,1.990782E+00,3.320755E+04,7.484797E+00,1.025886E+05,1.043214E+05,1.990782E+00,1.552353E+05,1.990782E+00,0.000000E+00,0.000000E+00,1.875871E-01,3.129075E+03,1.157183E+00,1.471213E+04,1.505748E+04,3.941474E-01,2.062411E+04,1.875871E-01,0.000000E+00,0.000000E+00,1.875871E-01,3.129075E+03,1.431668E+00,1.777659E+04,1.821569E+04,3.941656E-01,2.062463E+04,1.875871E-01,0.000000E+00,0.000000E+00
14:30:00,2.438871E-01,4.068196E+03,1.671819E+00,2.099555E+04,2.294074E+04,7.829870E-01,3.466811E+04,2.438871E-01,0.000000E+00,0.000000E+00,1.990782E+00,3.320755E+04,7.470546E+00,1.024295E+05,1.041497E+05,1.990782E+00,1.552353E+05,1.990782E+00,0.000000E+00,0.000000E+00,1.875871E-01,3.129075E+03,1.154296E+00,1.467990E+04,1.502364E+04,3.931849E-01,2.059616E+04,1.875871E-01,0.000000E+00,0.000000E+00,1.875871E-01,3.129075E+03,1.428106E+00,1.773683E+04,1.817460E+04,3.932031E-01,2.059669E+04,1.875871E-01,0.000000E+00,0.000000E+00
14:40:00,2.438871E-01,4.068196E+03,1.670101E+00,2.097637E+04,2.292010E+04,7.807744E-01,3.460388E+04,2.438871E-01,0.000000E+00,0.000000E+00,1.990782E+00,3.320755E+04,7.454840E+00,1.022542E+05,1.039605E+05,1.990782E+00,1.552353E+05,1.990782E+00,0.000000E+00,0.000000E+00,1.875871E-01,3.129075E+03,1.150177E+00,1.463392E+04,1.497571E+04,3.922405E-01,2.056875E+04,1.875871E-01,0.000000E+00,0.000000E+00,1.875871E-01,3.129075E+03,1.423311E+00,1.768330E+04,1.811956E+04,3.922587E-01,2.056928E+04,1.875871E-01,0.000000E+00,0.000000E+00
14:50:00,2.438871E-01,4.068196E+03,1.667951E+00,2.095237E+04,2.289430E+04,7.786030E-01,3.454085E+04,2.438871E-01,0.000000E+00,0.000000E+00,1.990782E+00,3.320755E+04,7.437644E+00,1.020622E+05,1.037535E+05,1.990782E+00,1.552353E+05,1.990782E+00,0.000000E+00,0.000000E+00,1.875871E-01,3.129075E+03,1.144785E+00,1.457372E+04,1.491337E+04,3.913138E-01,2.054185E+04,1.875871E-01,0.000000E+00,0.000000E+00,1.875871E-01,3.129075E+03,1.417248E+00,1.761561E+04,1.805028E+04,3.913320E-01,2.054237E+04,1.875871E-01,0.000000E+00,0.000000E+00
15:00:00,2.438871E-01,4.068196E+03,1.665354E+00,2.092338E+04,2.286312E+04,7.764718E-01,3.447897E+04,2.438871E-01,0.000000E+00,0.000000E+00,1.990782E+00,3.320755E+04,7.418926E+00,1.018533E+05,1.035283E+05,1.990782E+00,1.552353E+05,1.990782E+00,0.000000E+00,0.000000E+00,1.875871E-01,3.129075E+03,1.138093E+00,1.449902E+04,1.483622E+04,3.904044E-01,2.051545E+04,1.875871E-01,0.000000E+00,0.000000E+00,1.875871E-01,3.129075E+03,1.409894E+00,1.753351E+04,1.796639E+04,3.904225E-01,2.051597E+04,1.875871E-01,0.000000E+00,0.000000E+00
15:10:00,2.438871E-01,4.107408E+03,1.662333E+00,2.085044E+04,2.278680E+04,7.743797E-01,3.441824E+04,2.438871E-01,0.000000E+00,0.000000E+00,1.990782E+00,3.352762E+04,7.398621E+00,1.013065E+05,1.029575E+05,1.990782E+00,1.552353E+05,1.990782E+00,0.000000E+00,0.000000E+00,1.875871E-01,3.159234E+03,1.129605E+00,1.437409E+04,1.470712E+04,3.895119E-01,2.048953E+04,1.875871E-01,0.000000E+00,0.000000E+00,1.875871E-01,3.159234E+03,1.400749E+00,1.740126E+04,1.783082E+04,3.895300E-01,2.049006E+04,1.875871E-01,0.000000E+00,0.000000E+00
15:20:00,2.438871E-01,4.146620E+03,1.658824E+00,2.077206E+04,2.270473E+04,7.723257E-01,3.435861E+04,2.438871E-01,0.000000E+00,0.000000E+00,1.990782E+00,3.384769E+04,7.376650E+00,1.007412E+05,1.023666E+05,1.990782E+00,1.552353E+05,1.990782E+00,0.000000E+00,0.000000E+00,1.875871E-01,3.189394E+03,1.119656E+00,1.423287E+04,1.456110E+04,3.886359E-01,2.046410E+04,1.875871E-01,0.000000E+00,0.000000E+00,1.875871E-01,3.189394E+03,1.390159E+00,1.725287E+04,1.767863E+04,3.886539E-01,2.046463E+04,1.875871E-01,0.000000E+00,0.000000E+00
15:30:00,2.438871E-01,4.185831E+03,1.654813E+00,2.068807E+04,2.261681E+04,7.703090E-01,3.430006E+04,2.438871E-01,0.000000E+00,0.000000E+00,1.990782E+00,3.416777E+04,7.353041E+00,1.001575E+05,1.017560E+05,1.990782E+00,1.552353E+05,1.990782E+00,0.000000E+00,0.000000E+00,1.875871E-01,3.219554E+03,1.108356E+00,1.407655E+04,1.439942E+04,3.877759E-01,2.043914E+04,1.875871E-01,0.000000E+00,0.000000E+00,1.875871E-01,3.219554E+03,1.378240E+00,1.708965E+04,1.751118E+04,3.877940E-01,2.043966E+04,1.875871E-01,0.000000E+00,0.000000E+00
15:40:00,2.438871E-01,4.225043E+03,1.650286E+00,2.059832E+04,2.252286E+04,7.683285E-01,3.424257E+04,2.438871E-01,0.000000E+00,0.000000E+00,1.990782E+00,3.448784E+04,7.327764E+00,9.955528E+04,1.011254E+05,1.990782E+00,1.552353E+05,1.990782E+00,0.000000E+00,0.000000E+00,1.875871E-01,3.249714E+03,1.095769E+00,1.390587E+04,1.422278E+04,3.869317E-01,2.041463E+04,1.875871E-01,0.000000E+00,0.000000E+00,1.875871E-01,3.249714E+03,1.365062E+00,1.691237E+04,1.732921E+04,3.869497E-01,2.041515E+04,1.875871E-01,0.000000E+00,0.000000E+00
15:50:00,2.438871E-01,4.264254E+03,1.645233E+00,2.050270E+04,2.242269E+04,7.663834E-01,3.418610E+04,2.438871E-01,0.000000E+00,0.000000E+00,1.990782E+00,3.480791E+04,7.300812E+00,9.893433E+04,1.004747E+05,1.990782E+00,1.552353E+05,1.990782E+00,0.000000E+00,0.000000E+00,1.875871E-01,3.279873E+03,1.081978E+00,1.372175E+04,1.403206E+04,3.861029E-01,2.039057E+04,1.875871E-01,0.000000E+00,0.000000E+00,1.875871E-01,3.279873E+03,1.350712E+00,1.672200E+04,1.713367E+04,3.861209E-01,2.039109E+04,1.875871E-01,0.000000E+00,0.000000E+00
16:00:00,2.438871E-01,4.303466E+03,1.639644E+00,2.040110E+04,2.231611E+04,7.644728E-01,3.413063E+04,2.438871E-01,0.000000E+00,0.000000E+00,1.990782E+00,3.512798E+04,7.272213E+00,9.829498E+04,9.980413E+04,1.990782E+00,1.552353E+05,1.990782E+00,0.000000E+00,0.000000E+00,1.875871E-01,3.310033E+03,1.067086E+00,1.352534E+04,1.382842E+04,3.852891E-01,2.036694E+04,1.875871E-01,0.000000E+00,0.000000E+00,1.875871E-01,3.310033E+03,1.335295E+00,1.651972E+04,1.692573E+04,3.853070E-01,2.036746E+04,1.875871E-01,0.000000E+00,0.000000E+00
16:10:00,2.438871E-01,4.355748E+03,1.633590E+00,2.028123E+04,2.219067E+04,7.625959E-01,3.407615E+04,2.438871E-01,0.000000E+00,0.000000E+00,1.990782E+00,3.555475E+04,7.242063E+00,9.753163E+04,9.900614E+04,1.990782E+00,1.552353E+05,1.990782E+00,0.000000E+00,0.000000E+00,1.875871E-01,3.350246E+03,1.051309E+00,1.330899E+04,1.360412E+04,3.844899E-01,2.034374E+04,1.875871E-01,0.000000E+00,0.000000E+00,1.875871E-01,3.350246E+03,1.319030E+00,1.629793E+04,1.669770E+04,3.845078E-01,2.034426E+04,1.875871E-01,0.000000E+00,0.000000E+00
16:20:00,2.438871E-01,4.408030E+03,1.627058E+00,2.015602E+04,2.205958E+04,7.607520E-01,3.402261E+04,2.438871E-01,0.000000E+00,0.000000E+00,1.990782E+00,3.598151E+04,7.210387E+00,9.675124E+04,9.818961E+04,1.990782E+00,1.552353E+05,1.990782E+00,0.000000E+00,0.000000E+00,1.875871E-01,3.390459E+03,1.034786E+00,1.308431E+04,1.337102E+04,3.837051E-01,2.032096E+04,1.875871E-01,0.000000E+00,0.000000E+00,1.875871E-01,3.390459E+03,1.302047E+00,1.606811E+04,1.646128E+04,3.837230E-01,2.032148E+04,1.875871E-01,0.000000E+00,0.000000E+00
16:30:00,2.438871E-01,4.460312E+03,1.619920E+00,2.002405E+04,2.192119E+04,7.589401E-01,3.397001E+04,2.438871E-01,0.000000E+00,0.000000E+00,1.990782E+00,3.640828E+04,7.177141E+00,9.595333E+04,9.735403E+04,1.990782E+00,1.552353E+05,1.990782E+00,0.000000E+00,0.000000E+00,1.875871E-01,3.430672E+03,1.017592E+00,1.285214E+04,1.312984E+04,3.829342E-01,2.029858E+04,1.875871E-01,0.000000E+00,0.000000E+00,1.875871E-01,3.430672E+03,1.284426E+00,1.583117E+04,1.621732E+04,3.829521E-01,2.029910E+04,1.875871E-01,0.000000E+00,0.000000E+00
16:40:00,2.438871E-01,4.512594E+03,1.612249E+00,1.988613E+04,2.177667E+04,7.571596E-01,3.391832E+04,2.438871E-01,0.000000E+00,0.000000E+00,1.990782E+00,3.683504E+04,7.142404E+00,9.513877E+04,9.650044E+04,1.990782E+00,1.552353E+05,1.990782E+00,0.000000E+00,0.000000E+00,1.875871E-01,3.470885E+03,1.000086E+00,1.261649E+04,1.288508E+04,3.821770E-01,2.027660E+04,1.875871E-01,0.000000E+00,0.000000E+00,1.875871E-01,3.470885E+03,1.266525E+00,1.559111E+04,1.597022E+04,3.821949E-01,2.027712E+04,1.875871E-01,0.000000E+00,0.000000E+00
16:50:00,2.438871E-01,4.564876E+03,1.604064E+00,1.974247E+04,2.162619E+04,7.554097E-01,3.386752E+04,2.438871E-01,0.000000E+00,0.000000E+00,1.990782E+00,3.726180E+04,7.106284E+00,9.430876E+04,9.563030E+04,1.990782E+00,1.552353E+05,1.990782E+00,0.000000E+00,0.000000E+00,1.875871E-01,3.511098E+03,9.825874E-01,1.238091E+04,1.264037E+04,3.814332E-01,2.025500E+04,1.875871E-01,0.000000E+00,0.000000E+00,1.875871E-01,3.511098E+03,1.248664E+00,1.535149E+04,1.572357E+04,3.814510E-01,2.025552E+04,1.875871E-01,0.000000E+00,0.000000E+00
17:00:00,2.438871E-01,4.617158E+03,1.595386E+00,1.959331E+04,2.146987E+04,7.536897E-01,3.381759E+04,2.438871E-01,0.000000E+00,0.000000E+00,1.990782E+00,3.768857E+04,7.068867E+00,9.346429E+04,9.474453E+04,1.990782E+00,1.552353E+05,1.990782E+00,0.000000E+00,0.000000E+00,1.875871E-01,3.551311E+03,9.654270E-01,1.214912E+04,1.239944E+04,3.807024E-01,2.023379E+04,1.875871E-01,0.000000E+00,0.000000E+00,1.875871E-01,3.551311E+03,1.231175E+00,1.511602E+04,1.548101E+04,3.807202E-01,2.023430E+04,1.875871E-01,0.000000E+00,0.000000E+00
17:10:00,2.438871E-01,4.682510E+03,1.586263E+00,1.942611E+04,2.129486E+04,7.519989E-01,3.376850E+04,2.438871E-01,0.000000E+00,0.000000E+00,1.990782E+00,3.822202E+04,7.030249E+00,9.249970E+04,9.373533E+04,1.990782E+00,1.552353E+05,1.990782E+00,0.000000E+00,0.000000E+00,1.875871E-01,3.601577E+03,9.489669E-01,1.191508E+04,1.215622E+04,3.799843E-01,2.021294E+04,1.875871E-01,0.000000E+00,0.000000E+00,1.875871E-01,3.601577E+03,1.214416E+00,1.487865E+04,1.523639E+04,3.800021E-01,2.021346E+04,1.875871E-01,0.000000E+00,0.000000E+00
17:20:00,2.438871E-01,4.747863E+03,1.577196E+00,1.925953E+04,2.112122E+04,7.503365E-01,3.372025E+04,2.438871E-01,0.000000E+00,0.000000E+00,1.990782E+00,3.875548E+04,6.990597E+00,9.152358E+04,9.271349E+04,1.990782E+00,1.552353E+05,1.990782E+00,0.000000E+00,0.000000E+00,1.875871E-01,3.651844E+03,9.336093E-01,1.169336E+04,1.192579E+04,3.792787E-01,2.019245E+04,1.875871E-01,0.000000E+00,0.000000E+00,1.875871E-01,3.651844E+03,1.198806E+00,1.465411E+04,1.500490E+04,3.792964E-01,2.019297E+04,1.875871E-01,0.000000E+00,0.000000E+00
17:30:00,2.438871E-01,4.813216E+03,1.568463E+00,1.909668E+04,2.095192E+04,7.487021E-01,3.367280E+04,2.438871E-01,0.000000E+00,0.000000E+00,1.990782E+00,3.928893E+04,6.950147E+00,9.053855E+04,9.168194E+04,1.990782E+00,1.552353E+05,1.990782E+00,0.000000E+00,0.000000E+00,1.875871E-01,3.702110E+03,9.196103E-01,1.148680E+04,1.171107E+04,3.785852E-01,2.017232E+04,1.875871E-01,0.000000E+00,0.000000E+00,1.875871E-01,3.702110E+03,1.184592E+00,1.444515E+04,1.478930E+04,3.786029E-01,2.017284E+04,1.875871E-01,0.000000E+00,0.000000E+00
17:40:00,2.438871E-01,4.878568E+03,1.560022E+00,1.893710E+04,2.078585E+04,7.470949E-01,3.362614E+04,2.438871E-01,0.000000E+00,0.000000E+00,1.990782E+00,3.982238E+04,6.908947E+00,8.954514E+04,9.064117E+04,1.990782E+00,1.552353E+05,1.990782E+00,0.000000E+00,0.000000E+00,1.875871E-01,3.752376E+03,9.068414E-01,1.129397E+04,1.151046E+04,3.779035E-01,2.015253E+04,1.875871E-01,0.000000E+00,0.000000E+00,1.875871E-01,3.752376E+03,1.171643E+00,1.425030E+04,1.458803E+04,3.779213E-01,2.015305E+04,1.875871E-01,0.000000E+00,0.000000E+00
17:50:00,2.438871E-01,4.943921E+03,1.551865E+00,1.878067E+04,2.062292E+04,7.455142E-01,3.358025E+04,2.438871E-01,0.000000E+00,0.000000E+00,1.990782E+00,4.035584E+04,6.867052E+00,8.854398E+04,8.959189E+04,1.990782E+00,1.552353E+05,1.990782E+00,0.000000E+00,0.000000E+00,1.875871E-01,3.802642E+03,8.951529E-01,1.111321E+04,1.132240E+04,3.772335E-01,2.013308E+04,1.875871E-01,0.000000E+00,0.000000E+00,1.875871E-01,3.802642E+03,1.159802E+00,1.406784E+04,1.439952E+04,3.772512E-01,2.013360E+04,1.875871E-01,0.000000E+00,0.000000E+00
18:00:00,2.438871E-01,5.009273E+03,1.543959E+00,1.862706E+04,2.046298E+04,7.439596E-01,3.353512E+04,2.438871E-01,0.000000E+00,0.000000E+00,1.990782E+00,4.088929E+04,6.824517E+00,8.753566E+04,8.853469E+04,1.990782E+00,1.552353E+05,1.990782E+00,0.000000E+00,0.000000E+00,1.875871E-01,3.852909E+03,8.843348E-01,1.094216E+04,1.114458E+04,3.765748E-01,2.011396E+04,1.875871E-01,0.000000E+00,0.000000E+00,1.875871E-01,3.852909E+03,1.148855E+00,1.389535E+04,1.422149E+04,3.765925E-01,2.011447E+04,1.875871E-01,0.000000E+00,0.000000E+00
18:10:00,2.438871E-01,5.107302E+03,1.536178E+00,1.844216E+04,2.027132E+04,7.424303E-01,3.349072E+04,2.438871E-01,0.000000E+00,0.000000E+00,1.990782E+00,4.168948E+04,6.781320E+00,8.625323E+04,8.719720E+04,1.990782E+00,1.552353E+05,1.990782E+00,0.000000E+00,0.000000E+00,1.875871E-01,3.928308E+03,8.740499E-01,1.075193E+04,1.094735E+04,3.759272E-01,2.009516E+04,1.875871E-01,0.000000E+00,0.000000E+00,1.875871E-01,3.928308E+03,1.138458E+00,1.370387E+04,1.402428E+04,3.759449E-01,2.009567E+04,1.875871E-01,0.000000E+00,0.000000E+00
18:20:00,2.438871E-01,5.205331E+03,1.528001E+00,1.825284E+04,2.007466E+04,7.409258E-01,3.344705E+04,2.438871E-01,0.000000E+00,0.000000E+00,1.990782E+00,4.248966E+04,6.737453E+00,8.496332E+04,8.585130E+04,1.990782E+00,1.552353E+05,1.990782E+00,0.000000E+00,0.000000E+00,1.875871E-01,4.003707E+03,8.639189E-01,1.056342E+04,1.075179E+04,3.752902E-01,2.007667E+04,1.875871E-01,0.000000E+00,0.000000E+00,1.875871E-01,4.003707E+03,1.128225E+00,1.351423E+04,1.382899E+04,3.753079E-01,2.007718E+04,1.875871E-01,0.000000E+00,0.000000E+00
18:30:00,2.438871E-01,5.303360E+03,1.519221E+00,1.805679E+04,1.987050E+04,7.394456E-01,3.340407E+04,2.438871E-01,0.000000E+00,0.000000E+00,1.990782E+00,4.328984E+04,6.692906E+00,8.366582E+04,8.449673E+04,1.990782E+00,1.552353E+05,1.990782E+00,0.000000E+00,0.000000E+00,1.875871E-01,4.079107E+03,8.537967E-01,1.037501E+04,1.055621E+04,3.746632E-01,2.005846E+04,1.875871E-01,0.000000E+00,0.000000E+00,1.875871E-01,4.079107E+03,1.118008E+00,1.332475E+04,1.363389E+04,3.746809E-01,2.005898E+04,1.875871E-01,0.000000E+00,0.000000E+00
18:40:00,2.438871E-01,5.401389E+03,1.509756E+00,1.785309E+04,1.965788E+04,7.379891E-01,3.336179E+04,2.438871E-01,0.000000E+00,0.000000E+00,1.990782E+00,4.409002E+04,6.647703E+00,8.236099E+04,8.313387E+04,1.990782E+00,1.552353E+05,1.990782E+00,0.000000E+00,0.000000E+00,1.875871E-01,4.154506E+03,8.436082E-01,1.018586E+04,1.035970E+04,3.740455E-01,2.004053E+04,1.875871E-01,0.000000E+00,0.000000E+00,1.875871E-01,4.154506E+03,1.107730E+00,1.313461E+04,1.343804E+04,3.740631E-01,2.004104E+04,1.875871E-01,0.000000E+00,0.000000E+00
18:50:00,2.438871E-01,5.499417E+03,1.499498E+00,1.764054E+04,1.943546E+04,7.365558E-01,3.332018E+04,2.438871E-01,0.000000E+00,0.000000E+00,1.990782E+00,4.489020E+04,6.601821E+00,8.104859E+04,8.176236E+04,1.990782E+00,1.552353E+05,1.990782E+00,0.000000E+00,0.000000E+00,1.875871E-01,4.229906E+03,8.332962E-01,9.995335E+03,1.016154E+04,3.734366E-01,2.002285E+04,1.875871E-01,0.000000E+00,0.000000E+00,1.875871E-01,4.229906E+03,1.097333E+00,1.294313E+04,1.324074E+04,3.734542E-01,2.002337E+04,1.875871E-01,0.000000E+00,0.000000E+00
19:00:00,2.438871E-01,5.597446E+03,1.488195E+00,1.741633E+04,1.919988E+04,7.351452E-01,3.327923E+04,2.438871E-01,0.000000E+00,0.000000E+00,1.990782E+00,4.569038E+04,6.555211E+00,7.972806E+04,8.038145E+04,1.990782E+00,1.552353E+05,1.990782E+00,0.000000E+00,0.000000E+00,1.875871E-01,4.305305E+03,8.226630E-01,9.801223E+03,9.959173E+03,3.728364E-01,2.000543E+04,1.875871E-01,0.000000E+00,0.000000E+00,1.875871E-01,4.305305E+03,1.086614E+00,1.274805E+04,1.303939E+04,3.728540E-01,2.000594E+04,1.875871E-01,0.000000E+00,0.000000E+00
19:10:00,2.438871E-01,5.669334E+03,1.476136E+00,1.720982E+04,1.898218E+04,7.337567E-01,3.323892E+04,2.438871E-01,0.000000E+00,0.000000E+00,1.990782E+00,4.627718E+04,6.508069E+00,7.861496E+04,7.921137E+04,1.990782E+00,1.552353E+05,1.990782E+00,0.000000E+00,0.000000E+00,1.875871E-01,4.360598E+03,8.119492E-01,9.626317E+03,9.776477E+03,3.722447E-01,1.998825E+04,1.875871E-01,0.000000E+00,0.000000E+00,1.875871E-01,4.360598E+03,1.075815E+00,1.257220E+04,1.285785E+04,3.722623E-01,1.998876E+04,1.875871E-01,0.000000E+00,0.000000E+00
19:20:00,2.438871E-01,5.741222E+03,1.463309E+00,1.699473E+04,1.875527E+04,7.323899E-01,3.319924E+04,2.438871E-01,0.000000E+00,0.000000E+00,1.990782E+00,4.686398E+04,6.460524E+00,7.749738E+04,7.803611E+04,1.990782E+00,1.552353E+05,1.990782E+00,0.000000E+00,0.000000E+00,1.875871E-01,4.415891E+03,8.011863E-01,9.450863E+03,9.593183E+03,3.716616E-01,1.997133E+04,1.875871E-01,0.000000E+00,0.000000E+00,1.875871E-01,4.415891E+03,1.064970E+00,1.239583E+04,1.267581E+04,3.716792E-01,1.997184E+04,1.875871E-01,0.000000E+00,0.000000E+00
19:30:00,2.438871E-01,5.813110E+03,1.449686E+00,1.677076E+04,1.851857E+04,7.310443E-01,3.316018E+04,2.438871E-01,0.000000E+00,0.000000E+00,1.990782E+00,4.745078E+04,6.412731E+00,7.637702E+04,7.685749E+04,1.990782E+00,1.552353E+05,1.990782E+00,0.000000E+00,0.000000E+00,1.875871E-01,4.471184E+03,7.903977E-01,9.275124E+03,9.409395E+03,3.710876E-01,1.995466E+04,1.875871E-01,0.000000E+00,0.000000E+00,1.875871E-01,4.471184E+03,1.054101E+00,1.221919E+04,1.249335E+04,3.711052E-01,1.995517E+04,1.875871E-01,0.000000E+00,0.000000E+00
19:40:00,2.438871E-01,5.884997E+03,1.435063E+00,1.653562E+04,1.826924E+04,7.297194E-01,3.312171E+04,2.438871E-01,0.000000E+00,0.000000E+00,1.990782E+00,4.803758E+04,6.364846E+00,7.525562E+04,7.567729E+04,1.990782E+00,1.552353E+05,1.990782E+00,0.000000E+00,0.000000E+00,1.875871E-01,4.526476E+03,7.796070E-01,9.099359E+03,9.225327E+03,3.705230E-01,1.993827E+04,1.875871E-01,0.000000E+00,0.000000E+00,1.875871E-01,4.526476E+03,1.043231E+00,1.204254E+04,1.231069E+04,3.705405E-01,1.993878E+04,1.875871E-01,0.000000E+00,0.000000E+00
19:50:00,2.438871E-01,5.956885E+03,1.419046E+00,1.628492E+04,1.800217E+04,7.284148E-01,3.308384E+04,2.438871E-01,0.000000E+00,0.000000E+00,1.990782E+00,4.862438E+04,6.316912E+00,7.413370E+04,7.449595E+04,1.990782E+00,1.552353E+05,1.990782E+00,0.000000E+00,0.000000E+00,1.875871E-01,4.581769E+03,7.688112E-01,8.923538E+03,9.040932E+03,3.699677E-01,1.992215E+04,1.875871E-01,0.000000E+00,0.000000E+00,1.875871E-01,4.581769E+03,1.032355E+00,1.186583E+04,1.212777E+04,3.699852E-01,1.992266E+04,1.875871E-01,0.000000E+00,0.000000E+00
20:00:00,2.438871E-01,6.028773E+03,1.402107E+00,1.602392E+04,1.772469E+04,7.271301E-01,3.304654E+04,2.438871E-01,0.000000E+00,0.000000E+00,1.990782E+00,4.921119E+04,6.269199E+00,7.301423E+04,7.331716E+04,1.990782E+00,1.552353E+05,1.990782E+00,0.000000E+00,0.000000E+00,1.875871E-01,4.637062E+03,7.582282E-01,8.750093E+03,8.859136E+03,3.694218E-01,1.990630E+04,1.875871E-01,0.000000E+00,0.000000E+00,1.875871E-01,4.637062E+03,1.021697E+00,1.169154E+04,1.194752E+04,3.694393E-01,1.990681E+04,1.875871E-01,0.000000E+00,0.000000E+00
20:10:00,2.438871E-01,6.087590E+03,1.383971E+00,1.576271E+04,1.744805E+04,7.258648E-01,3.300981E+04,2.438871E-01,0.000000E+00,0.000000E+00,1.990782E+00,4.969129E+04,6.221255E+00,7.199918E+04,7.224720E+04,1.990782E+00,1.552353E+05,1.990782E+00,0.000000E+00,0.000000E+00,1.875871E-01,4.682302E+03,7.475050E-01,8.585167E+03,8.686392E+03,3.688850E-01,1.989072E+04,1.875871E-01,0.000000E+00,0.000000E+00,1.875871E-01,4.682302E+03,1.010888E+00,1.152567E+04,1.177640E+04,3.689025E-01,1.989123E+04,1.875871E-01,0.000000E+00,0.000000E+00
20:20:00,2.438871E-01,6.146408E+03,1.366334E+00,1.550715E+04,1.717104E+04,7.246185E-01,3.297363E+04,2.438871E-01,0.000000E+00,0.000000E+00,1.990782E+00,5.017140E+04,6.174229E+00,7.099470E+04,7.116961E+04,1.990782E+00,1.552353E+05,1.990782E+00,0.000000E+00,0.000000E+00,1.875871E-01,4.727541E+03,7.370451E-01,8.423212E+03,8.513863E+03,3.683569E-01,1.987539E+04,1.875871E-01,0.000000E+00,0.000000E+00,1.875871E-01,4.727541E+03,1.000349E+00,1.136286E+04,1.160642E+04,3.683744E-01,1.987589E+04,1.875871E-01,0.000000E+00,0.000000E+00
20:30:00,2.438871E-01,6.205225E+03,1.349728E+00,1.526308E+04,1.691376E+04,7.233909E-01,3.293799E+04,2.438871E-01,0.000000E+00,0.000000E+00,1.990782E+00,5.065151E+04,6.129340E+00,7.001408E+04,7.013697E+04,1.990782E+00,1.552353E+05,1.990782E+00,0.000000E+00,0.000000E+00,1.875871E-01,4.772781E+03,7.271023E-01,8.267031E+03,8.350517E+03,3.678369E-01,1.986029E+04,1.875871E-01,0.000000E+00,0.000000E+00,1.875871E-01,4.772781E+03,9.903421E-01,1.120599E+04,1.144496E+04,3.678544E-01,1.986080E+04,1.875871E-01,0.000000E+00,0.000000E+00
20:40:00,2.438871E-01,6.264042E+03,1.334341E+00,1.503250E+04,1.666937E+04,7.221814E-01,3.290288E+04,2.438871E-01,0.000000E+00,0.000000E+00,1.990782E+00,5.113162E+04,6.085833E+00,6.904831E+04,6.911658E+04,1.990782E+00,1.552353E+05,1.990782E+00,0.000000E+00,0.000000E+00,1.875871E-01,4.818021E+03,7.176698E-01,8.116488E+03,8.192212E+03,3.673246E-01,1.984542E+04,1.875871E-01,0.000000E+00,0.000000E+00,1.875871E-01,4.818021E+03,9.808657E-01,1.105497E+04,1.128847E+04,3.673420E-01,1.984592E+04,1.875871E-01,0.000000E+00,0.000000E+00
20:50:00,2.438871E-01,6.322860E+03,1.321052E+00,1.482531E+04,1.645622E+04,7.209997E-01,3.286858E+04,2.438871E-01,0.000000E+00,0.000000E+00,1.990782E+00,5.161173E+04,6.045103E+00,6.811348E+04,6.814345E+04,1.990782E+00,1.552353E+05,1.990782E+00,0.000000E+00,0.000000E+00,1.875871E-01,4.863260E+03,7.089411E-01,7.973795E+03,8.044123E+03,3.668233E-01,1.983086E+04,1.875871E-01,0.000000E+00,0.000000E+00,1.875871E-01,4.863260E+03,9.721103E-01,1.091197E+04,1.114154E+04,3.668407E-01,1.983137E+04,1.875871E-01,0.000000E+00,0.000000E+00
21:00:00,2.438871E-01,6.381677E+03,1.309746E+00,1.464026E+04,1.626485E+04,7.198329E-01,3.283470E+04,2.438871E-01,0.000000E+00,0.000000E+00,1.990782E+00,5.209184E+04,6.007061E+00,6.720865E+04,6.719612E+04,1.990782E+00,1.552353E+05,1.990782E+00,0.000000E+00,0.000000E+00,1.875871E-01,4.908500E+03,7.009064E-01,7.838848E+03,7.902802E+03,3.663284E-01,1.981650E+04,1.875871E-01,0.000000E+00,0.000000E+00,1.875871E-01,4.908500E+03,9.640670E-01,1.077693E+04,1.100154E+04,3.663459E-01,1.981701E+04,1.875871E-01,0.000000E+00,0.000000E+00
21:10:00,2.438871E-01,6.440494E+03,1.087319E+00,1.221955E+04,1.342926E+04,5.993732E-01,2.933766E+04,2.438871E-01,0.000000E+00,0.000000E+00,1.990782E+00,5.257195E+04,4.990249E+00,5.586441E+04,5.396739E+04,1.990782E+00,1.552353E+05,1.990782E+00,0.000000E+00,0.000000E+00,1.875871E-01,4.953740E+03,5.808574E-01,6.525385E+03,6.428543E+03,3.050669E-01,1.803802E+04,1.875871E-01,0.000000E+00,0.000000E+00,1.875871E-01,4.953740E+03,8.001623E-01,9.055542E+03,9.160255E+03,3.050815E-01,1.803845E+04,1.875871E-01,0.000000E+00,0.000000E+00
21:20:00,2.438871E-01,6.499311E+03,8.668096E-01,9.900213E+03,1.082236E+04,4.791136E-01,2.584642E+04,2.438871E-01,0.000000E+00,0.000000E+00,1.990782E+00,5.305206E+04,3.980513E+00,4.480646E+04,4.139573E+04,1.990782E+00,1.552353E+05,1.990782E+00,0.000000E+00,0.000000E+00,1.875871E-01,4.998979E+03,4.623121E-01,5.257618E+03,5.050838E+03,2.438899E-01,1.626200E+04,1.875871E-01,0.000000E+00,0.000000E+00,1.875871E-01,4.998979E+03,6.377662E-01,7.433749E+03,7.535246E+03,2.439016E-01,1.626234E+04,1.875871E-01,0.000000E+00,0.000000E+00
21:30:00,2.438871E-01,6.558129E+03,6.478398E-01,7.462978E+03,7.733077E+03,3.590511E-01,2.236090E+04,2.438871E-01,0.000000E+00,0.000000E+00,1.990782E+00,5.353217E+04,2.976585E+00,3.302393E+04,2.627810E+04,1.990782E+00,1.552353E+05,1.990782E+00,0.000000E+00,0.000000E+00,1.875871E-01,5.044219E+03,3.450075E-01,3.910073E+03,3.411062E+03,1.875871E-01,1.462748E+04,1.875871E-01,0.000000E+00,0.000000E+00,1.875871E-01,5.044219E+03,4.766075E-01,5.658191E+03,5.476015E+03,1.875871E-01,1.462748E+04,1.875871E-01,0.000000E+00,0.000000E+00
21:40:00,2.438871E-01,6.616946E+03,4.305470E-01,4.856313E+03,4.299116E+03,2.438871E-01,1.901759E+04,2.438871E-01,0.000000E+00,0.000000E+00,1.990782E+00,5.401228E+04,1.990782E+00,2.044909E+04,9.583743E+03,1.990782E+00,1.552353E+05,1.990782E+00,0.000000E+00,0.000000E+00,1.875871E-01,5.089459E+03,2.289418E-01,2.458205E+03,1.579953E+03,1.875871E-01,1.462748E+04,1.875871E-01,0.000000E+00,0.000000E+00,1.875871E-01,5.089459E+03,3.166795E-01,3.670780E+03,3.052030E+03,1.875871E-01,1.462748E+04,1.875871E-01,0.000000E+00,0.000000E+00
21:50:00,2.438871E-01,6.675763E+03,2.438871E-01,2.446364E+03,1.114363E+03,2.438871E-01,1.901759E+04,2.438871E-01,0.000000E+00,0.000000E+00,1.990782E+00,5.449239E+04,1.990782E+00,1.996898E+04,9.096233E+03,1.990782E+00,1.552353E+05,1.990782E+00,0.000000E+00,0.000000E+00,1.875871E-01,5.134698E+03,1.875871E-01,1.881634E+03,8.571182E+02,1.875871E-01,1.462748E+04,1.875871E-01,0.000000E+00,0.000000E+00,1.875871E-01,5.134698E+03,1.875871E-01,1.881634E+03,8.571182E+02,1.875871E-01,1.462748E+04,1.875871E-01,0.000000E+00,0.000000E+00
22:00:00,2.438871E-01,6.734581E+03,2.438871E-01,2.387547E+03,1.054639E+03,2.438871E-01,1.901759E+04,2.438871E-01,0.000000E+00,0.000000E+00,1.990782E+00,5.497249E+04,1.990782E+00,1.948887E+04,8.608726E+03,1.990782E+00,1.552353E+05,1.990782E+00,0.000000E+00,0.000000E+00,1.875871E-01,5.179938E+03,1.875871E-01,1.836394E+03,8.111814E+02,1.875871E-01,1.462748E+04,1.875871E-01,0.000000E+00,0.000000E+00,1.875871E-01,5.179938E+03,1.875871E-01,1.836394E+03,8.111814E+02,1.875871E-01,1.462748E+04,1.875871E-01,0.000000E+00,0.000000E+00
22:10:00,2.438871E-01,6.780327E+03,2.438871E-01,2.341800E+03,1.008191E+03,2.438871E-01,1.901759E+04,2.438871E-01,0.000000E+00,0.000000E+00,1.990782E+00,5.534591E+04,1.990782E+00,1.911546E+04,8.229579E+03,1.990782E+00,1.552353E+05,1.990782E+00,0.000000E+00,0.000000E+00,1.875871E-01,5.215124E+03,1.875871E-01,1.801208E+03,7.754552E+02,1.875871E-01,1.462748E+04,1.875871E-01,0.000000E+00,0.000000E+00,1.875871E-01,5.215124E+03,1.875871E-01,1.801208E+03,7.754552E+02,1.875871E-01,1.462748E+04,1.875871E-01,0.000000E+00,0.000000E+00
22:20:00,2.438871E-01,6.826074E+03,2.438871E-01,2.296053E+03,9.617383E+02,2.438871E-01,1.901759E+04,2.438871E-01,0.000000E+00,0.000000E+00,1.990782E+00,5.571933E+04,1.990782E+00,1.874204E+04,7.850400E+03,1.990782E+00,1.552353E+05,1.990782E+00,0.000000E+00,0.000000E+00,1.875871E-01,5.250311E+03,1.875871E-01,1.766021E+03,7.397260E+02,1.875871E-01,1.462748E+04,1.875871E-01,0.000000E+00,0.000000E+00,1.875871E-01,5.250311E+03,1.875871E-01,1.766021E+03,7.397260E+02,1.875871E-01,1.462748E+04,1.875871E-01,0.000000E+00,0.000000E+00
22:30:00,2.438871E-01,6.871821E+03,2.438871E-01,2.250306E+03,9.152900E+02,2.438871E-01,1.901759E+04,2.438871E-01,0.000000E+00,0.000000E+00,1.990782E+00,5.609275E+04,1.990782E+00,1.836862E+04,7.471256E+03,1.990782E+00,1.552353E+05,1.990782E+00,0.000000E+00,0.000000E+00,1.875871E-01,5.285497E+03,1.875871E-01,1.730835E+03,7.040001E+02,1.875871E-01,1.462748E+04,1.875871E-01,0.000000E+00,0.000000E+00,1.875871E-01,5.285497E+03,1.875871E-01,1.730835E+03,7.040001E+02,1.875871E-01,1.462748E+04,1.875871E-01,0.000000E+00,0.000000E+00
22:40:00,2.438871E-01,6.917568E+03,2.438871E-01,2.204559E+03,8.688416E+02,2.438871E-01,1.901759E+04,2.438871E-01,0.000000E+00,0.000000E+00,1.990782E+00,5.646617E+04,1.990782E+00,1.799520E+04,7.092111E+03,1.990782E+00,1.552353E+05,1.990782E+00,0.000000E+00,0.000000E+00,1.875871E-01,5.320683E+03,1.875871E-01,1.695648E+03,6.682741E+02,1.875871E-01,1.462748E+04,1.875871E-01,0.000000E+00,0.000000E+00,1.875871E-01,5.320683E+03,1.875871E-01,1.695648E+03,6.682741E+02,1.875871E-01,1.462748E+04,1.875871E-01,0.000000E+00,0.000000E+00
22:50:00,2.438871E-01,6.963315E+03,2.438871E-01,2.158813E+03,8.223901E+02,2.438871E-01,1.901759E+04,2.438871E-01,0.000000E+00,0.000000E+00,1.990782E+00,5.683959E+04,1.990782E+00,1.762178E+04,6.712940E+03,1.990782E+00,1.552353E+05,1.990782E+00,0.000000E+00,0.000000E+00,1.875871E-01,5.355870E+03,1.875871E-01,1.660462E+03,6.325456E+02,1.875871E-01,1.462748E+04,1.875871E-01,0.000000E+00,0.000000E+00,1.875871E-01,5.355870E+03,1.875871E-01,1.660462E+03,6.325456E+02,1.875871E-01,1.462748E+04,1.875871E-01,0.000000E+00,0.000000E+00
23:00:00,2.438871E-01,7.009061E+03,2.438871E-01,2.113066E+03,7.759422E+02,2.438871E-01,1.901759E+04,2.438871E-01,0.000000E+00,0.000000E+00,1.990782E+00,5.721300E+04,1.990782E+00,1.724836E+04,6.333799E+03,1.990782E+00,1.552353E+05,1.990782E+00,0.000000E+00,0.000000E+00,1.875871E-01,5.391056E+03,1.875871E-01,1.625276E+03,5.968200E+02,1.875871E-01,1.462748E+04,1.875871E-01,0.000000E+00,0.000000E+00,1.875871E-01,5.391056E+03,1.875871E-01,1.625276E+03,5.968200E+02,1.875871E-01,1.462748E+04,1.875871E-01,0.000000E+00,0.000000E+00
23:10:00,2.438871E-01,7.054808E+03,2.438871E-01,2.067319E+03,7.294947E+02,2.438871E-01,1.901759E+04,2.438871E-01,0.000000E+00,0.000000E+00,1.990782E+00,5.758642E+04,1.990782E+00,1.687495E+04,5.954661E+03,1.990782E+00,1.552353E+05,1.990782E+00,0.000000E+00,0.000000E+00,1.875871E-01,5.426242E+03,1.875871E-01,1.590089E+03,5.610947E+02,1.875871E-01,1.462748E+04,1.875871E-01,0.000000E+00,0.000000E+00,1.875871E-01,5.426242E+03,1.875871E-01,1.590089E+03,5.610947E+02,1.875871E-01,1.462748E+04,1.875871E-01,0.000000E+00,0.000000E+00
23:20:00,2.438871E-01,7.100555E+03,2.438871E-01,2.021572E+03,6.830436E+02,2.438871E-01,1.901759E+04,2.438871E-01,0.000000E+00,0.000000E+00,1.990782E+00,5.795984E+04,1.990782E+00,1.650153E+04,5.575493E+03,1.990782E+00,1.552353E+05,1.990782E+00,0.000000E+00,0.000000E+00,1.875871E-01,5.461429E+03,1.875871E-01,1.554903E+03,5.253665E+02,1.875871E-01,1.462748E+04,1.875871E-01,0.000000E+00,0.000000E+00,1.875871E-01,5.461429E+03,1.875871E-01,1.554903E+03,5.253665E+02,1.875871E-01,1.462748E+04,1.875871E-01,0.000000E+00,0.000000E+00
23:30:00,2.438871E-01,7.146302E+03,2.438871E-01,1.975826E+03,6.365966E+02,2.438871E-01,1.901759E+04,2.438871E-01,0.000000E+00,0.000000E+00,1.990782E+00,5.833326E+04,1.990782E+00,1.612811E+04,5.196360E+03,1.990782E+00,1.552353E+05,1.990782E+00,0.000000E+00,0.000000E+00,1.875871E-01,5.496615E+03,1.875871E-01,1.519717E+03,4.896416E+02,1.875871E-01,1.462748E+04,1.875871E-01,0.000000E+00,0.000000E+00,1.875871E-01,5.496615E+03,1.875871E-01,1.519717E+03,4.896416E+02,1.875871E-01,1.462748E+04,1.875871E-01,0.000000E+00,0.000000E+00
23:40:00,2.438871E-01,7.192048E+03,2.438871E-01,1.930079E+03,5.901460E+02,2.438871E-01,1.901759E+04,2.438871E-01,0.000000E+00,0.000000E+00,1.990782E+00,5.870668E+04,1.990782E+00,1.575469E+04,4.817197E+03,1.990782E+00,1.552353E+05,1.990782E+00,0.000000E+00,0.000000E+00,1.875871E-01,5.531802E+03,1.875871E-01,1.484530E+03,4.539139E+02,1.875871E-01,1.462748E+04,1.875871E-01,0.000000E+00,0.000000E+00,1.875871E-01,5.531802E+03,1.875871E-01,1.484530E+03,4.539139E+02,1.875871E-01,1.462748E+04,1.875871E-01,0.000000E+00,0.000000E+00
23:50:00,2.438871E-01,7.237795E+03,2.438871E-01,1.884332E+03,5.436994E+02,2.438871E-01,1.901759E+04,2.438871E-01,0.000000E+00,0.000000E+00,1.990782E+00,5.908009E+04,1.990782E+00,1.538127E+04,4.438066E+03,1.990782E+00,1.552353E+05,1.990782E+00,0.000000E+00,0.000000E+00,1.875871E-01,5.566988E+03,1.875871E-01,1.449344E+03,4.181893E+02,1.875871E-01,1.462748E+04,1.875871E-01,0.000000E+00,0.000000E+00,1.875871E-01,5.566988E+03,1.875871E-01,1.449344E+03,4.181893E+02,1.875871E-01,1.462748E+04,1.875871E-01,0.000000E+00,0.000000E+00
24:00:00,2.438871E-01,7.283542E+03,2.438871E-01,1.838585E+03,4.972530E+02,2.438871E-01,1.901759E+04,2.438871E-01,0.000000E+00,0.000000E+00,1.990782E+00,5.945351E+04,1.990782E+00,1.500786E+04,4.058937E+03,1.990782E+00,1.552353E+05,1.990782E+00,0.000000E+00,0.000000E+00,1.875871E-01,5.602174E+03,1.875871E-01,1.414157E+03,3.824647E+02,1.875871E-01,1.462748E+04,1.875871E-01,0.000000E+00,0.000000E+00,1.875871E-01,5.602174E+03,1.875871E-01,1.414157E+03,3.824647E+02,1.875871E-01,1.462748E+04,1.875871E-01,0.000000E+00,0.000000E+00
Coinc Peak   ,1.075226E+00,1.886826E+00,4.332488E+04,2.102611E+04,2.430773E+00,8.155732E+00,1.681064E+05,1.028609E+05,5.268101E-01,1.159576E+00,2.452522E+04,1.473883E+04,5.268307E-01,1.436068E+00,2.452582E+04,1.781830E+04
NonCoinc Peak,1.075226E+00,1.850623E+00,4.332488E+04,2.102611E+04,2.430773E+00,7.968086E+00,1.681064E+05,1.028609E+05,5.268101E-01,1.159576E+00,2.452522E+04,1.473883E+04,5.268307E-01,1.436068E+00,2.452582E+04,1.781830E+04
