{
  "create_doe_prototype_building": {
    "building_type": "RetailStandalone",
    "template": "90.1-2016",
    "climate_zone": "ASHRAE 169-2013-6B",
    "epw_file": "Not Applicable",
    "applicable": true
  },
  "add_meter": {
    "meter_name": "ElectricityPurchased:Facility",
    "reporting_frequency": "timestep",
    "applicable": true
  },
  "add_meter_2": {
    "meter_name": "ElectricityNet:Facility",
    "reporting_frequency": "timestep",
    "applicable": true
  },
  "add_meter_2_2": {
    "meter_name": "ElectricityProduced:Facility",
    "reporting_frequency": "timestep",
    "applicable": true
  },
  "add_meter_2_2_2": {
    "meter_name": "Diesel:Facility",
    "reporting_frequency": "timestep",
    "applicable": true
  },
  "add_meter_2_2_2_2": {
    "meter_name": "Carbon Equivalent:Facility",
    "reporting_frequency": "timestep",
    "applicable": true
  },
  "add_meter_2_2_2_2_2": {
    "meter_name": "CarbonEquivalentEmissions:Carbon Equivalent",
    "reporting_frequency": "timestep",
    "applicable": true
  },
  "add_diesel_generator_one_distribution_center": {
    "batt_storage_capacity": 300.0,
    "batt_discharge_power": 100.0,
    "batt_min_soc": 0.2,
    "batt_max_soc": 0.8,
    "batt_initial_charge": 0.1,
    "generator": "80kW Diesel",
    "pv_power": 10.0,
    "applicable": true
  },
  "export_meterto_csv": {
    "meter_name": "ElectricityPurchased:Facility",
    "reporting_frequency": "Zone Timestep",
    "applicable": true
  },
  "export_meterto_csv_2": {
    "meter_name": "ElectricityNet:Facility",
    "reporting_frequency": "Zone Timestep",
    "applicable": true
  },
  "export_meterto_csv_2_2": {
    "meter_name": "ElectricityProduced:Facility",
    "reporting_frequency": "Zone Timestep",
    "applicable": true
  },
  "export_meterto_csv_2_2_2": {
    "meter_name": "Diesel:Facility",
    "reporting_frequency": "Zone Timestep",
    "applicable": true
  },
  "export_meterto_csv_2_2_2_2": {
    "meter_name": "Carbon Equivalent:Facility",
    "reporting_frequency": "Zone Timestep",
    "applicable": true
  },
  "export_meterto_csv_2_2_2_2_2": {
    "meter_name": "CarbonEquivalentEmissions:Carbon Equivalent",
    "reporting_frequency": "Zone Timestep",
    "applicable": true
  }
}